text,intent,source
kaunsi medicine use karu,disease,disease.json
क्या आज स्प्रे करना सुरक्षित है,weather,weather.json
बिना इंटरनेट के ऐप चलेगा क्या,general,general.csv
प्रगति,general,general.json
best crop for my village,crop,crop.json
is cumin profitable in rajasthan,crop,crop.json
soybean mein yellow mosaic virus ho gaya hai,disease,disease.csv
support chahiye,general,general.json
welcome back,greeting,greeting.json
please recommend the best way to use this application every day.,general,general.json
npk fertilizer,fertilizer,fertilizer.json
"khamma ghani sa, mhane thane dekh ne ghani khushi hui.",greeting,greeting.json
udaipur weather,weather,weather.json
आज बादळ घणा आवसी के,weather,weather.json
terms conditions,general,general.json
chote kisan ke liye sabse sasta tractor kaunsa hai,machinery,machinery.csv
which mandi should i choose today,market,market.json
आज मौसम कैसा रहेगा,weather,weather.csv
राजस्थान में बागवानी पर सब्सिडी मिलती है क्या,government,government.csv
मेरी जमीन काली मिट्टी की है कौन सी फसल उगाऊं?,crop,crop.csv
sarso ki fali kharab ho gayi,disease,disease.json
बड़ी मंडी,market,market.json
"म्हूं पहली बार खेती करूं, काई बोऊँ?",crop,crop.json
कल का मौसम,weather,weather.json
गेहू,crop,crop.json
government help chahiye,government,government.json
थारो स्वागत सा,greeting,greeting.json
जिंक की कमी है क्या,soil,soil.json
sat sri akal ji,greeting,greeting.json
"rice mein blast disease ho gayi hai, kya spray karein?",disease,disease.json
सवाई माधोपुर मंडी भाव,market,market.json
आज जोधपुर मंडी में जीरे का रेट कितना है,market,market.json
where can i apply for crop insurance?,government,government.json
चने का सबसे अच्छा बीज कौन सा है,seed,seed.csv
दिखाओ,general,general.json
bajra mein rust disease ka attack ho gaya hai,disease,disease.csv
crop ko kya problem hai,disease,disease.json
ୟୁରିଆ କେତେ ଦେବା ଉଚିତ,fertilizer,fertilizer.json
agri startup,government,government.json
green gram yellow mosaic,disease,disease.json
will wheat prices increase tomorrow,market,market.json
రేట్,market,market.json
pm kisan ekyc kaise kare?,government,government.json
jan aadhaar,government,government.json
बीमा योजना,government,government.json
sheep subsidy,government,government.json
क्या अगले सप्ताह सरसों महंगी होगी,market,market.json
are you online,general,general.json
flood warning,weather,weather.json
"म्हाने जैविक खेती करनी है, कांई बोवां?",crop,crop.json
namaskar sabhi doston ko.,greeting,greeting.json
मेरे खेत में इस बार क्या बोना चाहिए?,crop,crop.json
raj kisan portal me farmer registration kaise kare?,government,government.json
krishi vigyan kendra kaha hai,government,government.json
agronomist,disease,disease.json
प्रधानमंत्री उज्ज्वला योजना,government,government.json
आज हवा की गुणवत्ता कैसी है,weather,weather.json
आ सीजन में काई खेती करूं?,crop,crop.json
चना बेचना है,market,market.json
"मेरी मूंग में पाउडरी मिल्ड्यू रोग है, दवाई बताओ",disease,disease.json
खम्मा घणी म्हारा मित्र,greeting,greeting.json
जीरे में झुलसा तेजी से फैल रहा है।,disease,disease.json
नीम कोटेड यूरिया,fertilizer,fertilizer.json
म्हूं खेत खातर काई फसल पसंद करूं?,crop,crop.json
sprayer machine price kitni hai market mein,machinery,machinery.csv
राज किसान पोर्टल पर कौन-कौन सी योजनाओं का लाभ मिलता है?,government,government.json
फेर मिलां सा,greeting,greeting.json
जीरा बेचने के लिए किस मंडी में जाना चाहिए,market,market.json
क्या मैं इस ऐप में अपनी भाषा बदल सकता हूँ और अपनी पसंद की भाषा में बात कर सकता हूँ?,general,general.json
थांने फेर देख आनंद आयो,greeting,greeting.json
july me kaunsi crop boya jaye,crop,crop.json
स्कैन,disease,disease.json
सब्सिडी,government,government.json
आपातकाल,disease,disease.json
namaskar farmer,greeting,greeting.json
natural farming me kaunsi fasal ugau,crop,crop.json
आज मंडी में सबसे ज्यादा खरीदी किस फसल की हो रही है,market,market.json
झुलसा रोग,disease,disease.json
म्हारा खेत में फ्यूजेरियम विल्ट है।,disease,disease.json
kal ka mausam spray ke liye sahi rahega kya,weather,weather.csv
bikaner,crop,crop.json
wind direction,weather,weather.json
फसल चुनने में मेरी मदद करें।,crop,crop.json
rkvy scheme kya hai?,government,government.json
म्हाने खेती री सलाह देवो,weather,weather.json
mothbeanrajasthan,crop,crop.json
म्हारा जीरा में ब्लाइट लाग गयो।,disease,disease.json
government help,government,government.json
फसल सूख रही,disease,disease.json
crop insurance claim rejected kya karein,government,government.csv
pranam sabhi mitron ko.,greeting,greeting.json
आज खरीद,market,market.json
scheme,government,government.json
म्हाने सही दवाई बतावो सा।,disease,disease.json
hello kisan,greeting,greeting.json
राम राम जी सा,greeting,greeting.json
crop disease,disease,disease.json
suggest a drought tolerant crop.,crop,crop.json
"मेरे खेत में पिछले साल अलसी था, अब क्या बोऊं?",crop,crop.json
मूंग की फसल में वायरस है क्या?,disease,disease.json
पीछे जाओ,general,general.json
"म्हाने डिजिटल किसान आईडी बनवाणी है, थूं पूरा तरीका बतावो।",government,government.json
hadoti,crop,crop.json
फसल बीमा का पैसा अभी तक नहीं आया।,government,government.json
पत्तियों पर पीले गोल धब्बे बन रहे हैं।,disease,disease.json
cloudy,weather,weather.json
good evening,greeting,greeting.json
माइक से बात कैसे करें,general,general.csv
बीज खराब हो गया है कैसे पता करें,seed,seed.csv
future crop planning,crop,crop.json
rashtriya krishi vikas yojana,government,government.json
मैं चाहता हूँ कि यह ऐप मेरी खेती का डिजिटल साथी बनकर हर समय मेरी मदद करे।,general,general.json
weather in my area,weather,weather.json
amla,crop,crop.json
hi8759,crop,crop.json
result,disease,disease.json
बोरॉन खाद,fertilizer,fertilizer.json
"मेरे खेत में पिछले साल जौ था, अब क्या बोऊं?",crop,crop.json
म्हारो प्रणाम स्वीकार करो,greeting,greeting.json
മണ്ണ് പരിശോധന ഫലം പറയൂ,soil,soil.json
rot,disease,disease.json
ग्वार रो भाव किण चल रयो है,market,market.json
kya yeh app chote kisan ke liye bhi hai,general,general.csv
म्हाने कम पाणी री फसल बतावो।,crop,crop.json
"hello everyone, welcome back.",greeting,greeting.json
crop me same problem hai,disease,disease.json
ipm2057,crop,crop.json
best spray for fungal disease,disease,disease.json
म्हारी फसल रो ai जांच करो।,disease,disease.json
menu dikhao,general,general.json
barley price,market,market.json
सरसों बेचनी है,market,market.json
alkalinesoil,crop,crop.json
mere khet ki soil ke hisab se crop suggest karo,crop,crop.json
how to lower soil ph naturally?,soil,soil.csv
crop disease ka treatment batao,disease,disease.json
highprofitcrop,crop,crop.json
थारी राह देखसू,greeting,greeting.json
बागवानी योजना,government,government.json
crop dry,disease,disease.json
csw41,crop,crop.json
ಯೂರಿಯಾ ಬಗ್ಗೆ ತಿಳಿಸಿ,fertilizer,fertilizer.json
best crop for summer farming.,crop,crop.json
caterpillar eating leaves,pest,pest.csv
आज मौसम साफ रहेगा,weather,weather.json
when should i sell my harvest,market,market.json
बिजली गिरेगी क्या,weather,weather.json
dholpur,crop,crop.json
papaya,crop,crop.json
best crop for summer season,crop,crop.json
म्हारा जिला रो मौसम,weather,weather.json
cultivator,crop,crop.json
jalore,crop,crop.json
आवाज़,general,general.json
tum kya karte ho,general,general.json
पौधों की जड़ काटने वाला कीड़ा,pest,pest.csv
curryleaf,crop,crop.json
bug report,general,general.json
baingan,crop,crop.json
hi dost,general,general.json
plant infected hai,disease,disease.json
jujube,crop,crop.json
ज्यादा सिंचाई से जड़ें सड़ जाती हैं क्या,irrigation,irrigation.csv
leaf spot disease,disease,disease.json
stem is turning black,disease,disease.json
germination rate kam hai kya karein,seed,seed.csv
म्हूं खेत माटी अनुसार फसल जाणवा मांगूं।,crop,crop.json
show me agriculture schemes in rajasthan.,government,government.json
बारिश कम होने पर कौन सी फसल सबसे अच्छी रहती है?,crop,crop.json
ai se disease identify karo,disease,disease.json
कोहरे से फसल कैसे बचाएं,weather,weather.json
मेरे खेत में कौन सी फसल सबसे ज्यादा बिकती है?,crop,crop.json
poore field me disease hai,disease,disease.json
next week mandi price,market,market.json
mustard,crop,crop.json
leaf pe powder jaisa hai,disease,disease.json
best weather for farming,weather,weather.json
मराठी में बात कर सकते हो क्या,general,general.csv
म्हाने ऑर्गेनिक इलाज बतावो।,disease,disease.json
म्हाने ग्वार बेचणो है,market,market.json
വില,market,market.json
मूंग के बाद कौन सी फसल सबसे अच्छी रहती है?,crop,crop.json
what can you do,general,general.json
latest soybean rate,market,market.json
cumin,crop,crop.json
crop damage report kaise kare?,government,government.json
medicinalcrop,crop,crop.json
recommendation,disease,disease.json
okay,general,general.json
देव नारायण जी री कृपा रहे,greeting,greeting.json
तेजी,disease,disease.json
जीरा बेचना है,market,market.json
म्हाने योजना रो लाभ चाहिए,government,government.json
kal subah pala padne ki sambhavna hai kya,weather,weather.csv
krishi yantra subsidy ke liye apply kaise karein,machinery,machinery.csv
crop is completely yellow and dying urgent help needed,emergency,emergency.csv
stem,disease,disease.json
मुझे ई मित्र से पीएम किसान का आवेदन करना है।,government,government.json
online form,government,government.json
fusarium wilt aa gaya,disease,disease.json
greetings,greeting,greeting.json
आज रो बाजार भाव,market,market.json
how can i download my land record?,government,government.json
recommend medicine for crop disease,disease,disease.json
अगर मुझे ऐप चलाने में कोई समस्या आए तो मुझे क्या करना चाहिए?,general,general.json
म्हाने सरकार री हर वो योजना बतावो जिण सूं मारी खेती अर आमदनी दोनों बढ़ सकै।,government,government.json
high ec soil mein kya karein?,soil,soil.csv
which documents are required for government schemes?,government,government.json
national bamboo mission,government,government.json
कीड़ो रो उपाय बतावो,pest,pest.json
today's humidity,weather,weather.json
ram ram mitra,greeting,greeting.json
आज धूप बहुत तेज होगी क्या,weather,weather.json
क्या बाढ़ आने की संभावना है,weather,weather.json
मिट्टी की जांच,soil,soil.json
power weeder kya hota hai aur kaise use karein,machinery,machinery.csv
smut disease,disease,disease.json
lahsun,crop,crop.json
jab bhi mujhe dikkat ho tum meri help karna.,general,general.json
how to apply fertilizer through drip,fertilizer,fertilizer.json
गर्मियों में कौन सी खेती करनी चाहिए?,crop,crop.json
1 litre pani me kitni medicine,disease,disease.json
shahpura,crop,crop.json
tractor repair kahan karwayein,machinery,machinery.csv
leaf damage problem,disease,disease.json
सुखी रोवो,greeting,greeting.json
म्हाने और जानकारी देवो,general,general.json
"namaste ji, aapka swagat hai hamare ai assistant mein.",greeting,greeting.json
jeera profitable hai kya,crop,crop.json
best auction price,market,market.json
खरीफ फसल में पानी की जरूरत कब होती है,irrigation,irrigation.csv
pmegp registration,government,government.json
मुनाफा भाव,market,market.json
कीट नियंत्रण कैसे करें,pest,pest.json
मेरी जमीन के हिसाब से सबसे अच्छी फसल कौन सी है?,crop,crop.json
best crop for my agriculture land,crop,crop.json
डूंगरपुर मंडी भाव,market,market.json
should i grow wheat this season,crop,crop.json
horticulture subsidy,government,government.json
फसल का आज का भाव,market,market.json
मैं चाहता हूँ कि आप मुझे हर दिन खेती से जुड़ी नई जानकारी और नई तकनीक के बारे में बताते रहें।,general,general.json
बरसात शुरू होते ही कौन सी फसल बोना सही रहेगा?,crop,crop.json
थांरो आना शुभ मानूं,greeting,greeting.json
greenhouse subsidy rajasthan apply process,government,government.csv
urgent disease solution,disease,disease.json
bio902improved,crop,crop.json
best market in rajasthan,market,market.json
pearlmillet,crop,crop.json
"म्हारी मिट्टी में नाइट्रोजन री कमी है, पत्ते पीले हो रहे हैं",soil,soil.json
i am using this application for the first time. can you explain all the important features step by step?,general,general.json
रिपोर्ट पढ़कर बताओ,soil,soil.json
msp क्या है गेहूं का इस साल,market,market.csv
napier,crop,crop.json
app me kya kya hai,general,general.json
infected,disease,disease.json
മണ്ണിന്റെ ഫലഭൂയിഷ്ഠത എങ്ങനെ വർധിപ്പിക്കാം,soil,soil.json
सरसों की फसल को कितना पानी चाहिए,irrigation,irrigation.csv
soil health card,government,government.json
crop nutrition,fertilizer,fertilizer.json
can this ai answer all my farming related questions accurately?,general,general.json
tiddi dal aa gaya,pest,pest.json
રેટ,market,market.json
jai shri ram bhai sarson ki baat karni thi,greeting,greeting.csv
agricultural recommendation based on soil,soil,soil.json
shc,soil,soil.json
is there any chance of hail,weather,weather.json
ऐप में साइन अप कैसे करें,general,general.csv
जय हिंद,greeting,greeting.json
मिलके मजो आ गयो,greeting,greeting.json
थ्रेशर मशीन की देखभाल कैसे करें,machinery,machinery.csv
"म्हाने मंडी में फसल बेचणी है, किण व्यापारी सूं मिलूं",market,market.json
गेहूं के बाद कौन सी फसल बोना सही रहेगा?,crop,crop.json
rgc936improved,crop,crop.json
धनिया,crop,crop.json
इस सीजन में बारिश कम होगी क्या,weather,weather.csv
रेट निकालो,market,market.json
म्हारे नाम सूँ योजना चाले है के?,government,government.json
ओलावृष्टि की संभावना,weather,weather.json
मेरी प्याज में डैम्पिंग ऑफ हो रही है,disease,disease.csv
आज ट्रैक्टर चलाना सही रहेगा,weather,weather.json
कोल्ड स्टोरेज,market,market.json
मौसम खराब रहेगा क्या,weather,weather.json
"मेरे खेत में पानी की अच्छी सुविधा है, कौन सी फसल ज्यादा फायदेमंद है?",crop,crop.json
आज सरसों का भाव क्या है,market,market.json
अभी बाजार,market,market.json
goodbye,general,general.json
आज आंधी का पूर्वानुमान बताओ,weather,weather.json
थारा हिसाब सूं काई खेती करूं?,crop,crop.json
रिपोर्ट समझाओ,soil,soil.json
government subsidy for farmers,government,government.json
म्हारे पत्ता पीळा पड़ गया।,disease,disease.json
म्हारी सारी फसल बर्बाद हो गई बचाओ,emergency,emergency.csv
एमएसपी किण फसल पर लागू है,market,market.json
ahidf,government,government.json
आंधी आने पर क्या करें,weather,weather.json
बेचना रेट,market,market.json
औषधीय,crop,crop.json
mere farm ke liye crop batao,crop,crop.json
cropselectionai,crop,crop.json
is today's weather safe for agriculture,weather,weather.json
अश्वगंधा,crop,crop.json
मिट्टी की सलाह,soil,soil.json
website,general,general.json
fertilizercrop,crop,crop.json
suggest a crop that requires minimum irrigation.,crop,crop.json
यूरिया कब डालें,fertilizer,fertilizer.json
what time is sunset today,weather,weather.json
whitefly infestation,pest,pest.json
ujjwala yojana,government,government.json
microphone,general,general.json
आज रो दिन घणो बढ़िया जावै,greeting,greeting.json
have a wonderful day,greeting,greeting.json
agri startup scheme,government,government.json
biological pest control methods,pest,pest.csv
क्या आप मुझे इस ऐप के सभी फीचर्स एक-एक करके विस्तार से समझा सकते हैं?,general,general.json
म्हारे गांव में तापमान किण है,weather,weather.json
how to start chat,general,general.json
fungus disease detect karo,disease,disease.json
सरसों की जगह इस बार कौन सी फसल लगाऊँ?,crop,crop.json
म्हारे फल सड़ रया है।,disease,disease.json
भाव बढ़ेगा या घटेगा,market,market.json
pest infestation,pest,pest.json
थूं ठीक है,general,general.json
मला खत हवे आहे,fertilizer,fertilizer.json
म्हारे गांव में लोग कांई फसल बोवे है?,crop,crop.json
raj3765,crop,crop.json
how to resend otp,general,general.json
എനിക്ക് വളം വേണം,fertilizer,fertilizer.json
cropinsurancecrop,crop,crop.json
"म्हारा खेत सूको है, कांई खेती करूं?",crop,crop.json
soil testing report,soil,soil.json
wind speed,weather,weather.json
bhusa,crop,crop.json
pu19,crop,crop.json
मेरे खेत में पिछले साल सरसों थी अब क्या बोऊं?,crop,crop.csv
good work,general,general.json
virus attack,disease,disease.json
mere area ke hisab se farming advice do,crop,crop.json
म्हाने बीमारी पहचानणी है।,disease,disease.json
suggest a crop with stable market price.,crop,crop.json
kcc interest subvention scheme kya hai,government,government.csv
सरकारी पोर्टल,government,government.json
रोग इलाज,disease,disease.json
ऐप सेटिंग,general,general.json
ugana,crop,crop.json
फसल कहाँ बेचूँ,market,market.json
meri fasal kharab hoti ja rahi hai,disease,disease.json
अभी मंडी,market,market.json
gwar,crop,crop.json
माटी री उर्वरता जांच,soil,soil.json
खेती के बारे में बताओ,crop,crop.json
जमीन,crop,crop.json
महिला किसान योजना की पूरी जानकारी दीजिए।,government,government.json
మార్కెట్,market,market.json
मेरी फसल में माइक्रोन्यूट्रिएंट खाद कब डालें?,fertilizer,fertilizer.csv
रेशम पालन,government,government.json
किसान रेट,market,market.json
"म्हारे खेत में पाणी कम है, कांई खेती करूं?",crop,crop.json
aaj barish hogi to harvesting ruk jayegi kya,weather,weather.csv
horticulture subsidy rajasthan mein kaise milegi,government,government.csv
fungal disease,disease,disease.json
"म्हाने कम खर्च री खेती करनी है, सुझाव दो।",crop,crop.json
ரேட்,market,market.json
मानसून कद आवसी,weather,weather.json
transplant,crop,crop.json
leaf check,disease,disease.json
मुझे सिंचाई करनी चाहिए या नहीं,soil,soil.json
सुरक्षा,general,general.json
app ka menu kahan hai,general,general.csv
तुम्हारा नाम क्या है,general,general.json
modern farming crop,crop,crop.json
घणी घणी शुभकामना,greeting,greeting.json
आज तापमान 40 डिग्री से ज्यादा जाएगा क्या,weather,weather.csv
pm fasal bima,government,government.json
suggest a profitable cash crop.,crop,crop.json
power tiller vs tractor kaunsa sasta padega,machinery,machinery.csv
किसान कर्ज माफी योजना राजस्थान में है क्या,government,government.csv
म्हाने बतावो कि थारो एआई रोज खेती में किण रीती सूं मदद कर सकै।,general,general.json
मिट्टी रिपोर्ट समझाइए,soil,soil.json
dill,crop,crop.json
stand up india,government,government.json
white fungal growth on stem,disease,disease.json
मेरे खेत के लिए सबसे अच्छा फसल चक्र क्या रहेगा?,crop,crop.json
suggest a crop with good market demand.,crop,crop.json
features,general,general.json
farmplanning,crop,crop.json
आज बिजली कड़कसी के,weather,weather.json
will it rain in my village,weather,weather.json
farming recommendations based on weather,weather,weather.json
राम राम सा हुकम,greeting,greeting.json
मिट्टी का पीएच कितना है,soil,soil.json
थारी मेहनत रंग लावै,greeting,greeting.json
foddercrop,crop,crop.json
mujhe agriculture schemes ki complete list dikhao.,government,government.json
क्या मैं सरकारी कृषि योजना के लिए पात्र हूँ?,government,government.json
peeche jao,general,general.json
meri crop mar rahi hai,disease,disease.json
agronomist,crop,crop.json
"म्हारा खेत सूको है, फेर भी काई खेती होसी?",crop,crop.json
म्हारा खेत खराब हो रयो है।,disease,disease.json
ekyc update,government,government.json
मुझे किसानों के लिए चल रही सभी सरकारी योजनाओं की सूची बताइए।,government,government.json
broadcasting,crop,crop.json
म्हारी सरसों में माहू इतना ज्यादा हो गया है कि फसल दिख नहीं रही,emergency,emergency.csv
आज कितने,market,market.json
धौलपुर मंडी भाव,market,market.json
good morning ji khamma ghani,greeting,greeting.csv
crop bimari,disease,disease.json
मौसम के हिसाब से सिंचाई कब करें,weather,weather.csv
ज्यादा वर्षा वाले क्षेत्र में कौन सी फसल उगानी चाहिए?,crop,crop.json
समझाओ,general,general.json
hi sir,greeting,greeting.json
मिट्टी भुरभुरी है,soil,soil.json
minimum support price,market,market.json
pm kisan ki next installment kab aayegi?,government,government.json
"pranam ji, aapko dekhkar bahut accha laga.",greeting,greeting.json
sell mustard,market,market.json
कल का तापमान कितना रहेगा,weather,weather.csv
मेरी मिट्टी के अनुसार सिंचाई की सलाह दें,soil,soil.json
lok1,crop,crop.json
मेरी गाजर की फसल में पत्ती धब्बा रोग है,disease,disease.csv
म्हारे पत्ता पर काला धब्बो है।,disease,disease.json
गर्मी,weather,weather.json
how to use assistant,general,general.json
black gram disease symptoms,disease,disease.json
patwari,government,government.json
yellow rust,disease,disease.json
explain the role of the agriculture department.,government,government.json
कीड़े का नाम बताओ,pest,pest.csv
सरकारी योजना बताओ,government,government.json
अगले 7 दिन का मौसम बताओ,weather,weather.csv
wellirrigation,crop,crop.json
सतत कृषि मिशन,government,government.json
स्कैब रोग,disease,disease.json
gypsum,fertilizer,fertilizer.json
मुझे ऐसी फसल चाहिए जिसमें जोखिम कम हो।,crop,crop.json
म्हारा खेत सूको है फेर काई खेती करूं?,crop,crop.json
फसलचक्र,crop,crop.json
भाव अपडेट,market,market.json
plant disease treatment,disease,disease.json
मूंग,crop,crop.json
म्हारी फसल रो इलाज बतावो।,disease,disease.json
meri mehnat barbad ho jayegi,disease,disease.json
crophelp,crop,crop.json
माता रानी रो आशीर्वाद रहे,greeting,greeting.json
lowwater,crop,crop.json
repeat again,general,general.json
संक्रमित,disease,disease.json
irrigation schedule for wheat in rajasthan,irrigation,irrigation.csv
plant bachao,disease,disease.json
main chahta hu ki tum hamesha meri farming journey me meri help karo.,general,general.json
pbw621,crop,crop.json
extended forecast,weather,weather.json
ग्रेडिंग,market,market.json
flowering,crop,crop.json
yesterday mustard price in mandi,market,market.csv
ipm0214,crop,crop.json
sprinkler subsidy,government,government.json
भाई म्हारी चना री फसल में जड़ सड़न लाग री है,disease,disease.csv
इस ऐप में क्या क्या मिलता है,general,general.csv
new hybrid mustard variety 2024 kaunsi hai,seed,seed.csv
main roz is app ka use kaise kar sakta hu farming ke liye?,general,general.json
"राम राम सा, पीएम किसान योजना",government,government.json
म्हारा खेत में खरीफ खातर काई बोवूं?,crop,crop.json
आज चांद कब निकलेगा,weather,weather.json
काम कर रहे हो,general,general.json
continue karo,general,general.json
"tomato ke patte curl ho rahe hain, kya bimari hai?",disease,disease.json
फूल झड़ रहे हैं।,disease,disease.json
मत्स्य पालन,government,government.json
food crop,crop,crop.json
होम,general,general.json
crop loss,government,government.json
चूर्णी फफूंदी,disease,disease.json
నా నేల నివేదిక వివరించండి,soil,soil.json
mhane online arji bharni hai,government,government.json
मेरे नजदीक कौन सी मंडी है,market,market.csv
कलौंजी,crop,crop.json
late blight spreading rapidly in tomato field emergency,emergency,emergency.csv
commodity price,market,market.json
आज किस मंडी में रेट ज्यादा है,market,market.json
उकठा रोग,disease,disease.json
कीट स्प्रे कब करें,pest,pest.json
सरसों के पत्तों पर काले धब्बे आ गए हैं,disease,disease.csv
coriander seed sowing time kya hai,seed,seed.csv
namaste bhai gehu ki variety batao,greeting,greeting.csv
किसान सम्मान निधि में आधार लिंक कैसे करें,government,government.csv
bajaraa,crop,crop.json
प्रणाम जी सरकारी मदद चाहिए,government,government.json
आज ठंड रहसी के,weather,weather.json
rhb30,crop,crop.json
आज तेज हवा का पूर्वानुमान बताओ,weather,weather.json
leaf par spots aa gaye hain,disease,disease.json
ट्रैक्टर चलाने का लाइसेंस कैसे बनवाएं,machinery,machinery.csv
राजस्थान के किसान इस समय कौन सी फसल सबसे ज्यादा बो रहे हैं?,crop,crop.json
सरसों की फलियां काली पड़ रही हैं।,disease,disease.json
check crop quality before selling,market,market.json
रोग,disease,disease.json
hey friend,greeting,greeting.json
इतिहास,general,general.json
म्हारा खेत रो हर पौधो बीमार है।,disease,disease.json
मेरे खेत में पिछले साल सौंफ था अब क्या बोऊं?,crop,crop.csv
खम्मा घणी हुकम,greeting,greeting.json
kaunsi fasal mein sabse zyada munafa hai?,crop,crop.csv
मेरी फसल में कौन सी समस्या है?,disease,disease.json
power weeder se kharpatwar hatane ka tarika,machinery,machinery.csv
मंडी का भाव बताओ,market,market.json
virus fasal mein fail gaya hai emergency pesticide batao,emergency,emergency.csv
रेट पता करना है,market,market.json
thresher machine rent per quintal kitna hai,machinery,machinery.csv
customer care number,general,general.json
जीरे की पूरी फसल खराब हो रही है।,disease,disease.json
आज अधिकतम तापमान कितना रहेगा,weather,weather.json
क्या यह ऐप नए किसानों और अनुभवी किसानों दोनों के लिए उपयोगी है?,general,general.json
थोड़ा आसान बतावो,general,general.json
आज का मौसम,weather,weather.json
option,general,general.json
म्हारी चना री फसल में राइजोबियम कल्चर कद लगाऊं?,fertilizer,fertilizer.csv
gw273,crop,crop.json
best crop for borewell irrigation.,crop,crop.json
छोटे किसानों के लिए कौन सी सरकारी योजना है?,government,government.json
khamma ghani bhai mujhe madad chahiye,greeting,greeting.csv
नहर का पानी बंद हो गया फसल सूख रही है,emergency,emergency.csv
मौसम का हाल,weather,weather.json
"मेरे खेत में मिट्टी बहुत भारी है, जुताई मुश्किल है",soil,soil.json
farm pond scheme,government,government.json
कम लागत में कौन सी दलहन फसल बोऊँ?,crop,crop.json
म्हाने फसल बतावो,crop,crop.json
leaf curl ho raha hai,disease,disease.json
सिंचाई के लिए सोलर पंप कैसे लगाएं,irrigation,irrigation.csv
भाई म्हारी गेहूं री फसल में पीला रतुआ लाग रयो है,disease,disease.csv
मृदा परीक्षण प्रयोगशाला कहाँ मिलेगी?,government,government.json
मेरी फसल में अल्टरनेरिया ब्लाइट लग गई है।,disease,disease.json
today's weather report,weather,weather.json
analyze soil moisture,soil,soil.json
माटी रो moisture बतावो,soil,soil.json
cow farming,government,government.json
cropyield,crop,crop.json
म्हाने नकदी फसल बतावो।,crop,crop.json
kapaas,crop,crop.json
soil structure improve karne ke liye kya karein?,soil,soil.csv
login nahi ho raha,general,general.json
मूंग में मोजेक रोग है क्या?,disease,disease.json
"म्हूं युवा किसान हूँ, मारा वास्ते सारी सरकारी योजनां विस्तार सूं बतावो।",government,government.json
म्हारे खेत में रोग पहचानो सा।,disease,disease.json
ye serious disease hai kya,disease,disease.json
good afternoon,general,general.json
which crop is best for black cotton soil?,crop,crop.csv
"मैं इस ऐप का पूरा लाभ लेना चाहता हूँ, कृपया मुझे सही दिशा दिखाइए।",general,general.json
मक्का के पत्तों पर धब्बे हैं।,disease,disease.json
"म्हाने खेती बदलणी है, कांई बोवां?",crop,crop.json
आज तो दर्शन हो गया,greeting,greeting.json
ram ram ji,greeting,greeting.json
legume,crop,crop.json
थारी जमीन में काई फसल बढ़िया होसी?,crop,crop.json
semiarid,crop,crop.json
कम समय में तैयार होने वाली फसल बताओ।,crop,crop.json
मेरे खेत के लिए कौन सा बीज सही रहेगा,seed,seed.csv
जुग जुग जियो,greeting,greeting.json
सरसों में माहू नियंत्रण,pest,pest.csv
मेरे खेत में सूखा पड़ गया है फसल बचाओ,emergency,emergency.csv
recovery,disease,disease.json
शुक्रिया सा,general,general.json
clay soil mein drainage kaise improve karein?,soil,soil.csv
म्हारी मूंग में बीमारी है।,disease,disease.json
smart farming,general,general.json
ram ram pragati team,greeting,greeting.json
back,general,general.json
नकदी फसल,crop,crop.json
pm kusum,government,government.json
tamatar,crop,crop.json
मेरे खेत में बीमारी तेजी से फैल रही है।,disease,disease.json
"hello farmer brother, wishing you a healthy crop and prosperous life.",greeting,greeting.json
rgc1066improved,crop,crop.json
jaipur weather,weather,weather.json
national livestock mission,government,government.json
wh1105,crop,crop.json
बीज उपचार के लिए इमिडाक्लोप्रिड कैसे उपयोग करें,seed,seed.csv
mast hai,general,general.json
app support,general,general.json
nhm subsidy kaise le?,government,government.json
कौन सा कीड़ा है यह,pest,pest.csv
आज बारिश होगी,weather,weather.json
cumin blight disease,disease,disease.json
म्हारा खेत में जल्दी तैयार होण वाली फसल कौनसी है?,crop,crop.json
ठंड,weather,weather.json
chittorgarh mandi maize rate today,market,market.csv
प्रभाव,disease,disease.json
please introduce yourself and explain how you can help me.,general,general.json
म्हारी जड़ में रॉट हो गयो।,disease,disease.json
म्हारी बाजरा री फसल में डाउनी मिल्ड्यू लाग री है,disease,disease.csv
hello pragati ai,greeting,greeting.json
atal pension yojana,government,government.json
नई पत्तियां मुड़ रही हैं।,disease,disease.json
म्हाने किसान खातर सब्सिडी री जानकारी देवो।,government,government.json
म्हाने रेटिंग देणी है,general,general.json
মাটির রিপোর্ট দেখান,soil,soil.json
"मेरे खेत में पिछले साल सोयाबीन था, अब क्या बोऊं?",crop,crop.json
ಮಣ್ಣಿನಲ್ಲಿ ತೇವಾಂಶ ಎಷ್ಟು ಇದೆ,soil,soil.json
kanal,crop,crop.json
privacy settings,general,general.json
दुग्ध उत्पादन,government,government.json
mudra loan apply,government,government.json
raj kisan subsidy,government,government.json
how can i update my farmer registry profile?,government,government.json
next page,general,general.json
fasal mein illi,pest,pest.json
moonrise time,weather,weather.json
hello farmer,greeting,greeting.json
mere khet ke liye suitable crop recommend karo,crop,crop.json
alternaria blight,disease,disease.json
mandi bhav gir raha hai kya is hafte,market,market.csv
rain forecast for next 3 days in rajasthan,weather,weather.csv
fertilizer application schedule,fertilizer,fertilizer.json
csw18,crop,crop.json
म्हारे खेत रो मौसम बतावो,weather,weather.json
म्हाने तुरंत मदद चाहिए।,disease,disease.json
insect repellent for crops,pest,pest.json
राम राम ताऊ जी,greeting,greeting.csv
म्हारा खेत खातर बीज बतावो,crop,crop.json
recommend a crop according to my land type.,crop,crop.json
"मेरे खेत में रेतीली मिट्टी है, मुझे कौन सी फसल लगानी चाहिए?",crop,crop.json
सरकारी खरीद केंद्र कहाँ है,market,market.json
warm greetings,greeting,greeting.json
thresher se gehu nikalne ka tarika kya hai,machinery,machinery.csv
मुझे समझाओ,general,general.json
किसान रजिस्ट्री में मोबाइल नंबर कैसे बदलें,government,government.json
आज बेचूं या कल,market,market.json
फसल खरीदनी है,market,market.json
राष्ट्रीय पशुधन मिशन की जानकारी दीजिए।,government,government.json
गाइड,general,general.json
will it rain this evening,weather,weather.json
pedaavar,crop,crop.json
"मेरे खेत में पहली बार खेती कर रहा हूँ, कौन सी फसल लगाऊँ?",crop,crop.json
मुझे इस बार कौन सी खेती करनी चाहिए?,crop,crop.json
ब्लैक रॉट कैसे नियंत्रित करें?,disease,disease.json
मेरे खेत में बाढ़ सिंचाई से पानी बर्बाद होता है,irrigation,irrigation.csv
new wheat variety 2024 rajasthan ke liye,seed,seed.csv
spicefarming,crop,crop.json
मेरी फसल मर रही है अभी तुरंत कुछ बताओ,emergency,emergency.csv
थोड़ा पाणी में काई खेती होसी?,crop,crop.json
fasalchakra,crop,crop.json
yuva farmer scheme,government,government.json
hello raj kisan portal,government,government.json
उपज रो भाव,market,market.json
precisionfarming,crop,crop.json
seed subsidy,government,government.json
rhb305,crop,crop.json
सरकार की नई किसान योजना कौन सी है?,government,government.json
harvesting,crop,crop.json
म्हारा खेत में कम पाणी सूं चालण वाली फसल बतावो।,crop,crop.json
लोकेशन,general,general.json
मेरे खेत में बैंगन की फसल में लिटिल लीफ रोग है,disease,disease.csv
मृदा नमी,soil,soil.json
पुरानी चैट कैसे देखें,general,general.csv
bund,crop,crop.json
"tomato mein damping off ho rahi hai, seedlings mar rahi hain",disease,disease.json
बाजरे में कितने पानी की जरूरत होती है,irrigation,irrigation.csv
जीरा,crop,crop.json
invite friend,general,general.json
पुश नोटिफिकेशन कैसे चालू करें,general,general.csv
रेट पूछना,market,market.json
"ram ram sa, mharo naam mohan hai.",greeting,greeting.json
greetings brother,greeting,greeting.json
patte mur gaye,disease,disease.json
jad kali pad gayi hai,disease,disease.json
आगला हफ्ता मौसम किण रहसी,weather,weather.json
yellow,disease,disease.json
खेत का नक्शा कैसे जोड़ें,general,general.csv
म्हने खेती रो बढ़िया उपाय बतावो।,crop,crop.json
म्हारे गांव में सब काई बोवे है?,crop,crop.json
आज कपास का भाव क्या है,market,market.csv
soil moisture,soil,soil.json
म्हारी फसल सूख री है।,disease,disease.json
flood damaged crop compensation kaise milega,government,government.csv
khamma ghani sa sabne.,greeting,greeting.json
"राम राम सा, म्हारी फसल में रतुआ रोग लाग गयो।",disease,disease.json
ਮੈਨੂੰ ਖਾਦ ਕਦੋਂ ਪਾਉਣੀ ਚਾਹੀਦੀ ਹੈ,fertilizer,fertilizer.json
rice mein fertilizer dose kya hona chahiye?,fertilizer,fertilizer.csv
इस मौसम में कौन सी फसल बोना सबसे अच्छा रहेगा?,crop,crop.json
fieldboundary,crop,crop.json
थूं कौन है,general,general.json
organic pest control,pest,pest.json
किसान रजिस्ट्री,government,government.json
urad boya jaye kya,crop,crop.json
आज नीलामी कितने बजे शुरू होगी,market,market.json
onion seed sowing time rajasthan mein,seed,seed.csv
म्हारी फसल में कीड़ा लाग्यो,pest,pest.json
horticulture scheme,government,government.json
म्हाने कोल्ड स्टोरेज बतावो,market,market.json
मेहंदी,crop,crop.json
मेरी फसल कहाँ बेचूँ,market,market.json
आज मेथी का भाव क्या है,market,market.csv
मौसम के अनुसार फसल बचाने की सलाह,weather,weather.json
मल्टी क्रॉप थ्रेशर क्या होता है,machinery,machinery.csv
soil treatment,soil,soil.json
ram ram baisa,greeting,greeting.json
harvester,crop,crop.json
मंडी समिति,government,government.json
पत्तियों पर खाद का स्प्रे कब करें,fertilizer,fertilizer.json
crop disease prevention,disease,disease.json
image analyze karo,disease,disease.json
कल मंडी भाव क्या रहेगा,market,market.json
login problem,general,general.json
gram,crop,crop.json
म्हाने भू नक्शो डाउनलोड करनो है।,government,government.json
म्हारे खेत खातर सबसे ज्यादा कमाई वाली फसल बतावो।,crop,crop.json
खम्मा घणी भाई फसल बीमा पूछना था,greeting,greeting.csv
is this bacterial infection,disease,disease.json
nextcrop,crop,crop.json
खम्मा घणी सा काई समाचार,greeting,greeting.json
आज बारिश का अलर्ट बताओ,weather,weather.json
sprinkler se paani dene ka sahi time kya hai,irrigation,irrigation.csv
national medicinal plants board,government,government.json
सरकारी योजना की पात्रता क्या है?,government,government.json
जीरा का भाव,market,market.json
कल रेट घटसी के,market,market.json
मुआवजा,government,government.json
zaid,crop,crop.json
सुंडी पत्ते खा रही है,pest,pest.csv
ram ram sa,general,general.json
पत्तियों पर लीफ स्पॉट दिखाई दे रहे हैं।,disease,disease.json
mhane pm vishwakarma ri jankari devo.,government,government.json
sarkari yojana batao,government,government.json
pusabold,crop,crop.json
ऐसी फसल बताइए जिसकी देखभाल कम करनी पड़े।,crop,crop.json
जीवाणु रोग,disease,disease.json
मेरे खेत में जैविक खाद कितनी डालें?,fertilizer,fertilizer.csv
previous page,general,general.json
soil deficiency,soil,soil.json
kisanadvisor,crop,crop.json
मिट्टी के पोषक तत्व,soil,soil.json
मेरे खेत में कपास के लिए खाद की सिफारिश बताओ,fertilizer,fertilizer.csv
युवा किसानों के लिए कौन-कौन सी सरकारी योजनाएँ हैं?,government,government.json
how to check if crop needs water or not,irrigation,irrigation.csv
trading,market,market.json
मुझे मंडी भाव चाहिए,market,market.json
पत्ती,disease,disease.json
next batao,general,general.json
aaj kitni thand hai bahar,weather,weather.csv
how to signup,general,general.json
भरतपुर मंडी भाव,market,market.json
"राम राम सा, म्हारी फसल बचावो।",disease,disease.json
म्हारे गाँव में कांई फसल सबसे बढ़िया रहसी?,crop,crop.json
म्हारी फसल बची जासी के?,disease,disease.json
hello agrodhan,greeting,greeting.json
मेरे गांव के मौसम के अनुसार कौन सी खेती सबसे अच्छी रहेगी?,crop,crop.json
म्हारे खेत में फफूंदी लाग गई।,disease,disease.json
प्रधानमंत्री विश्वकर्मा योजना में आवेदन कैसे करें?,government,government.json
salam alaikum,greeting,greeting.json
farmlandindia,crop,crop.json
थांरो दिन शुभ बीते,greeting,greeting.json
म्हारा खेत में फफूंदी घणी फैल गई।,disease,disease.json
आलू की फसल में अर्ली ब्लाइट दिख रही है,disease,disease.csv
म्हाने सही फफूंदनाशक बतावो।,disease,disease.json
potash fertilizer kab aur kitna dena chahiye?,fertilizer,fertilizer.csv
रोयेंदार फफूंदी,disease,disease.json
अगर बारिश समय पर नहीं हुई तो कौन सी फसल बोऊँ?,crop,crop.json
व्यापार,market,market.json
म्हारा पौधा ठीक हो जासी के?,disease,disease.json
how to get drip irrigation subsidy?,government,government.json
crop image scan karo,disease,disease.json
coton,crop,crop.json
म्हारी सरसों में सफेद रोग है।,disease,disease.json
goat scheme,government,government.json
पत्तियों पर काले धब्बे बन गए हैं।,disease,disease.json
मिर्च में कितने दिन में एक बार पानी देना चाहिए,irrigation,irrigation.csv
"नमस्ते जी, आशा है आप ठीक होंगे।",greeting,greeting.json
water holding capacity,soil,soil.json
तिल,crop,crop.json
राम राम म्हारा किसान,greeting,greeting.json
मक्का की फसल सूख रही है।,disease,disease.json
how can i report crop damage?,government,government.json
anthracnose identify karo,disease,disease.json
कीट संक्रमण,pest,pest.json
fine,general,general.json
udaipur mandi tomato price today,market,market.json
सूखे क्षेत्र के लिए कौन सी फसल सही है?,crop,crop.json
खम्मा घणी भाई प्रणाम जी,greeting,greeting.csv
ध्यान राखजो,greeting,greeting.json
should i irrigate today,soil,soil.json
summer,crop,crop.json
ମାଟି ଶୁଖି ଯାଇଛି,soil,soil.json
seasonal crop,crop,crop.json
हाँ,general,general.json
white fungus,disease,disease.json
multi crop thresher kya hota hai aur kaise use karein,machinery,machinery.csv
मिट्टी का विश्लेषण,soil,soil.json
alternaria blight treatment,disease,disease.json
cotton price today in rajasthan mandi,market,market.csv
कपास का भाव,market,market.json
tell me more,general,general.json
recommend a crop after wheat harvesting.,crop,crop.json
थाने दिल सूं नमस्कार,greeting,greeting.json
बैंगन,crop,crop.json
बाजरे में काला रोग लग गया है।,disease,disease.json
earning,crop,crop.json
म्हाने सर्दी री खेती बतावो।,crop,crop.json
आज मौसम खेत खातर ठीक है के,weather,weather.json
मेरे खेत में मिट्टी की परत सख्त हो गई है,soil,soil.csv
मेरे खेत में पिछले साल सूरजमुखी था अब क्या बोऊं?,crop,crop.csv
great to see you again,greeting,greeting.json
rotationplan,crop,crop.json
मेरी फसल की बीमारी बताओ।,disease,disease.json
एमएसपी,market,market.json
kisan ke liye subsidy batao.,government,government.json
ਮੈਨੂੰ ਖਾਦ ਚਾਹੀਦੀ ਹੈ,fertilizer,fertilizer.json
can you teach me how to use every feature like an expert?,general,general.json
pest control kaise kare,pest,pest.json
help chahiye,general,general.json
pm kisan yojana mein kitna paisa milta hai,government,government.csv
म्हारी फसल रो भाव आगै किण चालसी,market,market.json
smart ai,general,general.json
માટીમાં ભેજ કેટલો છે,soil,soil.json
कृषि यंत्र बैंक से लोन पर मिलते हैं क्या,machinery,machinery.csv
ग्रीष्मकालीन फसलें कौन सी हैं?,crop,crop.csv
म्हैं राज किसान मं नाम जोड़ावणो है।,government,government.json
maize price,market,market.json
अनुदान योजना,government,government.json
calcium nitrate fertilizer kab dena chahiye?,fertilizer,fertilizer.csv
मेरे खेत की बीमारी पहचानो।,disease,disease.json
tell me about national horticulture mission.,government,government.json
എന്റെ മണ്ണ് പരിശോധന റിപ്പോർട്ട് വിശദീകരിക്കൂ,soil,soil.json
emitra,government,government.json
boya,crop,crop.json
माहू कीट गेहूं में,pest,pest.json
क्या पूरी फसल खराब हो जाएगी?,disease,disease.json
भूमि स्वामित्व,government,government.json
क्या आज गेहूं की बुवाई कर सकता हूँ,weather,weather.json
green gram disease,disease,disease.json
सुनो,general,general.json
अनुसूचित जनजाति किसान के लिए योजना बताइए।,government,government.json
मेरी फसल में मैग्नीशियम की कमी है क्या करूं?,fertilizer,fertilizer.csv
berseem,crop,crop.json
आज मंडी में गेहूं का भाव क्या है,market,market.csv
शहद उत्पादन,government,government.json
churu,crop,crop.json
मेरे खेत में मिट्टी बहुत भारी है जुताई मुश्किल है,soil,soil.csv
bimari ka ilaj,disease,disease.json
fruit has black spots,disease,disease.json
identify disease from image,disease,disease.json
मेरी मिट्टी में कैल्शियम की कमी है क्या करूं?,soil,soil.csv
utpadan,crop,crop.json
tractorwork,crop,crop.json
फसल को बचाने का सबसे अच्छा तरीका क्या है?,disease,disease.json
सर्दी में कोहरा कब तक रहेगा,weather,weather.csv
i am completely new to this application. can you teach me everything from the beginning?,general,general.json
tell me about this app features,general,general.csv
how to edit profile,general,general.json
ferrous sulphate spray kaise karein?,fertilizer,fertilizer.csv
switch language,general,general.json
ajmer mandi sarson rate today,market,market.csv
ਮੇਰੀ ਮਿੱਟੀ ਦੀ ਜਾਂਚ ਕਰੋ,soil,soil.json
will there be a thunderstorm today,weather,weather.json
रेट चेक,market,market.json
बाबा रामदेव री मेहर रहे,greeting,greeting.json
which crop has better market value?,crop,crop.json
fertilizer deficiency symptoms kya hote hain?,fertilizer,fertilizer.csv
mujhe is app ka complete overview do taki main sab kuch samajh saku.,general,general.json
म्हाने गैलरी खोल दो,general,general.json
"khamma ghani sa, swagat hai mhare dost.",greeting,greeting.json
रेतीली जमीन की खेती,crop,crop.json
म्हाने फेर बतावो,general,general.json
warm welcome,greeting,greeting.json
आज तेज बरसात होसी के,weather,weather.json
म्हारे खेत में अच्छी पैदावार वाली फसल सुझावो।,crop,crop.json
आओ हुकम बैठो,greeting,greeting.json
location permission,general,general.json
गर्म हवा लू कब तक रहेगी,weather,weather.csv
पीला,disease,disease.json
saunf,crop,crop.json
pest attack bahut zyada ho gaya hai turant spray batao,emergency,emergency.csv
फसल कमजोर दिखाई दे रही है।,disease,disease.json
how to reset password,general,general.json
fodder,crop,crop.json
recommend a suitable crop for my farm.,crop,crop.json
mungfali,crop,crop.json
आज गर्मी घणी रहसी के,weather,weather.json
म्हारी मिट्टी री उर्वरता कैसे बढ़ाऊं?,soil,soil.csv
मुझे अपनी फसल के लिए खरीदार चाहिए,market,market.json
soil recovery,soil,soil.json
म्हाने रोग रोकणो उपाय बतावो।,disease,disease.json
kaunsi fasal,crop,crop.json
government yojana ke liye documents kya chahiye,government,government.csv
दौसा मंडी भाव,market,market.json
आज के मौसम के अनुसार मेरी फसल के लिए क्या सलाह है,weather,weather.json
किण हाल चाल,greeting,greeting.json
जिंक सल्फेट,fertilizer,fertilizer.json
नमस्ते भाई मेरे खेत में कीड़े लग गए हैं,greeting,greeting.csv
खेती की सलाह,crop,crop.json
कीमत,market,market.json
drip irrigation ke liye best crop batao,crop,crop.json
fieldprepare,crop,crop.json
potassium deficiency mein patte ke kinare kyon jalte hain?,soil,soil.csv
fieldcrop,crop,crop.json
मोजेक वायरस का इलाज क्या है?,disease,disease.json
subah spray karu ya sham,disease,disease.json
crop insurance ka form kaise bhare?,government,government.json
राम राम म्हारा दोस्त,greeting,greeting.json
tomato mein mosaic virus ke symptoms dikh rahe hain,disease,disease.csv
sprayer pump band ho gaya hai kya karein,machinery,machinery.csv
settings,general,general.json
म्हारे खेत री मिट्टी में क्लोरीन री कमी है,soil,soil.csv
म्हारे खेत में जल्दी तैयार होण वाली फसल काई है?,crop,crop.json
अनहेल्दी,disease,disease.json
mausam vibhag ne kya bataya aaj ke liye,weather,weather.csv
"म्हारी मिट्टी में पोटाश री कमी है, के करूं?",soil,soil.json
क्या आज बाहर काम करना सुरक्षित है,weather,weather.csv
jawar,crop,crop.json
scheme list,government,government.json
ग्वार का बाजार आने वाले दिनों में कैसा रहेगा,market,market.json
बीकानेर मंडी में आज काई भाव है,market,market.json
समाधान,disease,disease.json
recommend a suitable crop for sandy soil.,crop,crop.json
"मेरे खेत में पिछले साल मूंगफली थी, अब क्या बोऊं?",crop,crop.json
मेरी फसल में कीड़े हैं क्या करूं,pest,pest.json
म्हाने वर्मी कम्पोस्ट चाहिए,fertilizer,fertilizer.json
guwar,crop,crop.json
घणा दिना पाछे मिल्या,greeting,greeting.json
oilseed scheme,government,government.json
monitoring,disease,disease.json
"राम राम भाई सा, आज का दिन शुभ हो।",greeting,greeting.json
dap कब डालें,fertilizer,fertilizer.json
postharvest,crop,crop.json
फल पर धब्बे आ गए हैं।,disease,disease.json
भाई म्हारी सरसों री फसल में सफेद रतुआ लाग री है,disease,disease.csv
छिड़कना,disease,disease.json
report,disease,disease.json
today's jaipur mandi rate,market,market.json
amrud,crop,crop.json
रजिस्ट्रेशन,government,government.json
சந்தை,market,market.json
म्हारी फसल में धब्बा पड़ गयो।,disease,disease.json
म्हाने जल्दी मदद चाहिए।,disease,disease.json
जायद की फसल,crop,crop.json
बिना सिंचाई की खेती,crop,crop.json
आज गर्मी कितनी पड़ेगी,weather,weather.json
बटेर पालन,government,government.json
म्हारा खेत खातर सबसे बढ़िया फसल बतावो।,crop,crop.json
मेथी की बुवाई का सही समय बताओ,crop,crop.csv
इस सीजन में सूखे की संभावना है क्या,weather,weather.csv
natural treatment batao,disease,disease.json
crop for rainfed farming,crop,crop.json
intercropping,crop,crop.json
मंडी में भाव की जानकारी कहां से मिलेगी,market,market.json
నేలను ఎలా మెరుగుపరుచుకోవాలి,soil,soil.json
nagaur,crop,crop.json
सब्जी मंडी,market,market.json
आज आंधी का अलर्ट है क्या,weather,weather.json
masoor dal price today in mandi,market,market.csv
check phosphorus level,soil,soil.json
signup problem,general,general.json
soil hardpan kaise todein?,soil,soil.csv
बीमा राशि,government,government.json
how do i register for ayushman bharat?,government,government.json
sonf,crop,crop.json
फसल में पहली खाद कब डालें,fertilizer,fertilizer.json
वर्तमान रेट,market,market.json
open gallery,general,general.json
phool gir rahe hain,disease,disease.json
cereal,crop,crop.json
रतुआ रोग,disease,disease.json
मेरी मक्का में फॉल आर्मीवर्म कीड़ा लग गया है,disease,disease.csv
थारो चेहरो खिल रयो सा,greeting,greeting.json
blast disease control,disease,disease.json
घणा दिना पाछे आया,greeting,greeting.json
म्हारी माटी में के कमी है,soil,soil.json
crop health emergency,disease,disease.json
explain pmfme scheme.,government,government.json
wheat,crop,crop.json
should i sow chickpea,crop,crop.json
"मेरी मिट्टी बहुत अम्लीय है, कैसे सुधारूं?",soil,soil.json
i want complete information about all agriculture subsidy schemes.,government,government.json
drip irrigation,government,government.json
mandi bhav ki jankari kahan se milegi,market,market.json
everything is lost in my field sos please help,emergency,emergency.csv
saonf,crop,crop.json
फसल बीमा का प्रीमियम कितना है गेहूं के लिए,government,government.csv
मुझे मिट्टी की जांच करानी है,soil,soil.json
म्हारा खेत में इस बार जीरो बोऊँ या सरसों?,crop,crop.json
क्या बिजली गिरने का खतरा है,weather,weather.json
म्हारे खेत में बारिश आवसी के,weather,weather.json
mixedcropping,crop,crop.json
राम राम सा ताऊ,greeting,greeting.json
explain rkvy scheme for farmers.,government,government.json
cropmonitoring,crop,crop.json
sign up kaise karein pragati ai mein,general,general.csv
nematode attack on roots,pest,pest.csv
self help group,government,government.json
crop ki bimari batao,disease,disease.json
namaste ji khamma ghani sa,greeting,greeting.csv
explain all the important sections of this application one by one.,general,general.json
म्हारा खेत में जल्दी तैयार होण वाली फसल बतावो।,crop,crop.json
oilseed,crop,crop.json
organic treatment for plant disease,disease,disease.json
blight disease hai,disease,disease.json
आज जोधपुर मंडी में सरसों का भाव,market,market.csv
odop registration,government,government.json
khamma ghani bhai jai shri ram,greeting,greeting.csv
मिट्टी सख्त है,soil,soil.json
kcc,government,government.json
अगले सप्ताह मंडी भाव,market,market.json
म्हारे पौधा पर धब्बा पड़ गया।,disease,disease.json
"explain all government schemes for goat farming, poultry farming and beekeeping in simple language.",government,government.json
app information,general,general.json
custom hiring center scheme samjhao.,government,government.json
can i apply online for agriculture subsidy?,government,government.json
मेरे लिए कौन सी योजना है,government,government.json
आज की नमी कितनी है,weather,weather.json
मेरी फसल में कीड़े लग गए हैं,pest,pest.json
live,market,market.json
mhane madhumakhi palan ri puri jankari devo.,government,government.json
म्हारे वास्ते राज किसान री सब्सिडी बतावो।,government,government.json
"म्हारी फसल स्टोर करणी है, किथे जावूं",market,market.json
आज दृश्यता कितनी है,weather,weather.json
थूं मारा हर सवाल रो जवाब आराम सूं देवो।,general,general.json
weather near me,weather,weather.json
मेरे खेत में पिछले साल ईसबगोल था अब क्या बोऊं?,crop,crop.csv
लंबी अवधि वाली फसल कौन सी है?,crop,crop.json
डीएपी,fertilizer,fertilizer.json
म्हाने बेचण रो सही समय बतावो,market,market.json
पत्ती मुड़न रोग,disease,disease.json
storm alert,weather,weather.json
आंधी आवे तो के करूं,weather,weather.json
fenugreek,crop,crop.json
hello madam,greeting,greeting.json
मेथी की कटाई कब करनी चाहिए?,crop,crop.csv
માટી ભીની છે,soil,soil.json
मरना,disease,disease.json
awesome bhai,general,general.json
आसान भाषा में समझाओ,general,general.json
"khamma ghani sa, mhari taraf su ghani ghani ram ram.",greeting,greeting.json
हल्दी,crop,crop.json
म्हारी मिट्टी में पोटाश री कमी है के करूं?,soil,soil.csv
अगर बारिश ज्यादा हो जाए तो कौन सी फसल सही रहेगी?,crop,crop.json
agriculture infrastructure fund loan,government,government.json
काला रतुआ,disease,disease.json
उड़द मंडी भाव,market,market.json
पधारो म्हारे दोस्त,greeting,greeting.json
cold storage,market,market.json
मदद चाहिए,general,general.json
आराम सूं बैठो,greeting,greeting.json
म्हारे खेत खातर नई फसल बतावो।,crop,crop.json
म्हाने नकदी फसल बतावो,crop,crop.json
लोबिया,crop,crop.json
happy seeder subsidy ka process batao.,government,government.json
अनाज रेट,market,market.json
आज सरसों बेचने का विचार है,market,market.json
माटी में कूणसी खाद डालूं,soil,soil.json
scheme status,government,government.json
safed musli,crop,crop.json
गेहूं में कौन सा रोग लगा है?,disease,disease.json
"मैं इस ऐप का सही उपयोग करना चाहता हूँ, कृपया मुझे पूरी प्रक्रिया समझाइए।",general,general.json
थारा खेत लहराता रहै,greeting,greeting.json
white rust in mustard,disease,disease.json
युवा किसान के लिए कौन सी योजना उपलब्ध है?,government,government.json
म्हाने मौसम री सलाह देवो,weather,weather.json
मेरी जानकारी किसके साथ शेयर होती है,general,general.csv
foliar spray,fertilizer,fertilizer.json
"मेरे पास सिंचाई की सुविधा नहीं है, कौन सी फसल बोऊं?",crop,crop.json
chana,crop,crop.json
cultivator teeth kahan milenge replacement ke liye,machinery,machinery.csv
isabgol seed kahan milega rajasthan mein,seed,seed.csv
cropchoice,crop,crop.json
app features,general,general.json
अनाज बेचना है,market,market.json
crop image analysis,disease,disease.json
शुभ संध्या,greeting,greeting.json
म्हारी खेती रो रोग पहचानो।,disease,disease.json
म्हारे खेत में पानी नहीं है फसल मर जाएगी,emergency,emergency.csv
खम्मा घणी भाई आज मंडी जाना है,greeting,greeting.csv
irrigated,crop,crop.json
solar pump yojana rajasthan mein kaise milega,government,government.csv
mustard fungal infection,disease,disease.json
आज न्यूनतम तापमान कितना रहेगा,weather,weather.json
pomegranate,crop,crop.json
land verification,government,government.json
bio fertilizer,fertilizer,fertilizer.json
evening weather forecast,weather,weather.json
soilfertility,crop,crop.json
groundnut mein fertilizer dose kya hona chahiye?,fertilizer,fertilizer.csv
"म्हूं रोज थारी मदद लेणो चाहूं, थूं रोज मार्गदर्शन करसी?",general,general.json
सोलर पंप,government,government.json
स्प्रिंकलर सब्सिडी,government,government.json
म्हाने फीडबैक देणो है,general,general.json
आज स्प्रे करूं के,weather,weather.json
म्हारे खेत री जमीन खातर फसल सुझावो।,crop,crop.json
रात भर में बीमारी फैल गई।,disease,disease.json
एफपीसी,government,government.json
फसलभाव,market,market.json
"मेरे पास सिर्फ एक बोरवेल है, कौन सी फसल लगाऊँ?",crop,crop.json
sarkari yojana batao.,government,government.json
म्हाने अभी समाधान दो।,disease,disease.json
ऑनलाइन हो,general,general.json
ज्यादा पैदावार वाली खेती,crop,crop.json
masoor,crop,crop.json
ई मित्र,government,government.json
krishi yantra mela kab lagega rajasthan mein,machinery,machinery.csv
रिपोर्ट,disease,disease.json
sesamum,crop,crop.json
drip tape kaise install karte hain,irrigation,irrigation.csv
wonderful morning,greeting,greeting.json
suggest a crop with minimum irrigation.,crop,crop.json
पत्तियों पर सफेद चूर्ण जैसा पदार्थ है।,disease,disease.json
suggest a crop for sandy soil.,crop,crop.json
भाई म्हारे खेत में कौन सी फसल बोवां जो मेडिसिनल हो?,crop,crop.csv
honey mission,government,government.json
best spray for plant disease,disease,disease.json
म्हारी मदद कर दी,general,general.json
वंदे मातरम्,greeting,greeting.json
can this application guide me even if i have never used a smartphone before?,general,general.json
will it rain tonight,weather,weather.json
analyze my soil and give recommendations,soil,soil.json
moong me yellow mosaic aa gaya,disease,disease.json
एन्थ्रेक्नोज,disease,disease.json
"मेरे खेत में हल्की मिट्टी है, कौन सी फसल उगाऊं?",crop,crop.json
recommended dose,fertilizer,fertilizer.json
drycrop,crop,crop.json
pm kisan me aadhaar update kaise kare?,government,government.json
apply online,government,government.json
जय महाकाल,greeting,greeting.json
how should a new farmer start using this application?,general,general.json
best crop wheat or mustard,crop,crop.json
क्या मैं इस ऐप के माध्यम से खेती से जुड़ी नई तकनीकों के बारे में सीख सकता हूँ?,general,general.json
आज जोधपुर का मौसम,weather,weather.json
मेरी फसल मर रही है।,disease,disease.json
harbhara,crop,crop.json
sprinkler irrigation ke liye kitna pressure chahiye,irrigation,irrigation.csv
agriculture department,government,government.json
kharif mein kaunse keede aate hain,pest,pest.csv
म्हाने हर फीचर आसान भाषा में समझावजो।,general,general.json
combine harvester rent per bigha kitna hai,machinery,machinery.csv
मेरी फसल की बीमारी पहचानो।,disease,disease.json
उड़द में मोजेक रोग दिखाई दे रहा है।,disease,disease.json
ram ram bhai jai hind,greeting,greeting.csv
गोपालन,government,government.json
subsidy scheme,government,government.json
stubble,crop,crop.json
म्हाने दोस्त ने बुलाणो है,general,general.json
keede ki pehchaan kaise karein,pest,pest.csv
किस मंडी में बेचूँ,market,market.json
whitefly control methods,pest,pest.csv
is this application suitable for all farmers across india?,general,general.json
जोधपुर के लिए कौन सी फसल सही है?,crop,crop.json
आवता रहजो,greeting,greeting.json
relaycrop,crop,crop.json
best crop,crop,crop.json
hanumangarh mandi bhav,market,market.json
मेरे खेत में पिछले साल सोयाबीन था अब क्या बोऊं?,crop,crop.csv
hi pragati,general,general.json
forage,crop,crop.json
fertilizer timing kya honi chahiye for best results?,fertilizer,fertilizer.csv
yellow mosaic virus hai kya,disease,disease.json
फेरोमोन ट्रैप,pest,pest.json
how to delete account,general,general.json
बीमा आवेदन,government,government.json
फसल बीमा में नुकसान का सर्वे कब होगा,government,government.csv
black spot disease,disease,disease.json
मेरे खेत में हरी खाद कैसे डालें?,soil,soil.csv
kharif season ke liye best seeds kaunse hain,seed,seed.csv
namaskara,greeting,greeting.json
plant disease detection,disease,disease.json
rhb177improved,crop,crop.json
राम राम भाई सा,greeting,greeting.json
रॉट,disease,disease.json
jeera,crop,crop.json
maturity,crop,crop.json
mere farm ke liye sabse profitable crop suggest karo,crop,crop.json
"मेरे खेत में पिछले साल मूंग था, अब क्या बोऊं?",crop,crop.json
उर्वरक डालने का सही समय बताइए,fertilizer,fertilizer.json
mustard mein fertilizer schedule kya hona chahiye?,fertilizer,fertilizer.csv
मिट्टी परीक्षण रिपोर्ट कैसे देखें,general,general.csv
किसान रजिस्ट्री में आधार कैसे लिंक करें,government,government.json
khamma ghani bhaisa,greeting,greeting.csv
meri jamin ke liye fasal,crop,crop.json
boyen,crop,crop.json
spicecrop,crop,crop.json
जिंक,soil,soil.json
गोदाम,market,market.json
आज तूफान का अलर्ट है क्या,weather,weather.json
राष्ट्रीय बांस मिशन,government,government.json
क्या बारिश से पहले खाद डालनी चाहिए,weather,weather.json
യൂറിയയെ കുറിച്ച് പറയൂ,fertilizer,fertilizer.json
शुभ संध्या मित्र,greeting,greeting.json
tell me today's wheat price,market,market.json
kapas,crop,crop.json
खेती कैसे शुरू करूं,crop,crop.json
have a blessed day,greeting,greeting.json
रक्षा,disease,disease.json
recommend fertilizer for my crop,fertilizer,fertilizer.json
फसल,disease,disease.json
थूं मजा में लागे,greeting,greeting.json
late blight,disease,disease.json
पीएम किसान सम्मान निधि योजना की पूरी जानकारी दीजिए।,government,government.json
पशुपालन अवसंरचना विकास निधि से लोन कैसे मिलेगा?,government,government.json
"मेरे खेत में पिछले साल मक्का था, अब क्या बोऊं?",crop,crop.json
farm advisory,weather,weather.json
सहायता,government,government.json
predict today's crop market trend,market,market.json
samajh nahi aaya,general,general.json
cultivator se khet jotne ka sahi tarika kya hai,machinery,machinery.csv
म्हारा खेत खातर जीरो ठीक रहसी के नहीं?,crop,crop.json
stevia,crop,crop.json
म्हारा खेत में सबसे जल्दी पकण वाली फसल काई है?,crop,crop.json
घंटा घंटा रो मौसम बतावो,weather,weather.json
ट्रैक्टर की बैटरी खराब हो गई है,machinery,machinery.csv
मिट्टी जांच रिपोर्ट,soil,soil.json
म्हारी जमीन में कूणसी खाद डालूं,soil,soil.json
economic threshold level,pest,pest.json
म्हने खेती रो सही रास्तो बतावो।,crop,crop.json
kheti,crop,crop.json
थाने देख घणी खुशी हुई,greeting,greeting.json
रोग उपचार,disease,disease.json
राष्ट्रीय बागवानी मिशन के अंतर्गत कौन-कौन सी सब्सिडी मिलती है?,government,government.json
i want to learn modern agriculture using this ai assistant.,general,general.json
agli crop kya lagau,crop,crop.json
blacksoil,crop,crop.json
प्याज में सिंचाई का सही समय बताओ,irrigation,irrigation.csv
how can i use this app,general,general.json
इस पत्ते की फोटो देखकर रोग बताओ।,disease,disease.json
how can i apply for kisan credit card and what documents are required?,government,government.json
अगले सात दिनों का मौसम बताइए,weather,weather.json
rgc1003,crop,crop.json
check nitrogen level,soil,soil.json
प्याज का बीज कब बोना चाहिए,seed,seed.csv
hi there pragati,greeting,greeting.csv
नेविगेशन,general,general.json
pm किसान योजना की जानकारी दो,government,government.csv
camera permission,general,general.json
मेरे जिले का मौसम बताइए,weather,weather.json
is this fungal disease,disease,disease.json
મારે ખાતર ક્યારે નાખવું,fertilizer,fertilizer.json
"ram ram sa, bhagwan tharo din safal kare.",greeting,greeting.json
"good afternoon, wishing you success in every farming activity.",greeting,greeting.json
kharif mein kaunsi dal ki fasal best hai?,crop,crop.csv
पूरा पौधा पीला पड़ गया है।,disease,disease.json
नागौर में कौन सी फसल बोनी चाहिए?,crop,crop.json
how do i register for a government agriculture scheme?,government,government.json
शुभ प्रभात किसान,greeting,greeting.json
पत्ते पूरी तरह खाए जा रहे हैं।,disease,disease.json
युरिया बद्दल सांगा,fertilizer,fertilizer.json
suggest crop for beginner farmer,crop,crop.json
moongg,crop,crop.json
coriander price,market,market.json
disease management batao,disease,disease.json
आज थारी याद आ री थी,greeting,greeting.json
kya ye ai mujhe har din farming me guide kar sakta hai?,general,general.json
raj kisan help,government,government.json
organic,crop,crop.json
सर्दियों में कौन सी फसल सबसे अच्छी रहती है?,crop,crop.json
सवाई माधोपुर मंडी में आज का भाव,market,market.json
drip irrigation subsidy,government,government.json
pbw590,crop,crop.json
acidic soil mein chuna dalne se kya hota hai?,soil,soil.csv
राष्ट्रीय कृषि बाजार,government,government.json
sulphur,soil,soil.json
black gram price,market,market.json
organic farming scheme,government,government.json
fungicide recommend karo,disease,disease.json
"मेरे खेत में सिंचाई नहर से पानी मिलता है, कौन सी फसल बोऊं?",crop,crop.json
परंपरागत कृषि विकास योजना,government,government.json
भाव चेक,market,market.json
मुझे खेती के लिए सबसे अच्छी सरकारी योजना बताइए।,government,government.json
गेहु,crop,crop.json
khairthal,crop,crop.json
manganese,soil,soil.json
guar crop disease,disease,disease.json
rajkisan,government,government.json
pusatarak,crop,crop.json
आज रो उपज भाव,market,market.json
explain digital india services.,government,government.json
cotton mein whitefly bahut zyada ho gayi hai,disease,disease.csv
yellow mosaic virus,disease,disease.json
मिट्टी की जल धारण क्षमता कितनी है,soil,soil.json
how to turn notifications on,general,general.json
how to register on raj kisan portal?,government,government.json
hi brother,greeting,greeting.json
current weather conditions,weather,weather.json
काई समाचार सा,greeting,greeting.json
मेरी मिट्टी के अनुसार फसल की सलाह दें,soil,soil.json
hi bhai drip irrigation ke baare mein batao,greeting,greeting.csv
jai hind bhai aaj ka mausam kaisa rahega,greeting,greeting.csv
how to switch dark mode,general,general.json
नया संस्करण,general,general.json
म्हारी उपज रोकूं या बेच दूं,market,market.json
जयपुर मंडी भाव,market,market.json
आज बारिश की संभावना,weather,weather.json
किस फसल में फायदा है,crop,crop.json
आज मौसम के हिसाब से क्या करें,weather,weather.json
oilcrops,crop,crop.json
மண்டி,market,market.json
main chahta hu ki tum roz meri farming me guide karo.,general,general.json
"राम राम सा, सावण में कांई बोवां?",crop,crop.json
"मेरे खेत में ड्रिप सिंचाई है, कौन सी फसल लगाऊँ?",crop,crop.json
bajra mandi rate today rajasthan,market,market.csv
dashboard kholo,general,general.json
crop disease identify karo,disease,disease.json
mandi bhav mein utaar chadhav kyun hota hai,market,market.csv
crop wise disease batao,disease,disease.json
म्हाने मूंग बेचणी है,market,market.json
"मेरे खेत में मिट्टी का कटाव हो रहा है, कैसे रोकूं?",soil,soil.json
fertilesoil,crop,crop.json
अगले पांच दिनों का तापमान बताइए,weather,weather.json
crop disease naam batao,disease,disease.json
क्या आप मुझे धीरे-धीरे इस ऐप का उपयोग करना सिखा सकते हैं?,general,general.json
"welcome to pragati ai, your farming companion.",greeting,greeting.json
identify fungal disease,disease,disease.json
50 percent subsidy on farm machinery rajasthan mein,machinery,machinery.csv
मिट्टी,soil,soil.json
hd3249,crop,crop.json
क्षति,disease,disease.json
mhane ayushman card banavano hai.,government,government.json
ताजा रेट,market,market.json
analyze my soil report,soil,soil.json
wild boar attacked my crop last night total loss,emergency,emergency.csv
mhane subsidy batavo,government,government.json
kota me kaunsi crop best hai,crop,crop.json
crop turning yellow,disease,disease.json
rajasthanfasal,crop,crop.json
pmfby ke liye bank mein jaana padega kya,government,government.csv
आज ओला पड़सी के,weather,weather.json
आज मंडी में सबसे ज्यादा रेट किस फसल का चल रयो है,market,market.json
should i wait to sell,market,market.json
good morning,general,general.json
म्हारे खेत में अगली फसल कौनसी रखूं?,crop,crop.json
फल पर काले धब्बे आ गए हैं।,disease,disease.json
wheat mein loose smut disease aa gayi hai,disease,disease.csv
fym farmyard manure ka dose per bigha kya hai?,fertilizer,fertilizer.csv
show dashboard,general,general.json
मेरी फसल में नीम कोटेड यूरिया का क्या फायदा है?,fertilizer,fertilizer.csv
"mhane dairy kholni hai, kai subsidy milsi?",government,government.json
ईनाम,market,market.json
how to report issue,general,general.json
best crop for low investment farming,crop,crop.json
water soluble fertilizer,fertilizer,fertilizer.json
सफेद मक्खी का प्रकोप,pest,pest.json
आगे बढ़ो,general,general.json
show me,general,general.json
lू चलने से फसल को कैसे बचाएं,weather,weather.json
इस रोग की पुष्टि करो।,disease,disease.json
farmplan,crop,crop.json
crop for low water,crop,crop.json
raj kisan portal,government,government.json
थारो भलो होवे,greeting,greeting.json
मेरे टमाटर में फ्यूजेरियम विल्ट आ गई है,disease,disease.csv
आज रो मार्केट ट्रेंड किण है,market,market.json
कृषि विभाग,government,government.json
domat,crop,crop.json
gallery,disease,disease.json
उड़द के पौधे मुरझा रहे हैं।,disease,disease.json
जड़ें सड़ रही हैं पूरी फसल गिर रही है,emergency,emergency.csv
फसल में कीट लग गए,pest,pest.json
आज बिजली गिरने का अलर्ट है क्या,weather,weather.json
suggest a crop with high production.,crop,crop.json
which crop should i cultivate this season?,crop,crop.json
म्हाने कृषि विभाग री योजना जाननी है।,government,government.json
crop ki dawa batao,disease,disease.json
स्वच्छ भारत मिशन,government,government.json
मेरे खेत में पिछले साल मूंग था अब क्या बोऊं?,crop,crop.csv
टमाटर का भाव,market,market.json
soil erosion rokne ke liye kya karein?,soil,soil.csv
jamabandi copy download,government,government.json
रोग फैलना,disease,disease.json
स्मट रोग,disease,disease.json
म्हारे आवेदन रो स्टेटस देखावो।,government,government.json
wheat disease detection,disease,disease.json
कल बारिश होगी,weather,weather.json
डेटा,general,general.json
मूंगफली की बुवाई का सही समय बताओ,crop,crop.csv
ईश्वर थारी रक्षा करे,greeting,greeting.json
चाय पीसा,greeting,greeting.json
மண் பரிசோதனை அறிக்கையை காட்டு,soil,soil.json
smam,government,government.json
आज पानी देवूं के,weather,weather.json
crop diagnosis report do,disease,disease.json
थूं मने स्मार्ट खेती सीखावजो।,general,general.json
म्हाने डिग्गी योजना री जानकारी देवो,government,government.json
chittorgarh,crop,crop.json
farmer subsidy,government,government.json
soil water,soil,soil.json
welcome sir,greeting,greeting.json
म्हारे खेत खातर सरकारी लाभ बताओ।,government,government.json
कपास का हाइब्रिड बीज कौन सा अच्छा है,seed,seed.csv
digital farmer id kaise banegi,government,government.json
इस साल अच्छी कमाई के लिए कौन सी फसल बोऊँ?,crop,crop.json
म्हाने अनुदान किण रीती मिलसी?,government,government.json
which crop requires less irrigation?,crop,crop.json
charcoal,disease,disease.json
मृदा परीक्षण,soil,soil.json
जन धन खाता कैसे खोलें?,government,government.json
लहसुण रो भाव किण है,market,market.json
खम्मा घणी मित्र,greeting,greeting.json
notification on,general,general.json
इस ऐप की सबसे महत्वपूर्ण सुविधाएँ कौन-कौन सी हैं?,general,general.json
मेरे खेत में पानी की अच्छी सुविधा है कौन सी फसल ज्यादा फायदेमंद है?,crop,crop.csv
सूखे से फसल मर रही है पानी नहीं है,emergency,emergency.csv
शुरू,general,general.json
क्या बाजरा कम पानी में अच्छी पैदावार देता है?,crop,crop.json
ओलावृष्टि से फसल बचाने के उपाय बताओ,weather,weather.csv
emergency irrigation chahiye abhi fasal sukh rahi hai,emergency,emergency.csv
which crop is easy to cultivate?,crop,crop.json
animal husbandry,government,government.json
अनाज,market,market.json
"sandy soil mein paani jaldi nikal jaata hai, kya karein?",soil,soil.json
weather in rajasthan,weather,weather.json
भाई मेरी फसल बचा लो।,disease,disease.json
patte mur rahe hain,disease,disease.json
सोयाबीन,crop,crop.json
म्हाने आज मंडी में सबसे ज्यादा भाव किस फसल का है बतावो,market,market.json
pbw175,crop,crop.json
मंडी में बेचना है,market,market.json
बाजरा मंडी भाव,market,market.json
म्हारा खेत खातर सही इलाज बतावो।,disease,disease.json
tili,crop,crop.json
best crop for sandy land,crop,crop.json
प्रधानमंत्री आवास योजना,government,government.json
neelgai ne mera poora khet barbad kar diya,emergency,emergency.csv
hhb226,crop,crop.json
आज कितना तापमान है,weather,weather.json
who are you,general,general.json
micronutrients,soil,soil.json
पत्ते सूख रहे हैं।,disease,disease.json
बाजरे की पत्तियां सूख रही हैं।,disease,disease.json
women farmer scheme,government,government.json
फरवरी में कौन सी खेती करना फायदेमंद है?,crop,crop.json
कालीमिट्टी,crop,crop.json
म्हारे खेत खातर सरकार सूँ काई मदद मिल सके?,government,government.json
drylandfarming,crop,crop.json
मुझे इस मौसम के अनुसार खेती की सलाह चाहिए।,crop,crop.json
फार्म सब्सिडी,government,government.json
"मुझे अच्छा मुनाफा चाहिए, कौन सी फसल बोऊं?",crop,crop.json
म्हाने पीएम किसान री ई-केवाईसी करवाणी है।,government,government.json
सेटिंग खोलो,general,general.json
stem rot emergency fasal gir rahi hai turant upay batao,emergency,emergency.csv
krishi vigyan kendra,government,government.json
मेरी फसल में पाउडरी मिल्ड्यू दिखाई दे रही है।,disease,disease.json
నేల ph ఎంత ఉంది,soil,soil.json
pantu19,crop,crop.json
agriculture scheme,government,government.json
organic farming mein kaunsi fasal best hai?,crop,crop.csv
pm kisan mein bank account update kaise karein,government,government.csv
crop for summer,crop,crop.json
production,crop,crop.json
where should i sell my mustard today,market,market.json
सिंचाई के बाद खेत में जुताई करनी चाहिए क्या,irrigation,irrigation.csv
pragati ai ka customer care number kya hai,general,general.csv
मंडी बाजार,market,market.json
डोज,disease,disease.json
फफूंदनाशक,disease,disease.json
म्हाने खेती री सलाह दो।,crop,crop.json
कीट प्रबंधन,pest,pest.json
urgent disease treatment,disease,disease.json
canalarea,crop,crop.json
namaskar sabhi ko.,greeting,greeting.json
नमस्ते मित्र,greeting,greeting.json
hg563,crop,crop.json
crop looks unhealthy,disease,disease.json
प्रधानमंत्री फसल बीमा योजना,government,government.json
आज के मौसम के अनुसार मुझे क्या करना चाहिए,weather,weather.json
minority farmer scheme,government,government.json
fasal bima,government,government.json
बागवानी,government,government.json
panchayat samiti,government,government.json
"main is app ka expert user banna chahta hu, mujhe pura guide karo.",general,general.json
kaai,crop,crop.json
என் மண்ணில் என்ன சத்து குறைவு,soil,soil.json
मेरे खेत में जिंक सल्फेट कब और कैसे डालें?,fertilizer,fertilizer.csv
how to apply for women farmer scheme?,government,government.json
फव्वारा सिंचाई कैसे काम करती है,irrigation,irrigation.csv
best time to sell,market,market.json
review likhna hai,general,general.json
soil testing,soil,soil.json
नेटवर्क,general,general.json
suggest the best crop for my agricultural land.,crop,crop.json
अच्छा,general,general.json
मेरे जिले में कौन सी फसल सबसे ज्यादा उगाई जाती है?,crop,crop.json
jamabandi,government,government.json
"जद भी म्हाने दिक्कत आवे, थूं मदद करजो।",general,general.json
crop advice,crop,crop.json
म्हाने रोक के रखूं के,market,market.json
agristack registration,government,government.json
ai ने गलत बीमारी बताई है।,disease,disease.json
दाम देखो,market,market.json
how to register for atal pension yojana?,government,government.json
आज मंडी जाएं,market,market.json
horsegram,crop,crop.json
weekly weather,weather,weather.json
म्हाने थारो पूरा मार्गदर्शन चाहिए।,general,general.json
farmproduce,crop,crop.json
मेरी मिट्टी में जैविक पदार्थ कैसे बढ़ाऊं?,soil,soil.csv
jhunjhunu mandi rate,market,market.json
"राम राम सा, म्हारे खेत खातर काई फसल बढ़िया रहसी?",crop,crop.json
"मेरे आलू में लेट ब्लाइट आ गई है, तुरंत उपाय बताओ",disease,disease.json
how do i get an agriculture loan from nabard?,government,government.json
suggest a crop with low investment.,crop,crop.json
सर्दी के मौसम में कौन सी फसल अच्छी रहती है?,crop,crop.json
फसल बीमा योजना के लिए आवेदन कैसे करें?,government,government.json
greenhouse,crop,crop.json
best crop for rajasthan farmers.,crop,crop.json
forecast the market price of guar,market,market.json
hybridseed,crop,crop.json
tidda fasal kha raha hai,pest,pest.json
kotputli,crop,crop.json
aaj ka max temperature kitna hoga,weather,weather.csv
योजना पात्रता,government,government.json
find buyers for my produce,market,market.json
गर्मी से फसल कैसे बचाएं,weather,weather.json
tehsildar office ka kya kaam hota hai,government,government.json
mop,fertilizer,fertilizer.json
मेरी मक्का में चारकोल रॉट रोग है उपाय बताओ,disease,disease.csv
sesame price today rajasthan mandi,market,market.csv
पौधा मुरझा रहा है।,disease,disease.json
soil ec,soil,soil.json
keet se fasal kharab ho rahi hai,pest,pest.json
kisani,crop,crop.json
apna khet app mein kaise add karein,general,general.csv
किसान आईडी कैसे बनाएं,government,government.json
soil analysis report,soil,soil.json
crop insurance scheme,government,government.json
suggest a crop for dry climate.,crop,crop.json
pest identification,pest,pest.json
फार्मर आईडी,government,government.json
photo analyze karo,disease,disease.json
म्हने भूल मत जाजो,greeting,greeting.json
ajwaini,crop,crop.json
कीड़े की पहचान कैसे करें,pest,pest.csv
pm kisan maandhan yojana details,government,government.json
profile photo kaise lagayein app mein,general,general.csv
अजमेर मंडी भाव,market,market.json
haat,market,market.json
आज मसूर का भाव क्या है,market,market.csv
best crop for my land,crop,crop.json
म्हारो बाजरो खराब हो रयो है।,disease,disease.json
कौन सी बीज कंपनी सबसे अच्छी है,seed,seed.csv
खेत,crop,crop.json
about company,general,general.json
is application ke sabhi options ka use kaise hota hai?,general,general.json
cotton price,market,market.json
lok62,crop,crop.json
simple language me batao,general,general.json
घणा दिन जीयो,greeting,greeting.json
गेहूं बेचना है,market,market.json
दाम पूछना,market,market.json
मंडीरेट,market,market.json
show tomorrow's hourly forecast,weather,weather.json
बचाना,disease,disease.json
टपक सिंचाई से कितना पानी बचता है,irrigation,irrigation.csv
recommend a crop for monsoon.,crop,crop.json
राजकिसान,government,government.json
आज का रेट,market,market.json
थूं खेती री जानकारी देवै,general,general.json
leaf curling problem,disease,disease.json
forgot password,general,general.json
safed makhi ka prakop,pest,pest.json
उद्यान विभाग,government,government.json
मेरे खेत में नाइट्रोजन की कमी है पत्ते पीले हो रहे हैं,soil,soil.csv
क्या अगले महीने तक रेट बढ़ सकते हैं,market,market.json
forecast for my village,weather,weather.json
raj3765improved,crop,crop.json
मुझे ऐसी फसल बताइए जिसकी बाजार में अच्छी मांग हो।,crop,crop.json
today's weather,weather,weather.json
म्हाने खेती खातर सरकारी पेंशन योजना बतावो।,government,government.json
मेरे खेत में कौन सी फसल सबसे ज्यादा मुनाफा दे सकती है?,crop,crop.json
good morning pragati,greeting,greeting.json
natural farming scheme,government,government.json
maize,crop,crop.json
raj4120,crop,crop.json
which crop is suitable for low irrigation farming?,crop,crop.json
which crop gives better profit?,crop,crop.json
आज भारी बारिश होगी क्या,weather,weather.json
how do i sell my crop at msp,market,market.json
क्या इस ऐप में कोई सब्सक्रिप्शन है,general,general.csv
namaste sir ji,greeting,greeting.json
कीट नुकसान के लक्षण,pest,pest.csv
म्हारो नाम पीएम किसान योजना में जोड़ावणो है।,government,government.json
मेरी फसल का सही दाम कैसे पता करूं,market,market.csv
recommend a crop with high yield.,crop,crop.json
water efficient crops for rajasthan desert area,irrigation,irrigation.csv
म्हारे खेत में सरसों बाद कांई बोवूं?,crop,crop.json
किस मंडी में मुझे सबसे ज्यादा दाम मिलेंगे,market,market.json
अरंडी,crop,crop.json
आज खेती का मौसम कैसा रहेगा,weather,weather.json
प्रोफाइल,general,general.json
नीली क्रांति,government,government.json
bajra mein downy mildew disease ho gayi hai,disease,disease.csv
nbm,government,government.json
आज झुंझुनू का मौसम,weather,weather.json
नमस्ते भाई शुभ प्रभात,greeting,greeting.csv
farmyield,crop,crop.json
आज सुबह का मौसम कैसा रहेगा,weather,weather.json
can you recommend the best way to start using all the features of this app?,general,general.json
ओलावृष्टि से फसल कैसे बचाएं,weather,weather.json
npk deficiency ke symptoms kya hote hain?,soil,soil.csv
ਯੂਰੀਆ ਕਿੰਨਾ ਪਾਉਣਾ ਹੈ,fertilizer,fertilizer.json
भाव जानो,market,market.json
"म्हारे खेत में काली मिट्टी है, कांई बोवां?",crop,crop.json
tractor subsidy ke liye apply kaise karein,government,government.csv
fasal badalni hai,crop,crop.json
म्हाने ऐसी फसल बतावो जिको भाव घणो मिलै।,crop,crop.json
rajasthan ke liye best crop kaunsi hai,crop,crop.json
crop planning kar do,crop,crop.json
good evening bhai aaj mandi mein kya bhav hai,greeting,greeting.csv
dry land crop,crop,crop.json
show options,general,general.json
जय श्री राम भाई,greeting,greeting.json
jwaar,crop,crop.json
क्या यह बीमारी फैल सकती है?,disease,disease.json
maturitystage,crop,crop.json
रोग फैलने से कैसे रोकें?,disease,disease.json
new crop,crop,crop.json
sarson,crop,crop.json
मिट्टी सुधार कैसे करें,soil,soil.json
jutai,crop,crop.json
लू चलने से फसल को कैसे बचाएं,weather,weather.csv
calcium,soil,soil.json
मैं इस ऐप का सही तरीके से उपयोग करना सीखना चाहता हूँ।,general,general.json
मदद,government,government.json
म्हारे खेत में ओले पड़े और सब कुछ बर्बाद हो गया,emergency,emergency.csv
aquaculture,government,government.json
raj kisan login,government,government.json
फर्टिलाइजर,fertilizer,fertilizer.json
bhindi,crop,crop.json
कम पानी की फसल,crop,crop.json
तापमान,weather,weather.json
पीएम किसान योजना के लिए कौन-कौन से दस्तावेज़ चाहिए?,government,government.json
current temperature,weather,weather.json
आज मेरे इलाके में मौसम कैसा रहेगा,weather,weather.json
suggest suitable crop,crop,crop.json
म्हाने स्प्रिंकलर योजना समझावो।,government,government.json
khamma ghani sa sabhi mitran ne.,greeting,greeting.json
म्हारो आदाब कबूल करो,greeting,greeting.json
म्हाने इंतजार करनो चाहिए,market,market.json
भाई म्हारी मक्का री फसल में पत्ती झुलसा लाग री है,disease,disease.csv
best crop for beginner farmers.,crop,crop.json
how can i correct mistakes in my pm kisan application?,government,government.json
greetings friend,greeting,greeting.json
तूफान आएगा क्या,weather,weather.json
pm awas registration,government,government.json
explain simply,general,general.json
acidicsoil,crop,crop.json
gehu ke patte peele ho gaye,disease,disease.json
good morning ji jai hind,greeting,greeting.csv
मिट्टी में सफेद गिडार,pest,pest.csv
check soil fertility,soil,soil.json
आज मंडी में आवक कितनी है,market,market.json
which crop has high demand in the market?,crop,crop.json
best crop for low rainfall,crop,crop.json
bacterial infection detected,disease,disease.json
म्हारी खेती ने बचावो सा।,disease,disease.json
म्हारी बीमा री किस्त कद मिलसी?,government,government.json
मत्स्य पालन योजना,government,government.json
इस साल सबसे ज्यादा मुनाफा किस फसल में मिलेगा?,crop,crop.json
इस मौसम में कौन सी दलहन फसल बोना सही रहेगा?,crop,crop.json
mothfasal,crop,crop.json
आज बिक्री,market,market.json
फ्यूजेरियम विल्ट से पौधे सूख रहे हैं।,disease,disease.json
मेरी फसल का इलाज बताइए।,disease,disease.json
long range forecast,weather,weather.json
hello everyone.,greeting,greeting.json
क्लेम,government,government.json
थांरो मूड ठीक लागे,greeting,greeting.json
kya meri crop bach sakti hai,disease,disease.json
फसल में जड़ गलन हो रही है पौधे गिर रहे हैं,emergency,emergency.csv
म्हारा खेत रो मौसम पूर्वानुमान,weather,weather.json
what is the best way to start using pragati ai as a new farmer?,general,general.json
fungal,disease,disease.json
pm matsya sampada yojana,government,government.json
म्हारो भाग खुल गयो,greeting,greeting.json
माझ्या मातीची तपासणी करा,soil,soil.json
राष्ट्रीय औषधीय पादप बोर्ड,government,government.json
top dressing,fertilizer,fertilizer.json
subsidy,government,government.json
crop according to soil,crop,crop.json
profit wali farming batao,crop,crop.json
weather forecast for the week,weather,weather.json
हरा,disease,disease.json
hello agriculture friend,greeting,greeting.json
नमस्कार भाई साहब,greeting,greeting.json
सेवा,general,general.json
कल का बाजार भाव,market,market.json
profitcrop,crop,crop.json
good night bhai,greeting,greeting.csv
मक्का की पत्तियां पीली हो रही हैं।,disease,disease.json
मुझे ऐसी फसल बताइए जिसकी बाजार में अच्छी कीमत मिलती हो।,crop,crop.json
goat farming,government,government.json
मसूर,crop,crop.json
monitor,disease,disease.json
welcome brother,greeting,greeting.json
wh1270,crop,crop.json
प्रगति एआई,general,general.json
आवो सा म्हारा भाई,greeting,greeting.json
gm851,crop,crop.json
भाव किण चल रयो है,market,market.json
खुश रहजो,greeting,greeting.json
मेरे खेत की फसल बीमार हो गई है।,disease,disease.json
about app,general,general.json
इस महीने कितनी बारिश होगी,weather,weather.csv
काई हाल है म्हारा भाई,greeting,greeting.json
disease detect nahi hua,disease,disease.json
म्हारी पूरी फसल बर्बाद हो जासी।,disease,disease.json
सल्फर कब डालें,fertilizer,fertilizer.json
म्हारी फसल रो उपचार बतावो।,disease,disease.json
crop disease recovery,disease,disease.json
latest app version,general,general.json
monsooncrop,crop,crop.json
मधुमक्खी पालन,government,government.json
"hello my dear farmer friend, welcome once again.",greeting,greeting.json
please meri crop bacha lo,disease,disease.json
आज अलवर मंडी में क्या भाव है,market,market.csv
कोहरा,weather,weather.json
"राम राम सा, म्हाने किसान रजिस्ट्री रो पूरा काम शुरू सूं आखिर तक समझावो।",government,government.json
january farming advice,crop,crop.json
pm formalisation of micro food processing enterprises,government,government.json
सूरजमुखी की खेती कब और कैसे करें?,crop,crop.csv
आज कोटा का मौसम,weather,weather.json
ilaj,disease,disease.json
"म्हारा खेत में पाणी घणो कम है, कांई फसल जमसी?",crop,crop.json
crop,disease,disease.json
दाम जांचो,market,market.json
म्हारा खेत खातर सबसे फायदे री फसल बतावो।,crop,crop.json
mere khet mein tiddi aayi hai,pest,pest.json
राम राम सा हुकम जी,greeting,greeting.json
मूंगफली,crop,crop.json
jad sad gayi,disease,disease.json
स्प्रिंकलर सब्सिडी लेने की पूरी प्रक्रिया बताइए।,government,government.json
compare nearby mandi prices,market,market.json
croprotation,crop,crop.json
जुलाई में कौन सी फसल बोनी सबसे अच्छी रहेगी?,crop,crop.json
"hello pragati ai, nice to meet you.",greeting,greeting.json
fasalutpadan,crop,crop.json
nearest soil testing lab kahan hai?,soil,soil.csv
open settings,general,general.json
कमीशन एजेंट,market,market.json
white powder on wheat leaves,disease,disease.json
hailstorm destroyed everything compensation kaise milega,emergency,emergency.csv
सुन रहे हो,general,general.json
"मेरे खेत में पिछले साल मेथी था, अब क्या बोऊं?",crop,crop.json
म्हाने अनाज बेचणो है,market,market.json
ग्वार की बढ़वार रुक गई है।,disease,disease.json
bhulekh,government,government.json
मेरे खेत में मिट्टी का कटाव हो रहा है कैसे रोकूं?,soil,soil.csv
compare jaipur and kota mandi prices,market,market.json
hello bhai good afternoon kaise ho,greeting,greeting.csv
पैकिंग,market,market.json
फीडबैक,general,general.json
how can i verify the ownership of my agricultural land using government records?,government,government.json
heat wave alert hai kya mere area mein,weather,weather.csv
गन्ने की फसल में सिंचाई कितनी बार करें,irrigation,irrigation.csv
scheme registration,government,government.json
मेरे बोरवेल का पानी खारा है क्या करूं,irrigation,irrigation.csv
रबी,crop,crop.json
goat subsidy,government,government.json
फसल में कीड़े इतने हो गए हैं कि दिखाई नहीं देती,emergency,emergency.csv
"राम राम सा, म्हारे पास दो बीघा खेत है, कांई बोवां?",crop,crop.json
storm,weather,weather.json
what is the wind direction today,weather,weather.json
ਮਿੱਟੀ ਸੁੱਕੀ ਹੈ,soil,soil.json
ई मंडी,market,market.json
म्हारा खेत खातर नकदी खेती रो सुझाव दो।,crop,crop.json
म्हाने चणो बेचणो है,market,market.json
brown rust disease hai kya,disease,disease.json
is msp available for this crop,market,market.json
प्राकृतिक,disease,disease.json
how to change password,general,general.json
બજાર,market,market.json
madad karo bhai,general,general.json
खेत में क्या लगाऊं,crop,crop.json
mere khet ke liye best crop batao,crop,crop.json
दोबारा,general,general.json
save my crop immediately,disease,disease.json
prediction improve karo,disease,disease.json
crop emergency support,disease,disease.json
விலை,market,market.json
redsoil,crop,crop.json
which crop is suitable for drip irrigation?,crop,crop.json
bajra msp 2024 kya hai,market,market.csv
sos meri fasal mar rahi hai,emergency,emergency.csv
काला,disease,disease.json
best crop for first time farmers.,crop,crop.json
मेरे खेत में पिछले साल कपास था अब क्या बोऊं?,crop,crop.csv
उपजभाव,market,market.json
"welcome back dear farmer, nice to see you again.",greeting,greeting.json
सड़ी जड़,disease,disease.json
how to stop disease spreading,disease,disease.json
punjab,market,market.json
sugarcane,crop,crop.json
skill india,government,government.json
hello buddy,greeting,greeting.json
market,market,market.json
इस मौसम में कौन सी तिलहन फसल बोना बेहतर रहेगा?,crop,crop.json
theek hai,general,general.json
soil management,soil,soil.json
mudra loan,government,government.json
शानदार,general,general.json
नमी,market,market.json
टिड्डी दल आ गया,pest,pest.json
account problem,general,general.json
shreeanna,crop,crop.json
kalimitti,crop,crop.json
seed certification agency,government,government.json
म्हारा रोग सही पकड़्यो के नहीं?,disease,disease.json
fpo registration kaise kare,government,government.json
म्हाने फार्मर रजिस्ट्री रो स्टेटस देखणो है।,government,government.json
अटल पेंशन योजना,government,government.json
"राम राम सा, सेटिंग खोलो",general,general.json
"मैं राजस्थान का किसान हूँ, मेरे लिए कौन-कौन सी योजनाएँ उपलब्ध हैं?",government,government.json
म्हारा खेत में कांई रोग लाग गयो?,disease,disease.json
जैविक खेती,government,government.json
थारो परिवार मजा में है,greeting,greeting.json
insect on crop,pest,pest.json
mere farm ke liye best crop suggest karo,crop,crop.json
aap kya karte ho,general,general.json
rainwater,crop,crop.json
गर्मी में सब्जियों को दिन में कितनी बार पानी दें,irrigation,irrigation.csv
राज किसान आवेदन,government,government.json
beneficiary status,government,government.json
which crop is suitable for low rainfall?,crop,crop.json
उड़द बेचनी है,market,market.json
"म्हारी टमाटर री फसल में अर्ली ब्लाइट लाग री है, के करूं?",disease,disease.json
vanakkam anna,greeting,greeting.json
fertilizer deficiency emergency paudhe mar rahe hain,emergency,emergency.csv
best cash crop for rajasthan farmers?,crop,crop.csv
hanumangarh mandi gehu price today,market,market.csv
गेहूं बोने का सही समय क्या है?,crop,crop.csv
i want to sell my farm produce,market,market.json
ram ram sa mhane national livestock mission batavo.,government,government.json
i want to sell my mustard crop,market,market.json
मुरझाना,disease,disease.json
good assistant,general,general.json
farmer producer organization,government,government.json
leaf curl virus emergency meri fasal barbad ho rahi hai,emergency,emergency.csv
viral,disease,disease.json
म्हारे गांव में हवा तेज चालसी के,weather,weather.json
मिश्रण,disease,disease.json
hello pragati ai,general,general.json
आज ग्वार का भाव बढ़ा है क्या,market,market.csv
क्या यह बीमारी दूसरी फसलों में भी फैल सकती है?,disease,disease.json
rain,weather,weather.json
फॉर्म,government,government.json
पीएम किसान योजना में बैंक खाता कैसे जोड़ें,government,government.csv
मेरी फसल कौन खरीदेगा,market,market.json
rainfall,crop,crop.json
क्या मेरी फसल बच सकती है?,disease,disease.json
gudai,crop,crop.json
photo dobara scan karo,disease,disease.json
basal dose,fertilizer,fertilizer.json
droughttolerant,crop,crop.json
"म्हारी जमीन रो सरकारी रिकॉर्ड किण रीती देखूं, पूरा बतावो।",government,government.json
water holding capacity of soil kaise badhayein?,soil,soil.csv
sawai madhopur,crop,crop.json
cropland,crop,crop.json
"म्हाने खेती बदलणी है, अब कांई बोवां?",crop,crop.json
mandi mein fasal bechne ke liye registration kaise karein,market,market.csv
क्या यह फंगल रोग है?,disease,disease.json
rog batao,disease,disease.json
म्हारे गाँव में काई खेती फायदेमंद है?,crop,crop.json
dbw39,crop,crop.json
मेरी गेहूं की फसल में झुलसा रोग आ गया है,disease,disease.csv
expert,disease,disease.json
nabard loan kaise milega,government,government.json
"राम राम भाई, मेरे खेत के लिए कौन सी फसल सही रहेगी?",crop,crop.json
म्हाने ट्रैक्टर सब्सिडी किण रीती मिलसी?,government,government.json
ನನ್ನ ಮಣ್ಣಿನಲ್ಲಿ ಏನು ಕೊರತೆಯಿದೆ,soil,soil.json
"मेरे खेत में पिछले साल कपास था, अब क्या बोऊं?",crop,crop.json
ram ram kisan bhai.,greeting,greeting.json
सल्फर,soil,soil.json
गेहूं मंडी भाव,market,market.json
खुदरा रेट,market,market.json
find a cold storage near me,market,market.json
is it going to be cloudy today,weather,weather.json
मुनाफा रेट,market,market.json
guarseed,crop,crop.json
खेती के लिए सरकारी लोन कैसे मिलेगा,government,government.csv
may me crop recommendation,crop,crop.json
ब्लैक रॉट,disease,disease.json
म्हारे गांव में कांई बोया जावे,crop,crop.json
sorting,market,market.json
start again,general,general.json
profile settings,general,general.json
किसान रजिस्ट्री अपडेट कैसे करें,government,government.json
लेजर लेवलर और रोटावेटर पर सब्सिडी कैसे प्राप्त करें?,government,government.json
charcoal rot management,disease,disease.json
karauli,crop,crop.json
"म्हने खेती बदलवी है, काई बोऊँ?",crop,crop.json
fasal,crop,crop.json
pest identification help,pest,pest.csv
गेहूं में रतुआ रोग लग गया है क्या?,disease,disease.json
rate,market,market.json
नमस्ते जी pm kisan ka paisa aaya kya,greeting,greeting.csv
नया रेट,market,market.json
aqi today,weather,weather.json
एमएसपी किण है,market,market.json
root rot emergency hai meri fasal bachao,emergency,emergency.csv
अजवाइन की खेती कब और कैसे करें?,crop,crop.csv
can you help me discover features that i have never used before?,general,general.json
फसल रेट,market,market.json
श्रीगंगानगर मंडी में गेहूं का रेट,market,market.json
weekly weather report,weather,weather.json
म्हारी जमीन री उर्वरता बढ़ावणी है,soil,soil.json
हर हर महादेव,greeting,greeting.json
कल सरसों का भाव क्या था मंडी में,market,market.csv
बीज की बुवाई गहराई कितनी होनी चाहिए,seed,seed.csv
landholding,crop,crop.json
kam paani wali farming ka option batao,crop,crop.json
घणी देर पाछै मुलाकात हुई,greeting,greeting.json
ऐप का नया वर्जन कब आएगा,general,general.csv
मेरे खेत में सल्फर खाद कब डालें?,fertilizer,fertilizer.csv
ನನ್ನ ಮಣ್ಣಿನ ಪರೀಕ್ಷೆ ಮಾಡಿ,soil,soil.json
keet se fasal nasht ho rahi hai,pest,pest.json
next month crop price,market,market.json
farm loan maafi ki koi yojana hai kya rajasthan mein,government,government.csv
ye mosaic disease lag rahi hai,disease,disease.json
my crop is infected with disease,disease,disease.json
rajasthan,market,market.json
identify cumin disease,disease,disease.json
current bikaner market price,market,market.json
observe,disease,disease.json
राज किसान अनुदान,government,government.json
app update karo,general,general.json
सुप्रभात,greeting,greeting.json
khamma,crop,crop.json
"मेरे खेत की मिट्टी बहुत सख्त हो गई है, कैसे सुधारूं?",soil,soil.json
"ram ram sa, kheti badiya chale aur fasal bumper hove.",greeting,greeting.json
raj kisan portal ka registration kaise kare?,government,government.json
म्हाने खाद चाहिए,fertilizer,fertilizer.json
kcc banwane ke liye kahan jaana padega,government,government.csv
अभी बेचने में फायदा है क्या,market,market.json
म्हारे खेत में सरसों बाद कांई बोवां?,crop,crop.json
ganganagar mandi price,market,market.json
म्हारे खेत री मिट्टी में पानी रुकता नहीं है,soil,soil.csv
til,crop,crop.json
government se financial help kaise milegi farming ke liye?,government,government.json
wheat leaves turning yellow disease,disease,disease.json
hello bhai shubh prabhat,greeting,greeting.csv
अगले 7 दिनों में कौन सा दिन बारिश वाला है,weather,weather.json
psyllum,crop,crop.json
farmchoice,crop,crop.json
करौली मंडी भाव,market,market.json
diagnose,disease,disease.json
my entire wheat crop is dying please help,emergency,emergency.csv
maize hybrid seed variety batao,seed,seed.csv
seedcrop,crop,crop.json
मेरे पास सिंचाई की सुविधा नहीं है कौन सी फसल बोऊं?,crop,crop.csv
please explain the eligibility criteria for agriculture subsidy.,government,government.json
सबसे अच्छा मंडी भाव कहाँ है,market,market.json
फसल में कौन सा संक्रमण हुआ है?,disease,disease.json
म्हाने सही दवाई बतावो।,disease,disease.json
आज कटाई करूं के,weather,weather.json
फसल की पत्तियां मुड़ रही हैं।,disease,disease.json
pbw502,crop,crop.json
आज गेहूं का भाव क्या है,market,market.json
आज का पूर्वानुमान,weather,weather.json
सिकुड़ना,disease,disease.json
jan dhan account,government,government.json
meri kheti me disease aa gaya,disease,disease.json
मेरी फसल में रोग लग गया है।,disease,disease.json
आज दवाई छिड़काव करना सही है क्या,weather,weather.csv
how do i add my land to farmer registry?,government,government.json
suggest a crop that matures quickly.,crop,crop.json
plant nursery,government,government.json
बारिश कब होगी इस महीने,weather,weather.csv
बीज बैंक क्या होता है,seed,seed.csv
वर्तमान दाम,market,market.json
म्हाने फफूंदनाशक सुझावो।,disease,disease.json
मक्का की बुवाई का सही समय क्या है?,crop,crop.csv
tell me about yourself,general,general.json
धब्बा,disease,disease.json
boyegi,crop,crop.json
खरीफ सीजन में कौन सी फसल बोनी चाहिए?,crop,crop.csv
fenugreek seed price today mandi,market,market.csv
मेरी मूंग में सर्कोस्पोरा पत्ती धब्बा रोग है,disease,disease.csv
pmegp,government,government.json
म्हारा खेत में गेहूं खराब हो रयो है।,disease,disease.json
startup india agriculture,government,government.json
யூரியா எவ்வளவு போட வேண்டும்,fertilizer,fertilizer.json
पीएम किसान में गलत जानकारी सुधार कैसे करें,government,government.csv
rajasthankheti,crop,crop.json
cancel,general,general.json
hi bhai khamma ghani sa,greeting,greeting.csv
मुझे किसान सब्सिडी कैसे मिलेगी?,government,government.json
कृषि यंत्र किराए पर कहां मिलेंगे,machinery,machinery.csv
मिट्टी की गुणवत्ता,soil,soil.json
कृषि सहायक,general,general.json
try again,general,general.json
"मेरे खेत में पानी की कमी है, ड्रिप से कौन सी फसल उगाऊं?",crop,crop.json
pest control spray schedule,pest,pest.csv
प्राइवेसी,general,general.json
anthracnose treatment,disease,disease.json
रोकथाम,disease,disease.json
show menu,general,general.json
beej,crop,crop.json
हर्बल खेती,crop,crop.json
ताजा मंडी भाव,market,market.json
सही बतायो,general,general.json
sell cumin,market,market.json
when should i top dress my crop,fertilizer,fertilizer.json
notification off karo,general,general.json
राम राम,general,general.json
wa alaikum assalam,greeting,greeting.json
मेरे खेत में कौन सी औषधीय फसल सफल रहेगी?,crop,crop.json
भाई म्हारे खेत में कौन सी फसल बोवां जो गर्मी में भी हो जावे?,crop,crop.csv
मंडी बोली,market,market.json
थारा घर खुशियां आवे,greeting,greeting.json
"राम राम सा, म्हारी फसल खराब हो गई।",government,government.json
प्रतापगढ़ मंडी भाव,market,market.json
feedback dena,general,general.json
कम बारिश में सिंचाई कैसे करें,irrigation,irrigation.csv
lbg20,crop,crop.json
borewell band ho gaya fasal ko paani nahi mil raha,emergency,emergency.csv
best fertilizer for my soil,soil,soil.json
क्या आज मेरे खेत में बारिश होगी,weather,weather.json
hhb67improved,crop,crop.json
auction price,market,market.json
gehuji,crop,crop.json
locust attack on field,pest,pest.csv
"म्है किसान हूँ, सब्सिडी कद मिलसी?",government,government.json
मेरे खेत में इस बार क्या बोना सही रहेगा?,crop,crop.json
croplandindia,crop,crop.json
संक्रमण,disease,disease.json
help me choose crop,crop,crop.json
state government scheme,government,government.json
hi mate,greeting,greeting.json
sarso ke baad kya lagana chahiye,crop,crop.json
फसल सूखने लगी है।,disease,disease.json
म्हारे खेत में पोटाश कद डालणो चाहिए?,fertilizer,fertilizer.csv
म्हाने आज रो मौसम बतावो,weather,weather.json
"खम्मा घणी, म्हाने खेती रो सुझाव दो।",crop,crop.json
soil ph kaise check karein ghar par?,soil,soil.csv
rajasthan me best crop kaunsi hai,crop,crop.json
आज घणी खुशी हुई थाने देख,greeting,greeting.json
stem rot solution,disease,disease.json
राम राम भाई,government,government.json
crop for monsoon,crop,crop.json
दाम जानना,market,market.json
should i cultivate pearl millet,crop,crop.json
आलू,crop,crop.json
कृषि विज्ञान केंद्र में प्रशिक्षण कैसे लें?,government,government.json
म्हारे खेत री माटी रे हिसाब सूं फसल बतावो।,crop,crop.json
रीपर मशीन से फसल कटाई कैसे करें,machinery,machinery.csv
மண் பரிசோதனை முடிவை சொல்லுங்கள்,soil,soil.json
tractor battery kharab ho gayi hai kya karein,machinery,machinery.csv
पत्ता,disease,disease.json
म्हारा खेत में ब्लाइट है के?,disease,disease.json
म्हारी फसल बचावो सा।,disease,disease.json
क्या यह ऐप इंटरनेट के बिना भी कुछ सुविधाएँ प्रदान करता है?,general,general.json
disease detection karo,disease,disease.json
gm4,crop,crop.json
कृषि मंडी,market,market.json
photo se disease batao,disease,disease.json
horticulture,crop,crop.json
lightning struck my field and fire started emergency,emergency,emergency.csv
મંડી,market,market.json
which crop is suitable for sandy soil?,crop,crop.json
banjar,crop,crop.json
हरी खाद,fertilizer,fertilizer.json
सुरक्षा,disease,disease.json
"hello my dear friend, how are you today?",greeting,greeting.json
पहचानना,disease,disease.json
apmc,government,government.json
image,disease,disease.json
"मैं इस ऐप का पूरा फायदा उठाना चाहता हूँ, कृपया मुझे सही तरीका बताइए।",general,general.json
बीमारी पहचान करो,disease,disease.json
चना बोना सही रहेगा या सरसों?,crop,crop.json
बीज की पैकेट पर क्या जानकारी देखें,seed,seed.csv
select hindi,general,general.json
"मेरे खेत की मिट्टी में पोषक तत्वों की कमी है, क्या करूं?",soil,soil.json
फोन,general,general.json
विशेषज्ञ,disease,disease.json
is the soil too wet,soil,soil.json
rhb154,crop,crop.json
चैट हिस्ट्री कैसे डिलीट करें,general,general.csv
how can i apply for sprinkler subsidy?,government,government.json
जीरा बोवां तो मुनाफो मिलसी?,crop,crop.json
pulse scheme,government,government.json
खेती,crop,crop.json
आज पौध रोपाई करूं,weather,weather.json
pakwai,crop,crop.json
थारे खेत में मुनाफो देण वाली फसल बतावो।,crop,crop.json
खम्मा घणी काका,greeting,greeting.json
"म्हाने इस बार अच्छी कमाई करणी है, कांई बोवां?",crop,crop.json
august me kaunsi fasal lagau,crop,crop.json
rhb306,crop,crop.json
बारिश के बाद खेत में काम कब करें,weather,weather.csv
जमीन कोरडी आहे,soil,soil.json
तस्वीर,disease,disease.json
मक्का की खेती के लिए कौन सा मौसम अच्छा है?,crop,crop.json
can organic farming control disease,disease,disease.json
can i use this application every day for my farming activities?,general,general.json
राम राम किसान,greeting,greeting.json
wheat leaf spot disease,disease,disease.json
rainfedarea,crop,crop.json
म्हारी भाषा बदलावो,general,general.json
radhe radhe bhai.,greeting,greeting.json
उदयपुर मंडी में मक्का का आज का बाजार भाव,market,market.json
सरकारी योजना का लाभ लेने की पूरी प्रक्रिया बताइए।,government,government.json
आज हनुमानगढ़ मंडी में गेहूं का भाव,market,market.csv
नमस्ते जी jai hind,greeting,greeting.csv
गेहूं की फसल सूख रही है।,disease,disease.json
welcome back farmer,greeting,greeting.json
smartfarming,crop,crop.json
बाजरे का उन्नत बीज कौन सा है राजस्थान में,seed,seed.csv
मूंग के पौधे सूख रहे हैं।,disease,disease.json
mustard leaf disease,disease,disease.json
रूट रॉट की समस्या हो गई है।,disease,disease.json
ମାଟିର ph କେତେ,soil,soil.json
मेरे खेत में टमाटर की फसल में फंगस लग गई है,disease,disease.csv
disease rokne ka upay,disease,disease.json
हरियाणा,market,market.json
भाई म्हारे बाजरे में हरित बाली रोग आ गयो है,disease,disease.csv
cropadvisor,crop,crop.json
म्हने मुनाफा वाली फसल बतावो।,crop,crop.json
अगले दस दिनों का मौसम कैसा रहेगा,weather,weather.json
नई पत्तियां पीली निकल रही हैं।,disease,disease.json
कीट हमला तुरंत दवाई बताओ,pest,pest.csv
profitablecrop,crop,crop.json
tell about pragati ai,general,general.json
आज जीरा कितने का चल रहा है,market,market.json
rotationcrop,crop,crop.json
कीट नियंत्रण के उपाय,pest,pest.json
बेर,crop,crop.json
सुखी रहजो,greeting,greeting.json
apmc mandi registration kaise kare,government,government.json
peanut,crop,crop.json
कल बारिश होगी क्या,weather,weather.csv
মাটি পরীক্ষার ফলাফল বলুন,soil,soil.json
मानसून अपडेट,weather,weather.json
soil test report app mein kaise dekhein,general,general.csv
tum meri help kar sakte ho,general,general.json
मेरी फसल में कौन सा रोग है?,disease,disease.json
7 day forecast,weather,weather.json
"राम राम सा, रतुआ रोग लाग गयो।",disease,disease.json
cashcrop,crop,crop.json
रिकवरी,disease,disease.json
ram ram sa sabhi annadata bhaiyo aur behno.,greeting,greeting.json
आज कूणसी मंडी में ज्यादा बोली लगी,market,market.json
म्हारा पौधा रो विकास रुक गयो।,disease,disease.json
air quality index,weather,weather.json
government agriculture scheme,government,government.json
is saal sardi jaldi aayegi kya,weather,weather.csv
white grub in soil,pest,pest.csv
रोग रोकथाम उपाय,disease,disease.json
पाली मंडी में इसबगोल का भाव बताओ,market,market.json
aridfarming,crop,crop.json
cumin fungal disease,disease,disease.json
best market to sell crop,market,market.json
फटना,disease,disease.json
नहर से खेत तक पानी कैसे लाएं,irrigation,irrigation.csv
lagana,crop,crop.json
काल मौसम किण रहसी,weather,weather.json
क्या भाव गिरेंगे,market,market.json
मेरे लिए कौन सी फसल सही रहेगी,general,general.csv
how to use chatbot,general,general.json
म्हारे खेत री मिट्टी में कॉपर री कमी है,soil,soil.csv
थारा खेत हरा भरा रहै,greeting,greeting.json
mustard price trend last month kya raha,market,market.csv
government scheme apply kaise kare?,government,government.json
kide lag gaye hain fasal mein,pest,pest.csv
crop recover kaise hogi,disease,disease.json
किसान सम्मान निधि का पैसा नहीं आया शिकायत कहां करें,government,government.csv
irrigatedcrop,crop,crop.json
chatbot,general,general.json
jan aadhar,government,government.json
"मेरे खेत में पिछले साल अरहर थी, अब क्या बोऊं?",crop,crop.json
crop planning me meri madad karo,crop,crop.json
थांने खम्मा घणी,greeting,greeting.json
मेरे गांव में सॉइल हेल्थ कार्ड कैंप कब लगेगा,government,government.csv
what documents are required for land mutation?,government,government.json
मंडी खरीद,market,market.json
tarbandi yojana,government,government.json
kisan credit card ke liye apply kaise karein,government,government.csv
"khamma ghani sa, bhagwan thane hamesha khush rakhe.",greeting,greeting.json
"राम राम सा, म्हारा खेत में इस बार कांई बोवां?",crop,crop.json
मेरे खेत के लिए सही फसल की सलाह चाहिए।,crop,crop.json
थूं राज किसान पोर्टल री पूरी जानकारी देवो।,government,government.json
milletmission,crop,crop.json
म्हूं खेत माटी हिसाब सूं फसल पसंद करूं?,crop,crop.json
yellow leaves in wheat,disease,disease.json
app ka use batao,general,general.json
म्हारे खेत में खाद की मात्रा मिट्टी जांच के आधार पर बताओ,fertilizer,fertilizer.csv
जल्दी फेर मुलाकात होवे,greeting,greeting.json
weather in jodhpur,weather,weather.json
खेती का सुझाव,crop,crop.json
तिलहन योजना,government,government.json
राज किसान रजिस्ट्रेशन,government,government.json
इस रोग का इलाज क्या है?,disease,disease.json
how to apply for national livestock mission?,government,government.json
farmer unique id,government,government.json
म्हारी माटी में नमी कितणी है,soil,soil.json
benefit,government,government.json
जयपुर मंडी आज खुली है क्या,market,market.json
म्हाने फेर सूं स्कैन कर दो।,disease,disease.json
म्हाने आढ़ती रो नंबर चाहिए,market,market.json
सिफारिश,disease,disease.json
म्हाने खेती री सही सलाह दो।,crop,crop.json
सरसों में सफेद फफूंदी दिखाई दे रही है।,disease,disease.json
agli season me konsa crop best rahega,crop,crop.json
कीट से बचाव के उपाय,pest,pest.json
टिड्डी दल का हमला,pest,pest.csv
how to submit feedback,general,general.json
bajra me black disease hai kya,disease,disease.json
long term soil fertility kaise maintain karein?,soil,soil.csv
soil report details,soil,soil.json
crop according to season,crop,crop.json
कौन सा फफूंदनाशक इस्तेमाल करूँ?,disease,disease.json
म्हारे गाँव में काई खेती चाले है?,crop,crop.json
guide me,general,general.json
ఎరువును ఎప్పుడు వేయాలి,fertilizer,fertilizer.json
ऐप सहायता,general,general.json
डेयरी,government,government.json
म्हाने जैविक फसल बताओ,crop,crop.json
ಮಣ್ಣಿನ ಪರೀಕ್ಷೆಯ ಫಲಿತಾಂಶ ತಿಳಿಸಿ,soil,soil.json
आज खेत जाऊं के,weather,weather.json
राजस्थान के किसानों के लिए कौन-कौन सी सरकारी योजनाएँ उपलब्ध हैं?,government,government.json
म्हाने मार्केट री सलाह देवो,market,market.json
how to change language,general,general.json
"good morning farmer, wishing you bumper harvest.",greeting,greeting.json
lalmitti,crop,crop.json
change village,general,general.json
मेरी फसल के लिए कौन सी खाद सही है,fertilizer,fertilizer.json
"जद भी म्हाने कोई दिक्कत आवे, थूं तुरंत मदद करजो।",general,general.json
crop disease report,disease,disease.json
fertilizer application method kya hona chahiye?,fertilizer,fertilizer.csv
पहचान,disease,disease.json
राम राम सा,greeting,greeting.json
sowing weather,weather,weather.json
jamabandi online,government,government.json
प्रणाम साहब,greeting,greeting.json
म्हाने चणा बोवां के सरसों?,crop,crop.json
greenfield,crop,crop.json
jai hind sir.,greeting,greeting.json
"मेरे खेत में पहली बार खेती कर रहा हूँ, क्या बोऊँ?",crop,crop.json
उड़द की बुवाई का सही समय बताओ,crop,crop.csv
what is my soil type,soil,soil.json
paani ki bachat ke liye kya karna chahiye khet mein,irrigation,irrigation.csv
my plants are dying,disease,disease.json
तुम कौन हो,general,general.json
एक बार स्प्रे काफी होगा या दो बार करना पड़ेगा?,disease,disease.json
टूटना,disease,disease.json
guar yellow leaves disease,disease,disease.json
hey,general,general.json
share app karo,general,general.json
farmadvisor,crop,crop.json
crop for winter,crop,crop.json
मेरे खेत में जीरा ज्यादा अच्छा होगा या धनिया?,crop,crop.json
सदा हंसता रहजो,greeting,greeting.json
should i plant black gram,crop,crop.json
mere area me sabse profitable crop kaunsi hai,crop,crop.json
tell me every government scheme available for indian farmers.,government,government.json
थाने देख मन गदगद हो गयो,greeting,greeting.json
"मेरे खेत की मिट्टी बलुई है, कौन सी फसल अच्छी रहेगी?",crop,crop.json
मेरे गाँव में कौन सी फसल सबसे ज्यादा बोई जाती है?,crop,crop.json
"hi pragati ai, hope you are doing absolutely fine today.",greeting,greeting.json
pmmsy,government,government.json
paani dene ke sahi tarike kya kya hain,irrigation,irrigation.csv
खेत में आग लग गई है अभी,emergency,emergency.csv
मंडी,market,market.json
बकरी पालन के लिए सरकारी सब्सिडी कैसे मिलेगी?,government,government.json
kya tum mujhe step by step pura app sikha sakte ho?,general,general.json
collar rot,disease,disease.json
animal husbandry department,government,government.json
बेचने भाव,market,market.json
मेरे खेत की मिट्टी की रिपोर्ट बताइए,soil,soil.json
फसल सलाह,crop,crop.json
dbw90,crop,crop.json
आप मेरी मदद कर सकते हैं,general,general.json
മണ്ണ് പരിശോധന റിപ്പോർട്ട് കാണിക്കൂ,soil,soil.json
certified seed aur normal seed mein kya difference hai,seed,seed.csv
आज रो बाजार रेट,market,market.json
keet nashak dawa,pest,pest.json
बाजरा का भाव,market,market.json
how can i contact the horticulture department?,government,government.json
mulch,crop,crop.json
शुरू करो,general,general.json
will it rain today,weather,weather.json
रात का मौसम,weather,weather.json
kam paani me jyada income wali farming batao,crop,crop.json
म्हाने मिट्टी जांच करावणी है,soil,soil.json
मेरी बीमा क्लेम की स्थिति बताइए।,government,government.json
खाद पर सब्सिडी कैसे मिलती है,government,government.csv
म्हारी फसल में कौन सी खाद सबसे पहले डालणो चाहिए?,fertilizer,fertilizer.csv
मक्का में कौन सा रोग है?,disease,disease.json
तना,disease,disease.json
rotation,crop,crop.json
थारे बिना सूना लागे,greeting,greeting.json
सूजन,disease,disease.json
sprayer machine ki safai kaise karein,machinery,machinery.csv
म्हूं काई फसल बोऊँ जिको मुनाफो घणो होय?,crop,crop.json
बीज उपचार कैसे करें बुवाई से पहले,seed,seed.csv
m'hari fasal mein kide ki dawai kya hai,pest,pest.csv
ग्वार में धब्बे दिखाई दे रहे हैं।,disease,disease.json
सौंफ,crop,crop.json
आज लू चलेगी क्या,weather,weather.csv
বাজার,market,market.json
how to use offline mode,general,general.json
hello bhai,general,general.json
rowspacing,crop,crop.json
उड़द में पत्तियों पर धब्बे हैं।,disease,disease.json
detect plant disease,disease,disease.json
म्हाने अच्छी कमाई री फसल बतावो।,crop,crop.json
"hello everyone, welcome to pragati ai.",greeting,greeting.json
kaise ho,general,general.json
"मेरी पीएम किसान की किस्त अभी तक नहीं आई, क्या करूँ?",government,government.json
म्हारा खेत री फसल,crop,crop.json
हनुमानगढ़ मंडी में सरसों का भाव,market,market.json
"मेरी फसल में मैग्नीशियम की कमी है, क्या करूं?",fertilizer,fertilizer.json
आज तो मजो आ गयो,greeting,greeting.json
"मेरे खेत की मिट्टी रेतीली है, मुझे कौन सी फसल लगानी चाहिए?",crop,crop.json
म्हारे खेत में पिछले साल चना था अब कांई बोवां?,crop,crop.csv
cropprofit,crop,crop.json
can i harvest today,weather,weather.json
menu,general,general.json
nice,general,general.json
mosaic,disease,disease.json
भू नक्शा,government,government.json
वैज्ञानिक,disease,disease.json
rabi mein kaunse keede aate hain,pest,pest.csv
के बात सा,greeting,greeting.json
भाव पूछो,market,market.json
फल सड़ रहे हैं।,disease,disease.json
lentil,crop,crop.json
मेरे बैंगन में जड़ गांठ सूत्रकृमि का प्रकोप है,disease,disease.csv
income,crop,crop.json
crop disease check,disease,disease.json
plant ko kya hua hai,disease,disease.json
agriculture,crop,crop.json
आज सूरज कद डूबसी,weather,weather.json
low budget farming option batao,crop,crop.json
ऐप का मेनू कैसे खोलें,general,general.csv
sab badhiya,greeting,greeting.json
irrigation weather,weather,weather.json
cropprediction,crop,crop.json
farmer registry land verification,government,government.json
scheme benefits,government,government.json
samjhao,general,general.json
बतख पालन,government,government.json
मिट्टी सुधार,soil,soil.json
रियल फील तापमान,weather,weather.json
"म्हारी मिट्टी में केंचुए कम हैं, के करूं?",soil,soil.json
लाइट मोड,general,general.json
arhar,crop,crop.json
how to improve soil fertility naturally?,soil,soil.csv
identify,disease,disease.json
pranam bhai,greeting,greeting.csv
म्हारी माटी में फास्फोरस किण है,soil,soil.json
म्हारी फसल खातर दवाई बतावो।,disease,disease.json
dairy scheme,government,government.json
ergot disease,disease,disease.json
which crop is best for rabi season in rajasthan?,crop,crop.csv
म्हाने गोदाम चाहिए,market,market.json
"hello friend, wishing you a successful farming season.",greeting,greeting.json
आज मूंग का रेट,market,market.json
khata,crop,crop.json
kharif season mein kaunsi fasal best hai?,crop,crop.csv
म्हाने गेहूं बेचणो है,market,market.json
पीएम किसान में मेरा नाम है या नहीं कैसे पता करें,government,government.csv
म्हाने सरकार सूं कृषि यंत्र खरीदण खातर सहायता चाहिए।,government,government.json
उदयपुर मंडी भाव,market,market.json
will there be a storm today,weather,weather.json
crop suggestion,crop,crop.json
खाता,general,general.json
म्हाने रोग रोकणो सही तरीका बतावो।,disease,disease.json
heavy rain alert,weather,weather.json
ठीक हो,general,general.json
kaise ho,greeting,greeting.json
बारिश सूं फसल बचावण री सलाह,weather,weather.json
meri fasal survive karegi kya,disease,disease.json
पौधा बीमार,disease,disease.json
आंधी आने वाली है क्या आज,weather,weather.csv
ग्वार मंडी भाव,market,market.json
म्हाने कुसुम योजना बतावो,government,government.json
ram ram hukam,greeting,greeting.json
kam paani me kaunsi crop lagau,crop,crop.json
धनिया का बीज कब बोएं,seed,seed.csv
क्या पूरी फसल संक्रमित हो जाएगी?,disease,disease.json
मेरे खेत में कौन सी फसल जल्दी तैयार हो जाएगी?,crop,crop.json
देव नारायण री कृपा रहे,greeting,greeting.json
play store पर यह ऐप कैसे खोजें,general,general.csv
farmer registration,government,government.json
"म्हाने कम खर्च री खेती करनी है, कांई बोवां?",crop,crop.json
फसल बेचने का सबसे सही समय कौन सा है,market,market.json
ओले पड़ने से पूरी फसल नष्ट हो गई,emergency,emergency.csv
ट्रैक्टर का इंजन ऑयल कब बदलें,machinery,machinery.csv
best farming option batao,crop,crop.json
can you explain every feature of this application in a simple step by step manner?,general,general.json
शुभ रात्रि,greeting,greeting.json
does my field need irrigation,soil,soil.json
yellow sticky trap,pest,pest.json
मेरी फसल में डाउनी मिल्ड्यू लग गया है।,disease,disease.json
kheera,crop,crop.json
श्रीगंगानगर में कौन सी खेती सबसे अच्छी रहती है?,crop,crop.json
meri farming improve kaise hogi,crop,crop.json
check soil ph,soil,soil.json
सूक्ष्म पोषक तत्व,soil,soil.json
kharbooja,crop,crop.json
म्हारे खातर काई सब्सिडी है?,government,government.json
आप क्या करते हो,general,general.json
nabard,government,government.json
leaf disease batao,disease,disease.json
મારી જમીનની રિપોર્ટ સમજાવો,soil,soil.json
internet nahi hai to app chalega kya,general,general.csv
म्हारे पौधा रो विकास रुक गयो।,disease,disease.json
current,market,market.json
bio902,crop,crop.json
दरार,disease,disease.json
यह बीमारी क्यों आई है?,disease,disease.json
फसल बीमा के लिए कौन सी फसलें कवर होती हैं,government,government.csv
hi agrodhan,greeting,greeting.json
operation greens,government,government.json
crop is drying,disease,disease.json
hourly weather,weather,weather.json
should i go to the field today,weather,weather.json
transplanting,crop,crop.json
which scheme is available for small farmers?,government,government.json
थारो जवाब बढ़िया है,general,general.json
आज का मौसम खेती के लिए कैसा है,weather,weather.csv
mungbean,crop,crop.json
म्हारा खेत सूको है कांई बोवां,crop,crop.json
bee keeping scheme,government,government.json
कैमरे से फसल की जांच कैसे करें,general,general.csv
மண்ணின் ph என்ன,soil,soil.json
"म्हाने आवेदन करनो है, कद करूँ?",government,government.json
अनाज कीमत,market,market.json
मेरी सरसों में पाउडरी मिल्ड्यू हो गई है,disease,disease.csv
गेहूं में पीला रतुआ दिखाई दे रहा है।,disease,disease.json
"मेरी फसल में कीड़ा लग गया है, क्या करूं?",disease,disease.json
garammasala,crop,crop.json
profile,general,general.json
सिंचित खेत की फसल,crop,crop.json
"namaste ji, aapka din shubh aur mangalmay rahe.",greeting,greeting.json
gehu ke baad best crop kya hai,crop,crop.json
suggest fertilizer based on my soil,soil,soil.json
गुणवत्ता,market,market.json
बीमा क्लेम,government,government.json
रोग जांच करो,disease,disease.json
"मेरे खेत में काली मिट्टी है, इसमें कौन सी फसल अच्छी होगी?",soil,soil.json
recommend a crop suitable for low rainfall regions.,crop,crop.json
खम्मा घणी बाईसा,greeting,greeting.json
"मेरे खेत में पिछले साल सूरजमुखी था, अब क्या बोऊं?",crop,crop.json
प्याज,crop,crop.json
hhb299,crop,crop.json
where is my nearest krishi vigyan kendra?,government,government.json
otp resend,general,general.json
kya haal hai,general,general.json
pm vishwakarma,government,government.json
मंडी बताओ,market,market.json
ट्रैक्टर पर सरकारी सब्सिडी कैसे मिलती है,machinery,machinery.csv
jamabandi copy,government,government.json
फसल बीमा के लिए बैंक में जाना जरूरी है क्या,government,government.csv
"मेरी मिट्टी में फास्फोरस की कमी है, क्या करूं?",soil,soil.json
mini tractor subsidy rajasthan 2024,government,government.csv
disease spreading everywhere,disease,disease.json
what should i grow after wheat?,crop,crop.json
इस साल कौन सी फसल सबसे ज्यादा कमाई करा सकती है?,crop,crop.json
ऐप में कितनी भाषाएं उपलब्ध हैं,general,general.csv
अंकुरण,crop,crop.json
गेहूं का सबसे अच्छा बीज कौन सा है,seed,seed.csv
tana borer keeda,pest,pest.json
तुम क्या हो,general,general.json
aaj ka temperature kitna hai,weather,weather.csv
तना गलन,disease,disease.json
home,general,general.json
म्हाने हर फीचर उदाहरण सहित समझावो।,general,general.json
घणो आनंद आयो,greeting,greeting.json
temperature,weather,weather.json
whitefly ka bada attack ho gaya hai turant kya karein,emergency,emergency.csv
आधार,government,government.json
आपदा,disease,disease.json
raj3077,crop,crop.json
म्हारी जमीन में काई खेती चालसी?,crop,crop.json
patte peele ho rahe hain,disease,disease.json
कम पानी में कौन सी फसल उगाई जा सकती है?,crop,crop.csv
कम पानी में सबसे अच्छी खेती कौन सी है?,crop,crop.json
suggest crop according to my soil,crop,crop.json
crop diagnose karo,disease,disease.json
राम राम काका,greeting,greeting.csv
soil moisture level,soil,soil.json
दोमट मिट्टी,soil,soil.json
मेरी फसल में आयरन की कमी है क्या डालूं?,fertilizer,fertilizer.csv
जावक,market,market.json
আমার মাটিতে আর্দ্রতা কত,soil,soil.json
bestyield,crop,crop.json
मेरे खेत में धान के लिए खाद की मात्रा बताओ,fertilizer,fertilizer.csv
bajra me disease aa gaya,disease,disease.json
tractor loan kaise milega bank se,machinery,machinery.csv
raj kisan portal par documents upload kaise kare?,government,government.json
is season me kya boya jaye,crop,crop.json
म्हारी फसल बरसात सूं खराब हो गई।,government,government.json
who is buying mustard today,market,market.json
राज किसान पोर्टल पर किसान पंजीकरण कैसे करें?,government,government.json
"राम राम सा, पीएम किसान योजना रो फॉर्म भरनो है।",government,government.json
pusajaikisan,crop,crop.json
onion mein stemphylium blight disease hai,disease,disease.csv
weather forecast for next week rajasthan,weather,weather.csv
tum mujhe har feature step by step sikhao.,general,general.json
urgent solution do,disease,disease.json
mustard msp 2024-25 kya hai,market,market.csv
pmfby,government,government.json
fir se bolo,general,general.json
मेरे खेत में ssp और dap में कौन सा बेहतर है?,fertilizer,fertilizer.csv
"क्या यह ai मेरे हर सवाल का जवाब देने की कोशिश करेगा, चाहे वह खेती से जुड़ा हो या ऐप से?",general,general.json
म्हारा खेत में पाणी ओछो है।,crop,crop.json
म्हारा खेत खातर खरीफ री फसल बतावो।,crop,crop.json
मसूर की बुवाई का सही समय बताओ,crop,crop.csv
mh1142,crop,crop.json
ठंड सूं फसल बचावण रो उपाय,weather,weather.json
medicine dosage for crop,disease,disease.json
मौसम के अनुसार खेती की योजना बताइए,weather,weather.json
black rust disease,disease,disease.json
krishi vibhag,government,government.json
poultry subsidy apply,government,government.json
companioncrop,crop,crop.json
rating deni hai,general,general.json
crop disease diagnosis,disease,disease.json
new farmer scheme,government,government.json
"राम राम सा, म्हारा खेत खातर काई फसल ठीक रहसी?",crop,crop.json
म्हारी जमीन खातर कांई बोवां,crop,crop.json
म्हाने खेती खातर अनुदान बतावो।,government,government.json
फफूंदी रोग,disease,disease.json
सिखाओ,general,general.json
फसल में कौन सा रोग है?,disease,disease.json
desertcrop,crop,crop.json
healthy soil,soil,soil.json
क्या आप मुझे इस ऐप का उपयोग करने का सबसे आसान तरीका बता सकते हैं?,general,general.json
म्हारे खेत में नीम कोटेड यूरिया कद डालणो चाहिए?,fertilizer,fertilizer.csv
fasal ki tasveer kheenchkar kaise bhejein,general,general.csv
drip irrigation mein fertilizer kaise dete hain,irrigation,irrigation.csv
please explain everything in simple language because i am a beginner.,general,general.json
थारी जानकारी बतावो,general,general.json
virus attack hai,disease,disease.json
aaj ka mandi rate app mein kahan hai,general,general.csv
hi1544,crop,crop.json
मेरे खेत के लिए कम जोखिम वाली खेती सुझाइए।,crop,crop.json
nice to see you,greeting,greeting.json
म्हारा पौधा जांच कर दो सा।,disease,disease.json
कपास में थ्रिप्स,pest,pest.json
मीठी राम राम,greeting,greeting.json
crop rotation ke baare mein batao,crop,crop.csv
आज कीमत,market,market.json
which crop is suitable for jodhpur?,crop,crop.json
hd2851,crop,crop.json
hey,greeting,greeting.json
sell wheat,market,market.json
soil ph,soil,soil.json
nagaur mandi bhav,market,market.json
माहू के लिए कीटनाशक,pest,pest.csv
बीघा,crop,crop.json
hello brother,greeting,greeting.json
gm9926,crop,crop.json
croplist,crop,crop.json
ओलावृष्टि की चेतावनी है क्या,weather,weather.csv
महसूस होने वाला तापमान,weather,weather.json
"राम राम, फसल बताओ",crop,crop.json
मार्केट रेट,market,market.json
mere farm ke liye kaunsi fasal sahi rahegi,crop,crop.json
lagayi,crop,crop.json
चना का भाव,market,market.json
मेरी धनिया की फसल में स्टेम रॉट हो गई है,disease,disease.csv
frost warning kya hai aaj raat ke liye,weather,weather.csv
crop fungus,disease,disease.json
good evening bhai jai shri ram,greeting,greeting.csv
ओलावृष्टि,weather,weather.json
how to protect crops from hailstorm,weather,weather.json
घणी घणी राम राम,greeting,greeting.json
what makes this application different from other agriculture apps?,general,general.json
guide,general,general.json
गेहूं की जगह इस बार कौन सी दूसरी फसल बोनी चाहिए?,crop,crop.json
gehu ka bhav is hafte kitna badha,market,market.csv
startup india agriculture registration,government,government.json
मेरे खेत में पिछले साल मक्का था अब क्या बोऊं?,crop,crop.csv
खेत में पानी की निकासी कैसे करें,irrigation,irrigation.csv
selling,market,market.json
hhb272,crop,crop.json
shortdurationcrop,crop,crop.json
मेरी अरहर में विल्ट रोग आ गया है क्या करूं?,disease,disease.csv
बीज प्रमाणीकरण एजेंसी,government,government.json
बूंदी मंडी भाव,market,market.json
आज तेज हवा चलेगी क्या,weather,weather.csv
urd,crop,crop.json
खोजना,disease,disease.json
आज कूणसी मंडी में घणो भाव है,market,market.json
boai,crop,crop.json
ऑर्गेनिक,disease,disease.json
खरीद रेट,market,market.json
bacterial crop disease,disease,disease.json
कीटनाशक की मात्रा प्रति एकड़,pest,pest.csv
tomorrow weather,weather,weather.json
ugayi,crop,crop.json
म्हारी जमीन खातर काई फसल बढ़िया चालसी?,crop,crop.json
seed storage ka sahi tarika kya hai,seed,seed.csv
sirohi,crop,crop.json
"मिर्च के फल सड़ रहे हैं, कौन सी बीमारी है?",disease,disease.json
म्हाने बतावो कि यो ऐप बाकी ऐपां सूं क्यूँ अलग है।,general,general.json
soil health analysis,soil,soil.json
cercospora,disease,disease.json
cropforecast,crop,crop.json
म्हारी माटी री ec कितणी है,soil,soil.json
"hi pragati, hope you are doing great.",greeting,greeting.json
सर्कोस्पोरा लीफ स्पॉट का उपचार बताइए।,disease,disease.json
urad ki crop murjha rahi hai,disease,disease.json
मड़ाई,crop,crop.json
chilli,crop,crop.json
म्हारी सहायता करो,general,general.json
म्हारा गांव में बारिश होसी के,weather,weather.json
drought se meri fasal khatam ho rahi hai,emergency,emergency.csv
coriander,crop,crop.json
seedrate,crop,crop.json
थूं किसान री मदद करै,general,general.json
guide karo,general,general.json
gw322,crop,crop.json
"chilli mein thrips ka attack ho gaya hai, kya karein?",disease,disease.json
fungus lag gaya,disease,disease.json
perlmillet,crop,crop.json
अपडेट,general,general.json
मातीत ओलावा किती आहे,soil,soil.json
इस मौसम में कौन सी खेती करना फायदेमंद रहेगा?,crop,crop.json
थारे दर्शन हो गया,greeting,greeting.json
आज मेरे खेत में बारिश होगी क्या,weather,weather.json
mhari,crop,crop.json
crop buying,market,market.json
മണ്ണിലെ ഈർപ്പം എത്രയാണ്,soil,soil.json
मुझे खेती की सलाह चाहिए,crop,crop.json
rgn13,crop,crop.json
high demand crop suggest karo,crop,crop.json
maisee,crop,crop.json
मेरे पौधे में क्या खराबी है?,disease,disease.json
दिल सूं राम राम,greeting,greeting.json
हवा की रफ्तार कितनी है,weather,weather.json
मेरी फसल में पत्तियों पर खाद का छिड़काव कब करें?,fertilizer,fertilizer.csv
"राम राम, म्हारै खातर काई सरकारी योजना है?",government,government.json
good afternoon,greeting,greeting.json
बोलकर सवाल पूछने का तरीका बताओ,general,general.csv
पाला पड़ने की संभावना है क्या इस हफ्ते,weather,weather.csv
कद पधार्या सा,greeting,greeting.json
downy mildew disease,disease,disease.json
mewar,crop,crop.json
నా నేల పరీక్ష చేయండి,soil,soil.json
ब्लैक रस्ट से फसल कैसे बचाऊँ?,disease,disease.json
मूंग का भाव,market,market.json
hg100,crop,crop.json
पशुपालन योजना,government,government.json
जमाबंदी,government,government.json
क्या आप मेरी खेती से जुड़े हर सवाल का जवाब देने की पूरी कोशिश करेंगे?,general,general.json
कोल्ड स्टोरेज कहाँ मिलेगा,market,market.json
rgn73,crop,crop.json
गुआर का भाव आज कितना है,market,market.csv
इस रोग पर कौन सा स्प्रे करें?,disease,disease.json
फसल बीमार,disease,disease.json
croptechnology,crop,crop.json
म्हाने यो ऐप रो हर एक फीचर समझावो।,general,general.json
मेरी मिट्टी उपजाऊ है या नहीं,soil,soil.json
best crop for winter season,crop,crop.json
मूंग की खेती कब और कैसे करें?,crop,crop.csv
खम्मा घणी किसान,greeting,greeting.json
फसल बीमा योजना में नाम कैसे दर्ज करें,government,government.csv
"बाजरे में माहू कीड़ा लग गया है, उपाय बताओ",disease,disease.json
कीट से फसल नष्ट हो रही है,pest,pest.json
पधारो म्हारे देस,greeting,greeting.json
समझ गया,general,general.json
katai,crop,crop.json
is it going to be sunny today,weather,weather.json
dap,fertilizer,fertilizer.json
who developed you,general,general.json
aphid control in mustard crop,pest,pest.csv
account nahi ban raha,general,general.json
seedbed,crop,crop.json
मिट्टी उपजाऊ कैसे बनाएं,soil,soil.json
crop loss survey kab hoga mere khet ka,government,government.csv
प्रधानमंत्री रोजगार सृजन कार्यक्रम,government,government.json
patte sukhe,disease,disease.json
मृदा स्वास्थ्य,soil,soil.json
वेरिफिकेशन,government,government.json
buffalo farming,government,government.json
cropvalue,crop,crop.json
which rajasthan mandi is giving the best price today,market,market.json
उपज रेट,market,market.json
"राम राम सा, म्हाने जमाबंदी, खसरा, भू नक्शा अर नामांतरण रो पूरा तरीका समझावो।",government,government.json
digitalfarming,crop,crop.json
how to contact support,general,general.json
मंडी जानकारी,market,market.json
मेरे लिए कौन सी सरकारी योजना सबसे ज्यादा लाभदायक रहेगी?,government,government.json
मिनी ट्रैक्टर और बड़े ट्रैक्टर में कौन सा अच्छा है,machinery,machinery.csv
भादवा में कांई फसल ठीक रहसी?,crop,crop.json
म्हारा खेत में स्प्रे कद करूं?,disease,disease.json
उड़द का सबसे अच्छा बीज कौन सा है,seed,seed.csv
weather alerts for today,weather,weather.json
kam paani me best crop kaunsi hai,crop,crop.json
मेरे खेत के लिए कितने hp का ट्रैक्टर चाहिए,machinery,machinery.csv
mhane fpo banavano hai.,government,government.json
सरसों का msp 2024-25 में कितना है,market,market.csv
असर,disease,disease.json
"मुझे किसान क्रेडिट कार्ड बनवाना है, पूरी जानकारी दीजिए।",government,government.json
म्हाने soil nutrients बतावो,soil,soil.json
apni fasal ka sahi rate kaise pata karein,market,market.csv
namaste bhai jai hind,greeting,greeting.csv
software,general,general.json
सरकारी कृषि योजना की पूरी जानकारी दीजिए।,government,government.json
मेरी उड़द की फसल में पीला मोजेक वायरस है,disease,disease.csv
प्रणाम काका,greeting,greeting.json
म्हाने जल्दी तैयार होण वाली फसल चाहिए।,crop,crop.json
crop recommendation,crop,crop.json
can i sow today,weather,weather.json
गलना,disease,disease.json
what are the benefits of operation greens?,government,government.json
थोक रेट,market,market.json
pesticide dose per acre,pest,pest.csv
म्हारा घर पधारो,greeting,greeting.json
फसल रोककर रखूं,market,market.json
can i irrigate today,weather,weather.json
pusabahaar,crop,crop.json
सब कुशल मंगल सा,greeting,greeting.json
بازار,market,market.json
which crop is suitable after harvesting pearl millet?,crop,crop.json
मेरे खेत की मिट्टी में नमक की मात्रा ज्यादा है,soil,soil.csv
wheet,crop,crop.json
incomecrop,crop,crop.json
yojana registration,government,government.json
sarsho,crop,crop.json
माझ्या मातीचा अहवाल समजावून सांगा,soil,soil.json
khasra,government,government.json
crop me disease symptoms hain,disease,disease.json
थारी खेती फूले फले,greeting,greeting.json
"मेरे खेत की मिट्टी में नमक ज्यादा है, कौन सी फसल उगाऊं?",crop,crop.json
मेरी मिट्टी के अनुसार कौन सी खेती करूँ,soil,soil.json
आज हवा की गति कितनी है,weather,weather.csv
म्हारी कपास री फसल में गुलाबी सुंडी लाग री है,disease,disease.csv
profit wali crop,crop,crop.json
mandi mein achha bhav kaise milega apni fasal ka,market,market.csv
उपज,market,market.json
मेरे खेत के लिए सबसे अच्छी नकदी फसल कौन सी होगी?,crop,crop.json
गन्ना,crop,crop.json
confidence kitna hai,disease,disease.json
urea,fertilizer,fertilizer.json
immediately,disease,disease.json
meri personal jankari kahan jaati hai,general,general.csv
आज अजमेर मंडी में प्याज का भाव,market,market.json
युवा किसान योजना,government,government.json
भाई म्हारे खेत में कौन सी फसल बोवां जो रबी में अच्छी हो?,crop,crop.csv
dusri photo upload karu,disease,disease.json
সার কখন দিতে হবে,fertilizer,fertilizer.json
ਬਾਜ਼ਾਰ,market,market.json
mujhe app ka pura workflow samjhao start se end tak.,general,general.json
plant disease symptoms,disease,disease.json
सरसों के पत्ते पीले पड़ रहे हैं।,disease,disease.json
म्हारा खेत में रबी री फसल काई होसी?,crop,crop.json
bajra ugau ya makka,crop,crop.json
म्हारा खेत खातर मौसम री पूरी सलाह देवो,weather,weather.json
my crop has been damaged. can i get insurance?,government,government.json
मेरे खेत में फसल के बाद खाद कब डालें?,fertilizer,fertilizer.csv
अगेती झुलसा,disease,disease.json
blackurad,crop,crop.json
आज हवा कितनी चलेगी,weather,weather.json
how to stop disease spread,disease,disease.json
latest version,general,general.json
fasalyojana,crop,crop.json
sawai madhopur weather,weather,weather.json
आगला हफ्ता भाव किण रहसी,market,market.json
cowpea,crop,crop.json
cropselection,crop,crop.json
फसल चुनने में मदद,crop,crop.json
soybean price today in rajasthan mandi,market,market.csv
leaves are being eaten,disease,disease.json
powdery mildew,disease,disease.json
मंडी में आज कितनी आवक है गेहूं की,market,market.csv
सितंबर में कौन सी फसल बोई जाती है?,crop,crop.json
राम राम,greeting,greeting.json
प्रणाम जी,greeting,greeting.csv
मदद,disease,disease.json
agricultureindia,crop,crop.json
मेरी फसल को तुरंत बचाना है क्या करूं,emergency,emergency.csv
मंडी में फसल का सही दाम कैसे मिलेगा,market,market.csv
how do i track my insurance claim?,government,government.json
how to use voice,general,general.json
scan image again,disease,disease.json
mustard white rust disease,disease,disease.json
bajra ya guar kaunsi crop achhi hai,crop,crop.json
soil health,soil,soil.json
how does this app work,general,general.json
आज धूप निकलेगी क्या,weather,weather.csv
namaste pragati assistant,greeting,greeting.json
bye,general,general.json
thane dekh ne ghani khushi hui sa.,greeting,greeting.json
खेतिहर,crop,crop.json
plant ki bimari detect karo,disease,disease.json
एक लीटर पानी में कितनी दवा मिलाऊँ?,disease,disease.json
कितने दिन बाद दोबारा स्प्रे करें?,disease,disease.json
retake crop image,disease,disease.json
ग्वार के पत्ते पीले हो रहे हैं।,disease,disease.json
pantmoong4,crop,crop.json
बीज,disease,disease.json
म्हाने खसरो नंबर बतावो।,government,government.json
good morning to every farmer across india.,greeting,greeting.json
fall armyworm in maize,pest,pest.csv
1 acre me kaunsi crop best rahegi,crop,crop.json
मेरे खेत में पिछले साल जीरा था अब क्या बोऊं?,crop,crop.csv
ऐसी फसल बताइए जो बाजार में अच्छे दाम दिलाए।,crop,crop.json
fasal barbad ho gayi hai turant koi upay batao bhai,emergency,emergency.csv
plant disease check,disease,disease.json
meri crop ko bacha lo,disease,disease.json
seed subsidy government se kaise milegi,seed,seed.csv
tomato ka aaj ka market rate kya hai,market,market.csv
म्हाने कीट री दवा बतावो,pest,pest.json
khata number,government,government.json
मेरे खेत में मिट्टी में कार्बनिक पदार्थ कैसे बढ़ाऊं?,soil,soil.csv
फूल,disease,disease.json
आज aqi कितना है,weather,weather.json
good night,greeting,greeting.json
pm kisan ka status check kaise kare?,government,government.json
hanumangarh,crop,crop.json
म्हारी जमीन बंजर है कांई करूं,crop,crop.json
mothbean,crop,crop.json
pyaj,crop,crop.json
मैं चाहता हूँ कि आप मुझे हर फीचर का सही उपयोग एक-एक करके समझाएँ।,general,general.json
"राम राम, म्हाने किसान सहायता चाहिए।",government,government.json
तने पर सफेद फफूंदी दिखाई दे रही है।,disease,disease.json
explain agristack farmer registry.,government,government.json
rgc471,crop,crop.json
"ye app mere liye kya kya kar sakta hai, detail me batao.",general,general.json
टॉप ड्रेसिंग कब करें,fertilizer,fertilizer.json
झुलसा,disease,disease.json
government procurement center,market,market.json
स्वागत,general,general.json
हर पौधे में यही समस्या है।,disease,disease.json
मेरी फसल में वर्मीकम्पोस्ट कब और कितना डालें?,fertilizer,fertilizer.csv
म्हाने फसल बीमा करवाणो है।,government,government.json
बुजुर्गां ने प्रणाम कहजो,greeting,greeting.json
rain,crop,crop.json
आज दोपहर में बारिश होगी क्या,weather,weather.json
मौसम विभाग का अलर्ट क्या है आज,weather,weather.csv
पौधा,disease,disease.json
"good evening friend, hope everything is fine.",greeting,greeting.json
rgc1066,crop,crop.json
फसल में पानी देने का सबसे सस्ता तरीका कौन सा है,irrigation,irrigation.csv
which crop should i sow in july?,crop,crop.json
emergency crop disease treatment,disease,disease.json
"i want to check my jamabandi, khasra and khata details online. please explain the complete process.",government,government.json
gramcrop,crop,crop.json
मेरे खेत में गोबर की खाद कितनी डालें?,fertilizer,fertilizer.csv
आज चांद कब डूबेगा,weather,weather.json
micronutrient fertilizer,fertilizer,fertilizer.json
crop emergency,disease,disease.json
agar mujhe answer samajh na aaye to kya main fir se puch sakta hu?,general,general.json
क्या आज मंडी में व्यापार हो रहा है,market,market.json
agritech,crop,crop.json
show soil npk report,soil,soil.json
insurance registration kaise kare?,government,government.json
सरकारी योजनाओं की लिस्ट कहां है,general,general.csv
कम पानी में कौन सी crop best rahegi?,crop,crop.json
mealy bug,pest,pest.json
म्हारा खेत खातर बढ़िया नकदी फसल बतावो।,crop,crop.json
jaisalmer,crop,crop.json
जून में कौन सी खरीफ फसल बोऊँ?,crop,crop.json
मेरी फसल सड़ रही है।,disease,disease.json
मेरे खेत में खाद की अधिक मात्रा से क्या नुकसान होता है?,fertilizer,fertilizer.csv
sab patte achanak peele ho gaye emergency kya karein,emergency,emergency.csv
इस महीने कौन सी फसल बोना सही रहेगा?,crop,crop.json
white rust,disease,disease.json
झुलसना,disease,disease.json
kabulichana,crop,crop.json
खम्मा घणी भाई,greeting,greeting.json
पीला चिपचिपा जाल,pest,pest.json
मेरी फसल को बचाने का उपाय बताइए।,disease,disease.json
pbw725,crop,crop.json
मौसम बदलने से फसल पर क्या असर होता है,weather,weather.csv
downy mildew,disease,disease.json
ಮಾರುಕಟ್ಟೆ,market,market.json
mhane bamboo mission ro labh batavo.,government,government.json
potato,crop,crop.json
मेरी मिट्टी का ph कितना है,soil,soil.json
जड़ में सूत्रकृमि का प्रकोप,pest,pest.csv
neem coated urea,fertilizer,fertilizer.json
मंडी खुली है क्या,market,market.json
धनिया की खेती कब और कैसे करें?,crop,crop.csv
best crop rotation for wheat in rajasthan?,crop,crop.csv
identify disease from this image,disease,disease.json
cropdatabase,crop,crop.json
hail forecast,weather,weather.json
fasal achanak sukh rahi hai emergency hai,emergency,emergency.csv
आज सूर्यास्त कितने बजे होगा,weather,weather.json
"ram ram sa, aaj aap kaise ho?",greeting,greeting.json
how to switch light mode,general,general.json
तहसीलदार,government,government.json
म्हारे आधार ने किसान रजिस्ट्री सूं जोड़नो है।,government,government.json
irrigation advisory,weather,weather.json
recommend a profitable crop for my land.,crop,crop.json
which disease is this,disease,disease.json
what documents are required for raj kisan registration?,government,government.json
crop image check karo,disease,disease.json
ओला पड़सी तो के करूं,weather,weather.json
मार्च में कौन सी फसल बोना सही रहेगा?,crop,crop.json
म्हारा तणा काळो पड़ रयो है।,disease,disease.json
after bajra crop,crop,crop.json
মাটি শুকিয়ে গেছে,soil,soil.json
meri crop pe fungus aa gaya,disease,disease.json
thardesert,crop,crop.json
मंगलमय प्रभात,greeting,greeting.json
hello,greeting,greeting.json
what should i grow in my soil,soil,soil.json
ब्लॉक कार्यालय,government,government.json
rice mein false smut disease ho gayi hai,disease,disease.csv
फल मंडी,market,market.json
खरीदारी,market,market.json
grading,market,market.json
tell me about pm kisan and crop insurance.,government,government.json
चना खरीदना है,market,market.json
मेरे खेत में कौन सी फसल की अच्छी पैदावार होगी?,crop,crop.json
म्हाने आवेदन करनो है,government,government.json
म्हाने खेती करणी है,crop,crop.json
plant health check karo,disease,disease.json
camera,disease,disease.json
रुको,general,general.json
"wheat mein rust disease aa gayi hai, spray kya karein?",disease,disease.json
"राम राम, म्हारे वास्ते सरकार री काई मदद है?",government,government.json
राम राम म्हारी बाईसा,greeting,greeting.json
field,crop,crop.json
प्राइस,market,market.json
गोबर खाद,fertilizer,fertilizer.json
राजस्थान सरकार किसानों को कौन-कौन सी सहायता देती है?,government,government.json
"म्हारा खेत में कम पाणी है, कांई बोवां?",crop,crop.json
beej kharidne se pehle kya check karein,seed,seed.csv
hg75,crop,crop.json
आज ग्वार का रेट कितना है,market,market.json
sustainablecrop,crop,crop.json
म्हारी फसल में रात भर में सब पत्ते गिर गए,emergency,emergency.csv
मेरे खेत की मिट्टी का प्रकार बताइए,soil,soil.json
dbw88,crop,crop.json
"मुझे किसान रजिस्ट्री में अपना पंजीकरण करना है, कृपया पूरी प्रक्रिया विस्तार से समझाइए।",government,government.json
women agriculture subsidy,government,government.json
आज नागौर का मौसम,weather,weather.json
म्हाने ऐप समझावो,general,general.json
म्हाने रूट रॉट री दवाई बतावो।,disease,disease.json
check micronutrients,soil,soil.json
chanadal,crop,crop.json
मॉनिटरिंग,disease,disease.json
मंडी में आज सबसे ज्यादा भाव किस फसल का है,market,market.csv
text mode,general,general.json
आज उड़द का भाव क्या है,market,market.csv
માટી વિશ્લેષણ સમજાવો,soil,soil.json
sarkari yojana,government,government.json
how do i check my khasra number?,government,government.json
local crop,crop,crop.json
म्हारी जमीन में कौनसी फसल सफल रहसी?,crop,crop.json
yellow mosaic virus control,disease,disease.json
आज तिल का भाव क्या है,market,market.csv
sesame,crop,crop.json
थारी फसल बंपर होवे,greeting,greeting.json
रीस्टार्ट,general,general.json
फसल अचानक सूख रही है क्या करूं,emergency,emergency.csv
आज मिट्टी की जांच करनी है,soil,soil.json
भाई म्हारे खेत में कौन सी फसल बोवां जो जल्दी तैयार हो जावे?,crop,crop.csv
khamma ghani sa,greeting,greeting.json
warning,disease,disease.json
क्या मैं इस ऐप पर भरोसा करके खेती से जुड़े फैसले ले सकता हूँ?,general,general.json
without irrigation kaunsi crop sahi hai,crop,crop.json
कमजोर पौधा,disease,disease.json
सफेद फफूंदी रोग,disease,disease.json
please explain the complete process of farmer registry registration along with aadhaar verification and ekyc.,government,government.json
powdery mildew aa gaya,disease,disease.json
marwar,crop,crop.json
आवो सा,greeting,greeting.json
क्या मैं एक ही खेत में दो फसलें उगा सकता हूँ?,crop,crop.json
फसल का सुझाव दो,crop,crop.json
weather forecast,weather,weather.json
rainfed,crop,crop.json
which mandi gives the best cumin price,market,market.json
मुझे प्रधानमंत्री किसान सम्मान निधि योजना में आवेदन करने की पूरी प्रक्रिया बताइए।,government,government.json
आज अजमेर मंडी में सरसों का रेट,market,market.csv
recommend a profitable crop according to my soil.,crop,crop.json
आज मंडी में खरीद हो रही है क्या,market,market.json
mere gaon ke hisab se crop batao,crop,crop.json
म्हारे खेत में रबी में कांई बोवां?,crop,crop.json
hi8663,crop,crop.json
drip irrigation subsidy ke liye apply kaise karein,government,government.csv
किसान क्रेडिट कार्ड बनवाने में कितना समय लगता है,government,government.csv
sat sri akal,greeting,greeting.json
is app ke sabse important features kaun se hain jo har farmer ko use karne chahiye?,general,general.json
म्हाने ऐप शेयर करनी है,general,general.json
hg563improved,crop,crop.json
farmer pension scheme,government,government.json
soil health analysis report,soil,soil.json
borewell ka paani khaara hai kya use kar sakte hain,irrigation,irrigation.csv
pest control kaise karein,pest,pest.csv
पीएम किसान योजना का लाभ लेने के लिए आवेदन कहाँ करें?,government,government.json
आप मेरे लिए क्या-क्या कर सकते हैं? मुझे अपने सभी फीचर्स के बारे में विस्तार से बताइए।,general,general.json
bestcrop,crop,crop.json
क्या आज सरसों की कटाई करनी चाहिए,weather,weather.json
सरसों लगाऊं या जीरा,crop,crop.json
meri fasal jaldi bachao,disease,disease.json
msp,market,market.json
मिट्टी में नमी कितनी है,soil,soil.json
म्हाने soil test करावणो है,soil,soil.json
land,crop,crop.json
म्हारे कागज अपलोड करणा है।,government,government.json
दोपहर का मौसम,weather,weather.json
rabi crops ke liye certified seed kahan milega,seed,seed.csv
आज का लाइव मंडी भाव,market,market.json
स्किल इंडिया में ट्रेनिंग कैसे मिलेगी?,government,government.json
ಮಣ್ಣಿನ ph ಎಷ್ಟು ಇದೆ,soil,soil.json
jai shri ram bhai mausam ke baare mein poochna tha,greeting,greeting.csv
information do,general,general.json
fenugrik,crop,crop.json
can you explain everything in a simple way because i am not familiar with technology?,general,general.json
suggest a crop with less investment and high return.,crop,crop.json
how to update app,general,general.json
khet mein paani bhar gaya fasal bachane ka upay batao,emergency,emergency.csv
स्प्रे,disease,disease.json
જમીનની ફળદ્રુપતા બતાવો,soil,soil.json
moong dal ka aaj ka rate batao,market,market.csv
fennel,crop,crop.json
खराब,disease,disease.json
ujjwala gas connection,government,government.json
भंडारण,market,market.json
insurance amount has not been credited yet.,government,government.json
म्हाने यो ऐप चलावणो पूरा तरीका सीखणो है।,general,general.json
गेहूं के पत्ते पीले हो रहे हैं।,disease,disease.json
आज तो घणा खुश लागो,greeting,greeting.json
potash,fertilizer,fertilizer.json
तना छेदक कीट,pest,pest.json
म्हारा खेत खातर नकदी फसल सुझावो।,crop,crop.json
किसान क्रेडिट कार्ड,government,government.json
kothmir,crop,crop.json
क्या भाव,market,market.json
faq dikhao,general,general.json
मेरे खेत की मिट्टी बलुई है कौन सी फसल अच्छी रहेगी?,crop,crop.csv
कस्सो दिन चाल रयो है,greeting,greeting.json
gw463,crop,crop.json
am i eligible for pm kisan samman nidhi scheme?,government,government.json
kaunsi crop,crop,crop.json
bacterial blight treatment,disease,disease.json
good morning everyone.,greeting,greeting.json
"म्हूं छोटो किसान हूँ, म्हारे खातर काई योजना है?",government,government.json
detail me samjhao,general,general.json
ye report sahi hai kya,disease,disease.json
can you teach me how to use every feature available inside this application?,general,general.json
मिर्च का अच्छा बीज कौन सा है,seed,seed.csv
ಬೆಲೆ,market,market.json
nlm,government,government.json
hg365,crop,crop.json
how to use camera,general,general.json
white powder on leaves,disease,disease.json
बीकानेर मंडी में सरसों किस भाव बिक रही है,market,market.json
wet soil,soil,soil.json
root rot se paudhe gir rahe hain emergency hai,emergency,emergency.csv
उड़द की खेती मेरे इलाके में सही रहेगी?,crop,crop.json
"cotton mein boll rot ho rahi hai, kya karein?",disease,disease.json
serious infection detected,disease,disease.json
csc center,government,government.json
म्हारे खेत खातर कांई फसल ठीक रहसी,crop,crop.json
म्हाने ड्रिप सिंचाई री सब्सिडी बतावो।,government,government.json
राजस्थान सरकार की किसान योजना,government,government.json
android app,general,general.json
bikaner mandi moong price today,market,market.csv
खम्मा घणी ताऊ,greeting,greeting.json
black rust,disease,disease.json
agli fasal ke liye suggestion do,crop,crop.json
क्या मेरी जमीन में जीरे की खेती हो सकती है?,crop,crop.json
जीवाणु,disease,disease.json
crop planning,crop,crop.json
रिस्टोर,general,general.json
bovai,crop,crop.json
मेरे खेत के लिए सही फसल चुनने में मदद करें।,crop,crop.json
म्हारी माटी में पाणी री कमी है के,soil,soil.json
raii,crop,crop.json
high income crop,crop,crop.json
greengram,crop,crop.json
म्हारे बीकानेर खातर काई फसल बढ़िया रहसी?,crop,crop.json
makka me leaf spot hai,disease,disease.json
soil organic carbon kaise badhayein?,soil,soil.csv
mast app,general,general.json
ajwain,crop,crop.json
"ram ram sa, mhane sarkar ri badhi yojana samjhavjo.",government,government.json
crop ko kya ho gaya,disease,disease.json
jai hind bhai khamma ghani,greeting,greeting.csv
मिट्टी में कौन सी खाद डालूं,soil,soil.json
कस्सी चाल री है,greeting,greeting.json
ग्वार की फसल कमजोर पड़ रही है।,disease,disease.json
खेत,disease,disease.json
एग्रीस्टैक क्या है और इससे किसानों को क्या लाभ मिलेगा?,government,government.json
yellow rust spreading fast in wheat emergency spray batao,emergency,emergency.csv
पानी बचाने के लिए कौन सी सिंचाई विधि अच्छी है,irrigation,irrigation.csv
medicinal plant subsidy,government,government.json
next page kholo,general,general.json
आज बारिश का पूर्वानुमान बताओ,weather,weather.json
alwar,crop,crop.json
फसल का भाव,market,market.json
अगर मुझे किसी फीचर का उपयोग समझ में नहीं आए तो क्या आप मुझे दोबारा और आसान भाषा में समझा सकते हैं?,general,general.json
म्हारी फोटो फेर सूं देखो।,disease,disease.json
बाजार रेट,market,market.json
सड़ना,disease,disease.json
crop selling,market,market.json
योजना स्टेटस,government,government.json
कृपया मुझे इस ऐप के बारे में पूरी जानकारी विस्तार से समझाइए।,general,general.json
थांरो चेहरो देख दिन बन गयो,greeting,greeting.json
आज मक्का का भाव,market,market.json
म्हारा किसान भाई पधार गया,greeting,greeting.json
जीरे की पत्तियां काली पड़ रही हैं।,disease,disease.json
main is application ka expert banna chahta hu.,general,general.json
अपना खाता राजस्थान,government,government.json
ट्रैक्टर की सर्विसिंग कब करानी चाहिए,machinery,machinery.csv
आज जयपुर का मौसम,weather,weather.json
best selling price,market,market.json
when should i spray fungicide,disease,disease.json
disease control kaise kare,disease,disease.json
कम खर्च में ज्यादा मुनाफा देने वाली खेती कौन सी है?,crop,crop.json
राम राम बाईसा,greeting,greeting.json
माटी में पाणी घणो है,soil,soil.json
solar pump machine khet mein kaise lagayein,machinery,machinery.csv
login,general,general.json
happy morning,greeting,greeting.json
माल भाव,market,market.json
platform,general,general.json
explain again,general,general.json
blast disease aa gaya,disease,disease.json
dhaniyaa,crop,crop.json
क्या कल बारिश होगी,weather,weather.json
meri land ke liye best farming option batao,crop,crop.json
मूल्य,market,market.json
अप्रैल में कौन सी फसल लगानी चाहिए?,crop,crop.json
सहकारिता विभाग,government,government.json
main is ai ke saath smart farming seekhna chahta hu.,general,general.json
खुदरा भाव,market,market.json
keet sankraman,pest,pest.json
मेरी मिट्टी में ऑर्गेनिक कार्बन कितना है,soil,soil.json
राष्ट्रीय कृषि विकास योजना के लाभ क्या हैं?,government,government.json
ripen,crop,crop.json
how to login,general,general.json
अस्वस्थ,disease,disease.json
वेयरहाउस,market,market.json
जय राधे कृष्ण,greeting,greeting.json
पूरे पौधे की फोटो भेजूँ या सिर्फ पत्ते की?,disease,disease.json
मेनू खोलो,general,general.json
is it going to rain tomorrow,weather,weather.json
analyze my soil,soil,soil.json
आज प्याज का मंडी भाव क्या है,market,market.csv
plant growth has stopped,disease,disease.json
polyhouse,crop,crop.json
jad sad rahi hai,disease,disease.json
आज मंडी चले,market,market.json
मुझे अच्छा मुनाफा चाहिए कौन सी फसल बोऊं?,crop,crop.csv
crop infected,disease,disease.json
मूंग में पत्तियां सिकुड़ रही हैं।,disease,disease.json
सही जवाब,general,general.json
क्या ओलावृष्टि की संभावना में फसल बचाई जा सकती है,weather,weather.json
how to apply for pm fasal bima yojana?,government,government.json
"मेरे खेत में बोरवेल का पानी उपलब्ध है, कौन सी फसल अच्छी रहेगी?",crop,crop.json
मुझे खेती के लिए सरकारी अनुदान चाहिए।,government,government.json
gehu ki buwai ka sahi samay kab hai,seed,seed.csv
योजना आवेदन,government,government.json
gehu ki aavak aaj mandi mein kitni hai,market,market.csv
राम राम किसान मित्र,greeting,greeting.json
हार्वेस्टर मशीन का किराया कितना है प्रति बीघा,machinery,machinery.csv
mustard sowing seed rate per hectare,seed,seed.csv
ipm409,crop,crop.json
ड्रिप सिंचाई सब्सिडी के लिए आवेदन कैसे करें?,government,government.json
हाट,market,market.json
क्या आज धूप निकलेगी,weather,weather.json
म्हारा खेत री मिट्टी,soil,soil.json
silk farming,government,government.json
आज कटाई करूं,weather,weather.json
जैविक कीट नियंत्रण के तरीके,pest,pest.csv
किसान क्रेडिट कार्ड से कितना लोन मिलता है,government,government.csv
म्हारी जमीन री npk रिपोर्ट,soil,soil.json
fennel price,market,market.json
plant drying fast,disease,disease.json
upload,disease,disease.json
ecofarming,crop,crop.json
tractor engine oil change kab karna chahiye,machinery,machinery.csv
राजस्थान में सोलर पंप पर सब्सिडी मिलती है क्या,government,government.csv
खम्मा घणी सरकार,greeting,greeting.json
crop for black soil,crop,crop.json
मेरे खेत में कौन सी फसल सबसे ज्यादा उत्पादन देगी?,crop,crop.json
थारी जमीन में काई फसल मुनाफो देवसी?,crop,crop.json
namaste,general,general.json
tell me the eligibility criteria for pm fasal bima yojana.,government,government.json
pm kisan yojana app mein kaise dekhein,general,general.csv
stem rot problem hai,disease,disease.json
app kholna,general,general.json
जैविक खेती के लिए कौन सी फसल सबसे अच्छी है?,crop,crop.csv
image se disease batao,disease,disease.json
प्रणाम किसान साहब,greeting,greeting.json
plants,crop,crop.json
kaise ho bhai,greeting,greeting.json
जय श्री कृष्ण,greeting,greeting.json
future price prediction,market,market.json
national mission on edible oils,government,government.json
find me a trader,market,market.json
नई किसान योजना,government,government.json
મારી જમીનમાં શું કમી છે,soil,soil.json
pm kisan me naam kaise jode?,government,government.json
नमस्ते जी शुभ संध्या,greeting,greeting.csv
anthracnose,disease,disease.json
ऑनलाइन,government,government.json
आनंद में रहो,greeting,greeting.json
स्कीम,government,government.json
pig subsidy,government,government.json
म्हारे खेत री मिट्टी में बोरोन री कमी है,soil,soil.csv
मंडी भाव का अनुमान बताइए,market,market.json
10 दिन का मौसम,weather,weather.json
feedback form,general,general.json
mujhe har option ka use practical tarike se samjhao.,general,general.json
राजसमंद मंडी भाव,market,market.json
मेरे खेत में पिछले साल जौ था अब क्या बोऊं?,crop,crop.csv
i want a soil test,soil,soil.json
hi dost,greeting,greeting.json
mujhe is app ke saare features practical example ke sath samjhao.,general,general.json
म्हारे खेत में काई बोवूं जिको भाव भी अच्छा मिलै?,crop,crop.json
बाजार,market,market.json
खेती प्लान बताओ,crop,crop.json
sprinkler irrigation,government,government.json
fertiliser,fertilizer,fertilizer.json
मेरे खेत के लिए कौन सी फसल सबसे सुरक्षित रहेगी?,crop,crop.json
swachh bharat mission,government,government.json
इस पौधे की बीमारी पहचानिए।,disease,disease.json
combine harvester charges per bigha rajasthan mein,machinery,machinery.csv
तंबाकू,crop,crop.json
how do i navigate through different sections of this application?,general,general.json
offline,general,general.json
आयरन,soil,soil.json
kide se fasal barbad ho rahi hai,pest,pest.csv
ram ram sabne.,greeting,greeting.json
म्हारी जमीन उपजाऊ किण बनाऊं,soil,soil.json
म्हाने कद बेचणो ठीक रहसी,market,market.json
જમીનનું ph કેટલું છે,soil,soil.json
अगर मुझे किसी फीचर का उपयोग करना नहीं आता तो क्या आप मुझे शुरुआत से पूरा तरीका समझा सकते हैं?,general,general.json
राम राम सा मित्र,greeting,greeting.json
gangapurcity,crop,crop.json
seed,crop,crop.json
छिड़काव,disease,disease.json
मृदा,soil,soil.json
सीड ड्रिल मशीन से बुवाई कैसे करें,machinery,machinery.csv
"greetings farmer, may your crops flourish this year.",greeting,greeting.json
aphid on wheat crop,pest,pest.json
rai,crop,crop.json
बखर,crop,crop.json
म्हारा खेत खातर जैविक इलाज बतावो।,disease,disease.json
guide me through the complete process of applying for a government farming scheme.,government,government.json
म्हारा पौधा कमजोर पड़ गयो।,disease,disease.json
pragati,general,general.json
will there be a heat wave today,weather,weather.json
आज बाजरा किस भाव बिक रहा है,market,market.json
jeera me blight lag gaya,disease,disease.json
grant,government,government.json
"good morning, may your crops always remain healthy and green.",greeting,greeting.json
sawai madhopur mandi rate,market,market.json
मेरी फसल पीली पड़ रही है पानी की कमी से,irrigation,irrigation.csv
arandi,crop,crop.json
किस फसल में कम लागत है,crop,crop.json
rotavator,crop,crop.json
मेरे खेत में टिड्डी आई है,pest,pest.json
फसल बताओ,crop,crop.json
madhyapradesh,market,market.json
aaj mandi mein sabse achha bhav kis fasal ka hai,market,market.csv
seed drill subsidy,government,government.json
over fertilization ke kya nuksan hote hain?,fertilizer,fertilizer.csv
thunderstorm forecast,weather,weather.json
disease spreading rapidly,disease,disease.json
मृदा स्वास्थ्य कार्ड,government,government.json
crop for sandy soil,crop,crop.json
good afternoon farmer,greeting,greeting.json
मेरे खेत में पिछले साल अजवाइन था अब क्या बोऊं?,crop,crop.csv
suprabhat ji,greeting,greeting.csv
pm vishwakarma registration,government,government.json
मुद्रा लोन कैसे मिलेगा?,government,government.json
are you available,general,general.json
storage,market,market.json
bhindi mein yellow vein mosaic virus hai kya karein?,disease,disease.csv
मेरी गेहूं में करनाल बंट रोग आ गया है,disease,disease.csv
प्रधानमंत्री मत्स्य संपदा योजना में आवेदन कैसे करें?,government,government.json
aaj raat minimum temperature kitna hoga,weather,weather.csv
notification settings,general,general.json
can you act as my personal farming guide whenever i need advice?,general,general.json
किस फसल में सबसे कम खर्च आता है?,crop,crop.json
प्रणाम हुकम सा,greeting,greeting.json
आज दवाई छिड़कूं के,weather,weather.json
म्हाने सबसे बढ़िया स्प्रे बतावो।,disease,disease.json
म्हारी माटी रो ph,soil,soil.json
काल सूं 10 दिन रो मौसम,weather,weather.json
म्हारा बाजरो बीमार पड़ गयो।,disease,disease.json
potato price,market,market.json
crop price forecast,market,market.json
pragati ai se kheti mein kya badlaav aayega,general,general.csv
earlycrop,crop,crop.json
pali,crop,crop.json
पैदावार,crop,crop.json
new chat,general,general.json
hi smart ai,greeting,greeting.json
cropping,crop,crop.json
how can i register an fpo?,government,government.json
kidneybean,crop,crop.json
मुझे गेहूं की बजाय दूसरी फसल सुझाइए।,crop,crop.json
रेतीली,crop,crop.json
my plant has disease,disease,disease.json
churu weather,weather,weather.json
जी हाँ,general,general.json
कृषि योजना बताओ,government,government.json
प्रधानमंत्री किसान सम्मान निधि योजना,government,government.json
म्हारी फसल में सल्फर री कमी है के डालूं?,fertilizer,fertilizer.csv
मैं अपनी कृषि भूमि का सरकारी रिकॉर्ड सत्यापित करना चाहता हूँ।,government,government.json
म्हारे खेत में अच्छी आमदनी वाली फसल बतावो।,crop,crop.json
म्हारे खेत में खरीफ खातर काई फसल सही रहसी?,crop,crop.json
पत्तियों के किनारे सूख रहे हैं।,disease,disease.json
आज नागौर में ओले गिरेंगे क्या,weather,weather.json
good morning bhai aaj spray karna hai,greeting,greeting.csv
rgc1017,crop,crop.json
पौधे का रंग बदल रहा है।,disease,disease.json
"म्हारे खेत री मिट्टी में नमी कम है, के करूं?",soil,soil.json
फिर से,general,general.json
सरसों की फसल मुरझा रही है।,disease,disease.json
mere farm ke hisab se crop suggest karo,crop,crop.json
continue chat,general,general.json
अगले 3 दिन का मौसम,weather,weather.json
pheromone trap,pest,pest.json
i want this application to become my daily farming companion and guide me whenever i need assistance.,general,general.json
live market,market,market.json
market quality,market,market.json
how do i complete farmer registry ekyc?,government,government.json
म्हारी फसल में dap कद डालणो चाहिए?,fertilizer,fertilizer.csv
kitne hp ka tractor mujhe chahiye mere khet ke liye,machinery,machinery.csv
इस हफ्ते बारिश की संभावना कितनी है,weather,weather.json
good evening pragati,greeting,greeting.json
patte par brown spots aa gaye hain,disease,disease.json
सरसों के पत्तों पर सफेद दाने जैसे दिखाई दे रहे हैं।,disease,disease.json
guar price,market,market.json
garlic price,market,market.json
कौन सा कीटनाशक डालूँ?,disease,disease.json
किस्त,government,government.json
soil test,soil,soil.json
"मेरे खेत की मिट्टी हल्की है, कौन सी फसल बोऊँ?",crop,crop.json
कीड़े से फसल बर्बाद हो रही है,pest,pest.csv
मूंगफली का आज का भाव बताओ,market,market.csv
म्हारा खेत में इस बार कांई बोयां?,crop,crop.json
good morning subsidy details,government,government.json
black spots on leaves,disease,disease.json
आज सूर्योदय कितने बजे होगा,weather,weather.json
तना गलन कैसे ठीक करें?,disease,disease.json
बीज कौन सा बोऊं,crop,crop.json
म्हारी जमीन रो रिकॉर्ड देखावो।,government,government.json
termite attack on roots,pest,pest.csv
मुर्गी पालन के लिए सरकार क्या सहायता देती है?,government,government.json
crop suggest karo,crop,crop.json
थारो ऐप कद काम आवै,general,general.json
chana mein botrytis grey mold disease hai,disease,disease.csv
म्हाने 7 दिन रो मौसम बतावो,weather,weather.json
deeg,crop,crop.json
म्हारे खेत री मिट्टी में लाइम डालने से के होसी?,soil,soil.csv
how to get subsidy for medicinal plants?,government,government.json
थाको होग्या होसा,greeting,greeting.json
wilt,disease,disease.json
ریٹ,market,market.json
"pranam ji, aap kaise ho?",greeting,greeting.json
क्या आज ओले गिरने की संभावना है,weather,weather.json
म्हाने सबसे चोखो भाव किथे मिलसी,market,market.json
मेरी फसल में कीड़े हैं या बीमारी है?,disease,disease.json
modernfarming,crop,crop.json
camera se fasal ki jaanch kaise karein,general,general.csv
अगले 7 दिन का मौसम,weather,weather.json
chikni,crop,crop.json
मिट्टी रिपोर्ट,soil,soil.json
how much water does mustard crop need per week,irrigation,irrigation.csv
castor,crop,crop.json
इस फोटो में कौन सा रोग दिखाई दे रहा है?,disease,disease.json
मेरी मिट्टी बहुत अम्लीय है कैसे सुधारूं?,soil,soil.csv
थारा खेत लहरावै,greeting,greeting.json
सरकारी योजना के लिए आवेदन करने की पूरी प्रक्रिया बताइए।,government,government.json
canal water kab band hoga is season mein,irrigation,irrigation.csv
मंडी कीमत,market,market.json
identify crop disease,disease,disease.json
रबी फसलों में सिंचाई कितनी बार करनी चाहिए,irrigation,irrigation.csv
मेरे खेत में कौन सी फसल सबसे ज्यादा सफल रहेगी?,crop,crop.json
ईश्वर थारी हर मनोकामना पूरी करे,greeting,greeting.json
म्हारा खेत में फफूंदी लाग गई।,disease,disease.json
सुबह पानी देना अच्छा है या शाम को,irrigation,irrigation.csv
म्हारे खेत में सबसे ज्यादा मुनाफो काई फसल देवसी?,crop,crop.json
can you explain every feature of this application in a beginner friendly way?,general,general.json
bovu,crop,crop.json
best ai,general,general.json
मैं अपनी पूरी उपज बेचना चाहता हूँ,market,market.json
online government scheme registration.,government,government.json
commandarea,crop,crop.json
jai hind jai bharat,greeting,greeting.csv
म्हाने मदद करो,general,general.json
jal jeevan mission,government,government.json
कृषि यंत्रों पर सरकार कितनी सब्सिडी देती है?,government,government.json
natural fungicide,disease,disease.json
drone sprayer se pesticide spray kaise karein,machinery,machinery.csv
ye fungus hai kya,disease,disease.json
"good morning my friend, have a wonderful day ahead.",greeting,greeting.json
geh,crop,crop.json
zinc sulphate ka dose per acre kya hai?,fertilizer,fertilizer.csv
meri kheti,crop,crop.json
bundi,crop,crop.json
"namaste ji, aapka swagat hai.",greeting,greeting.json
hourly rain forecast,weather,weather.json
म्हारे खेत री माटी हिसाब सूं फसल बतावो।,crop,crop.json
आज खेत में कौन सा काम करें,weather,weather.json
म्हारी जड़ काली पड़ गई।,disease,disease.json
नीलगाय ने पूरा खेत उजाड़ दिया,emergency,emergency.csv
"मेरे खेत में पिछले साल धनिया था, अब क्या बोऊं?",crop,crop.json
कृपया जल्दी समाधान बताइए।,disease,disease.json
mandi mein fasal bechne ke liye kaunse documents chahiye,market,market.json
free ho,general,general.json
गेहूं खरीदना है,market,market.json
check water holding capacity,soil,soil.json
रेट किण चल रयो है,market,market.json
थारो इंतजार कर रया था,greeting,greeting.json
scab,disease,disease.json
musturd,crop,crop.json
मूंग का भाव इस सीजन में कैसा रहेगा,market,market.csv
meri fasal ka rog batao,disease,disease.json
दोमट,crop,crop.json
solar pump subsidy,government,government.json
नामांतरण की स्थिति कैसे देखें,government,government.json
sowing,crop,crop.json
boron fertilizer,fertilizer,fertilizer.json
म्हारे खातर राज किसान री काई योजना है?,government,government.json
मेरा ट्रैक्टर खराब हो गया है क्या करूं,machinery,machinery.csv
एलोवेरा,crop,crop.json
फसल को जल्दी कैसे बचाऊँ?,disease,disease.json
मेरी मूंग में पाउडरी मिल्ड्यू रोग है दवाई बताओ,disease,disease.csv
immaturecrop,crop,crop.json
फसल दाम,market,market.json
contact support,general,general.json
welcome friend,greeting,greeting.json
pmfme,government,government.json
tomato mein damping off ho rahi hai seedlings mar rahi hain,disease,disease.csv
bollworm in cotton,pest,pest.json
smut,disease,disease.json
"म्हारी फसल कौन खरीदेगा, किण व्यापारी है",market,market.json
explain goat farming subsidy scheme.,government,government.json
म्हारा खेत में काई बोवा ठीक रहसी?,crop,crop.json
म्हारे काम आवो,general,general.json
म्हारे सवाई माधोपुर में इस बार कांई खेती करूं?,crop,crop.json
rapid disease spread,disease,disease.json
dry,disease,disease.json
pearl millet disease symptoms,disease,disease.json
bagar,crop,crop.json
hailstorm ki koi warning hai kya aaj,weather,weather.csv
लाख लाख राम राम,greeting,greeting.json
আমার মাটির পরীক্ষা করুন,soil,soil.json
फसल चक्र के बारे में बताओ क्या बोना चाहिए?,crop,crop.csv
how to get farm machinery subsidy?,government,government.json
udaipur mandi rate,market,market.json
யூரியா பற்றி சொல்லுங்கள்,fertilizer,fertilizer.json
khet mein aag lag gayi hai turant help chahiye,emergency,emergency.csv
म्हारा खेत में फसल बदलणी है।,crop,crop.json
पत्तियों पर छोटे-छोटे छेद हो गए हैं।,disease,disease.json
மண்ணை வளமாக மாற்றுவது எப்படி,soil,soil.json
seedtreatment,crop,crop.json
"ram ram sa, thane dekh ke khushi hui.",greeting,greeting.json
pmksy,government,government.json
म्हाने कोल्ड स्टोरेज रो नंबर चाहिए,market,market.json
ram ram bhaisa,greeting,greeting.json
ram ram sa mhara dost.,greeting,greeting.json
ભાવ,market,market.json
microphone permission,general,general.json
soybean mein pod borer ka attack ho gaya hai,disease,disease.csv
app baar baar crash ho raha hai,general,general.csv
apna khata,government,government.json
ट्रैक्टर का टायर पंचर हो गया है,machinery,machinery.csv
fungal infection,disease,disease.json
मसाला,crop,crop.json
अगले कुछ दिनों में मौसम का पूरा अपडेट दीजिए,weather,weather.json
आज गर्मी घणी पड़सी के,weather,weather.json
what should i spray,disease,disease.json
पाली मंडी भाव,market,market.json
यूज़र,general,general.json
राम राम किसान भाई,greeting,greeting.json
ram ram bhai,general,general.json
आज ओलावृष्टि का अलर्ट है क्या,weather,weather.json
harvester machine kiraye par kahan milegi,machinery,machinery.csv
इलाज,disease,disease.json
gm9925,crop,crop.json
paddy,crop,crop.json
मेरे पास कम पानी है कौन सी फसल लगाऊं,irrigation,irrigation.csv
kem cho,greeting,greeting.json
brown rust in wheat,disease,disease.json
aur bhai,greeting,greeting.json
मंडी में बिक्री के लिए रजिस्ट्रेशन कैसे करें,market,market.csv
नामांतरण,government,government.json
मिट्टी में कौन सा पोषक तत्व कम है,soil,soil.json
आज मेरे गांव में मौसम कैसा रहेगा,weather,weather.json
मेरे बोरवेल में पानी कम हो गया है,irrigation,irrigation.csv
फसल संक्रमण,disease,disease.json
पोटाश कब डालें,fertilizer,fertilizer.json
पीएम एफएमई योजना,government,government.json
उबरना,disease,disease.json
powdery mildew medicine,disease,disease.json
lowcostcrop,crop,crop.json
आज का मंडी भाव कहां देखें,general,general.csv
keet se bachav ke upay,pest,pest.json
gm5,crop,crop.json
sulphur fertilizer kab dena chahiye aur kitna?,fertilizer,fertilizer.csv
fasal bima yojana mein premium kitna bharna padta hai,government,government.csv
जय जवान जय किसान,greeting,greeting.csv
otp नहीं आ रहा है क्या करूं,general,general.csv
मेरे खेत की मिट्टी में पानी जल्दी सूख जाता है,irrigation,irrigation.csv
friend ko invite karo,general,general.json
मेरी फसल के पत्ते पीले पड़ रहे हैं।,disease,disease.json
मेरे खेत में सरसों के लिए खाद की सिफारिश बताओ,fertilizer,fertilizer.csv
म्हाने भगवान भरोसे मत छोड़ो।,disease,disease.json
सिंचाई के लिए सरकारी योजना कौन सी है,irrigation,irrigation.csv
should i irrigate before rain,weather,weather.json
कम समय में तैयार होने वाली फसल बताइए।,crop,crop.json
उपचार,disease,disease.json
नमस्ते जी किसान योजना बताइए,government,government.json
गुजरात,market,market.json
jodhpur,crop,crop.json
seed moisture content for storage kitna hona chahiye,seed,seed.csv
गेहूं की नई किस्म कौन सी है 2024 में,seed,seed.csv
इस बीमारी की सबसे अच्छी दवा कौन सी है?,disease,disease.json
pm kisan beneficiary list kaise dekhe?,government,government.json
fpo,government,government.json
maize leaf disease,disease,disease.json
prime minister employment generation programme,government,government.json
agri stack,government,government.json
म्हारा खेत खातर फसल,crop,crop.json
म्हाने यो ऐप रो पूरा उपयोग बतावो सा।,general,general.json
लालमिट्टी,crop,crop.json
जन आधार,government,government.json
म्हारे खेत री मिट्टी में सोडियम ज्यादा है,soil,soil.csv
which crop needs less water in rajasthan?,crop,crop.csv
सिंचाई के लिए सोलर पंप पर सब्सिडी मिलती है क्या,irrigation,irrigation.csv
रोग खत्म करने के लिए क्या करें?,disease,disease.json
सलाह,disease,disease.json
पीएम किसान की किस्त कब आती है,government,government.csv
फल छेदक,pest,pest.json
जीवता रहो,greeting,greeting.json
what is the expected price trend,market,market.json
खम्मा घणी म्हारा काका,greeting,greeting.json
app chalana,general,general.json
बाद में बेचूं तो अच्छा रहेगा,market,market.json
post harvest fertilizer application kab karein?,fertilizer,fertilizer.csv
थारी उमर लंबी होवे,greeting,greeting.json
thane khamma ghani.,greeting,greeting.json
थांने देख मन खुश हो गयो,greeting,greeting.json
म्हारे खाते री नकल चाहिए।,government,government.json
dibbling,crop,crop.json
otp nahi aa raha hai kya karein,general,general.csv
identify plant infection,disease,disease.json
organiccrop,crop,crop.json
"tell me everything about agristack, farmer registry and digital farmer id in simple language.",government,government.json
"मेरे खेत में पिछले साल तिल था, अब क्या बोऊं?",crop,crop.json
"राम राम सा, म्हारी फसल खातर दवाई बतावो।",disease,disease.json
today's weather in my location,weather,weather.json
"मेरे खेत में पानी बहुत कम है, मुझे कौन सी खेती करनी चाहिए?",crop,crop.json
म्हाने यो ऐप रो हर एक सेक्शन समझावो।,general,general.json
how can i create my farmer id?,government,government.json
leaf yellow,disease,disease.json
फसल में इल्ली,pest,pest.json
jau,crop,crop.json
भूरा रतुआ,disease,disease.json
sfac,government,government.json
फोटो से रोग की पहचान करो।,disease,disease.json
मरा,disease,disease.json
mhane,crop,crop.json
morning weather forecast,weather,weather.json
crop disease detection,disease,disease.json
म्हारा खेत माटी में काई फसल चालसी?,crop,crop.json
pranam sabhi kisan bhaiyon ko.,greeting,greeting.json
प्रणाम किसान भाई,greeting,greeting.json
म्हाने बीमारी रो भरोसो बतावो।,disease,disease.json
welcome,greeting,greeting.json
म्हारी पूरी फसल खतरे में है।,disease,disease.json
crop disease identify,disease,disease.json
bimari batao,disease,disease.json
म्हारे खेत री मिट्टी में मैंगनीज री कमी है,soil,soil.csv
ऐप की सेटिंग कैसे खोलें,general,general.csv
ram ram kaka sa.,greeting,greeting.json
urgent plant disease detection,disease,disease.json
good evening my friend.,greeting,greeting.json
how to register for farmer registry?,government,government.json
खम्मा घणी हुकम सा,greeting,greeting.json
बारिश कब शुरू होगी,weather,weather.json
recommend a crop with low cultivation cost.,crop,crop.json
बांसवाड़ा मंडी भाव,market,market.json
कम पानी में सबसे ज्यादा मुनाफा देने वाली फसल कौन सी है?,crop,crop.json
which crop is suitable in winter?,crop,crop.json
प्रणाम ताऊ,greeting,greeting.json
अचानक पूरी फसल मुरझा गई।,disease,disease.json
किसान क्रेडिट कार्ड से खाद बीज खरीद सकते हैं क्या,government,government.csv
आज कपास का भाव,market,market.json
बारिश का मौसम कब तक रहेगा,weather,weather.csv
co9,crop,crop.json
राम राम सा प्रगति,general,general.json
आज बुवाई करूं के,weather,weather.json
crop infection spreading,disease,disease.json
काली मिट्टी की खेती,crop,crop.json
organic matter badhane ke liye kya karein?,soil,soil.csv
सरसों में माहू कीड़ा लग गया है,pest,pest.csv
what is digital farmer id?,government,government.json
सही,general,general.json
"राम राम सा, म्हूं पहली बार यो ऐप चलावूं हूँ, म्हाने एक-एक बात आसान भाषा में समझावो।",general,general.json
नाइट्रोजन,soil,soil.json
ମାଟିରେ ଆର୍ଦ୍ରତା କେତେ,soil,soil.json
"namaskar kisan bhai, bhagwan aapki mehnat safal kare.",greeting,greeting.json
बारिश के मौसम के लिए कौन सी फसल सही है?,crop,crop.json
म्हाने राज किसान पोर्टल पर अनुदान लेणो है।,government,government.json
land record,government,government.json
claim status check karna hai.,government,government.json
app mein available languages kaun kaun si hain,general,general.csv
"म्हारी फसल रो तौल करावणो है, किथे जावूं",market,market.json
stem rot disease,disease,disease.json
गेहूं लगाऊं या चना,crop,crop.json
magnesium,soil,soil.json
मिट्टी की ec,soil,soil.json
आषाढ़ में काई खेती करूं?,crop,crop.json
दिक्कत,disease,disease.json
mhane operation greens ri puri jankari samjhavjo.,government,government.json
आज रो मौसम मेरी फसल खातर फायदेमंद है के,weather,weather.json
गेहूं की पत्तियों पर भूरे धब्बे बन रहे हैं।,disease,disease.json
fungus spreading uncontrollably in my field emergency,emergency,emergency.csv
harvest weather,weather,weather.json
नमस्ते भाई ट्रैक्टर के बारे में पूछना था,greeting,greeting.csv
खीरा,crop,crop.json
nano urea spray kaise karein aur kitni matra mein?,fertilizer,fertilizer.csv
मिर्च में थ्रिप्स कीड़ा,pest,pest.csv
म्हाने समझावो,general,general.json
app help,general,general.json
आवो जी पधारो,greeting,greeting.json
किथे बेचण सूं ज्यादा कमाई होसी,market,market.json
अगर इलाज नहीं किया तो फसल खत्म हो जाएगी।,disease,disease.json
how to use pragati ai,general,general.json
barmer,crop,crop.json
spider mite on tomato,pest,pest.csv
voice mode,general,general.json
cotton ki buwai kab karni chahiye?,crop,crop.csv
लहसुन का भाव,market,market.json
is photo me kya disease hai,disease,disease.json
मंडी में फसल बेचने का सही समय कब है,market,market.csv
rain prediction,weather,weather.json
linseed,crop,crop.json
sprinkler system ke fayde kya hain,irrigation,irrigation.csv
क्या यह ऐप सभी किसानों के लिए है,general,general.csv
आज यूवी इंडेक्स कितना है,weather,weather.json
hhb223,crop,crop.json
मुझे तुरंत उपचार बताइए।,disease,disease.json
government,government,government.json
महाराष्ट्र,market,market.json
will price decrease,market,market.json
mere khet ke liye crop suggest karo,general,general.csv
leaf disease hai kya,disease,disease.json
कद सूं थारी राह देख रया था,greeting,greeting.json
पौधे की बढ़वार रुक गई है।,disease,disease.json
tehsildar,government,government.json
mhane badhi sarkari yojana ek sath batavo.,government,government.json
म्हारे खेत में बिजली गिरी और आग लग गई,emergency,emergency.csv
फसल में सड़न दिखाई दे रही है।,disease,disease.json
what are you,general,general.json
radhe radhe,greeting,greeting.csv
पास बाजार,market,market.json
ye bacterial disease lag rahi hai kya,disease,disease.json
lbg752improved,crop,crop.json
meri soil ke hisab se crop recommend karo,crop,crop.json
बागवानी,crop,crop.json
कम पानी में अधिक उत्पादन कैसे लें,irrigation,irrigation.csv
काली मिट्टी,soil,soil.json
suggest the best crop for my land.,crop,crop.json
യൂറിയ എത്ര ഇടണം,fertilizer,fertilizer.json
म्हारा पौधा में मोजेक रोग है।,disease,disease.json
என் மண்ணை பரிசோதிக்கவும்,soil,soil.json
"hello everyone, wishing you a joyful and productive day.",greeting,greeting.json
crop me wilt aa gaya,disease,disease.json
pmfb y,government,government.json
copper,soil,soil.json
wh1124,crop,crop.json
moong lagana sahi rahega,crop,crop.json
फसल चयन में मेरी मदद करें।,crop,crop.json
कॉलर रॉट से बचाव कैसे करें?,disease,disease.json
laser land leveller machine kaise kaam karti hai,machinery,machinery.csv
obc farmer scheme,government,government.json
स्प्रे सुबह करूँ या शाम को?,disease,disease.json
peaceful night,greeting,greeting.json
म्हारी फसल में कल से अचानक पत्ते मुड़ने लगे हैं,emergency,emergency.csv
crop disease emergency,disease,disease.json
क्या आज तेज हवा चलेगी,weather,weather.json
hi kisan,greeting,greeting.json
मानसून कब आएगा,weather,weather.json
will it rain in the next three days,weather,weather.json
khamma ghani hukam,greeting,greeting.json
cropplan,crop,crop.json
language change karo,general,general.json
कोटा मंडी भाव,market,market.json
कितना भाव,market,market.json
घरवालां ने राम राम कहजो,greeting,greeting.json
gram seed variety rajasthan ke liye best kaunsi hai,seed,seed.csv
sandy soil,soil,soil.json
dhundhar,crop,crop.json
आप कैसे हो,general,general.json
show the highest bidding mandi,market,market.json
मौसम के कारण फसल को नुकसान होगा क्या,weather,weather.json
top mandi today,market,market.json
म्हारे खेत री फसल पहचानो।,disease,disease.json
which crop is suitable for organic farming?,crop,crop.json
seedling,crop,crop.json
काल बारिश होसी के,weather,weather.json
control,disease,disease.json
मेरे खेत के हिसाब से फसल,crop,crop.json
रोटावेटर से खेत कैसे तैयार करें,machinery,machinery.csv
how do i get agriculture infrastructure fund support?,government,government.json
"hello everyone, may all farmers stay healthy and prosperous.",greeting,greeting.json
paani dene ke baad khad dena chahiye ya pehle,irrigation,irrigation.csv
ऐसी फसल बताओ जिसमें कम जोखिम हो और अच्छा मुनाफा मिले।,crop,crop.json
बाजरे की बालियां खराब हो रही हैं।,disease,disease.json
बचाओ,disease,disease.json
मक्का या बाजरा,crop,crop.json
jai hind bhai kisan ki baat karni thi,greeting,greeting.csv
कौन सा फफूंदनाशक डालूँ?,disease,disease.json
fruit is rotting,disease,disease.json
प्रधानमंत्री फसल बीमा योजना की पूरी जानकारी दीजिए।,government,government.json
मेरी मिर्च के फलों पर काले धब्बे आ गए हैं,disease,disease.csv
bee keeping,government,government.json
एफपीओ कैसे बनाएं,government,government.json
मार्गदर्शिका,general,general.json
stem rot,disease,disease.json
म्हाने राज किसान पोर्टल समझावो,government,government.json
micro irrigation scheme,government,government.json
राष्ट्रीय पशुधन मिशन,government,government.json
एक जिला एक उत्पाद,government,government.json
suggest the best crop according to my soil.,crop,crop.json
rotavator depth setting kaise karein,machinery,machinery.csv
आज बीकानेर में हवा चलेगी क्या,weather,weather.json
आज जोधपुर में गर्मी कितनी है,weather,weather.json
system,general,general.json
म्हाने रबी री फसल सुझावो।,crop,crop.json
मेरे खेत के लिए बेहतर खेती का विकल्प बताइए।,crop,crop.json
कीट से नुकसान,pest,pest.json
pantmoong3,crop,crop.json
weather,weather,weather.json
hi ji jai hind jai bharat,greeting,greeting.csv
मानसून की स्थिति,weather,weather.json
plant,crop,crop.json
raj kisan apply,government,government.json
farmer registry ekyc,government,government.json
cottn,crop,crop.json
म्हाने हर नई सुविधा रो उपयोग बतावजो।,general,general.json
आज का मंडी भाव,market,market.json
rotavator subsidy,government,government.json
મારી જમીનની તપાસ કરો,soil,soil.json
फसल की पत्तियां सिकुड़ रही हैं।,disease,disease.json
aaj pesticide spray ke liye mausam theek hai kya,weather,weather.csv
ye app kaise chalta hai,general,general.json
atal pension registration,government,government.json
"ram ram sa, swagat hai pragati ai mein.",greeting,greeting.json
म्हाने ब्लाइट रो इलाज बतावो।,disease,disease.json
योग्यता,government,government.json
म्हाने ग्वार बोवणी चाहिए के नहीं?,crop,crop.json
अपग्रेड,general,general.json
आज मक्का का रेट क्या है,market,market.csv
म्हे ठीक ठाक सा,greeting,greeting.json
क्या आप मुझे हर दिन कुछ नया सीखने में मदद करेंगे?,general,general.json
अगर मुझे आपका कोई जवाब समझ में नहीं आए तो क्या आप उसे और आसान भाषा में समझा सकते हैं?,general,general.json
chc scheme,government,government.json
scan,disease,disease.json
आज जीरे का मंडी भाव क्या है,market,market.csv
बाजरे में फफूंदी लग गई है।,disease,disease.json
कृषि यंत्र पर 50 प्रतिशत सब्सिडी मिलती है क्या,machinery,machinery.csv
खम्मा घणी सा राम राम,greeting,greeting.csv
बिक्री रेट,market,market.json
म्हाने पीएम किसान री जानकारी देवो,government,government.json
pod borer in soybean,pest,pest.csv
good evening,general,general.json
morning weather,weather,weather.json
national food security mission,government,government.json
scheme eligibility,government,government.json
क्या दाम,market,market.json
યુરિયા બતાવો,fertilizer,fertilizer.json
दाम निकालो,market,market.json
मंडी भाव,market,market.json
म्हाने उर्वरक बतावो,fertilizer,fertilizer.json
आज मंडी में सबसे अच्छा रेट किस फसल का चल रयो है,market,market.json
dragonfruit,crop,crop.json
rgc986,crop,crop.json
diggi yojana,government,government.json
ओले गिरने पर क्या करें,weather,weather.json
फलोद्यान,government,government.json
best fungicide for this disease,disease,disease.json
pakne,crop,crop.json
क्या इस तस्वीर से बीमारी का पता चल सकता है?,disease,disease.json
sikar weather,weather,weather.json
recommend a crop with low production cost.,crop,crop.json
best crop after harvesting wheat,crop,crop.json
मेरी मिट्टी की npk रिपोर्ट बताइए,soil,soil.json
उड़द,crop,crop.json
hi bhai pm kisan,government,government.json
image quality is low,disease,disease.json
ਮਿੱਟੀ ਨੂੰ ਕਿਵੇਂ ਸੁਧਾਰਿਆ ਜਾਵੇ,soil,soil.json
आज अजमेर का मौसम,weather,weather.json
रासायनिक,disease,disease.json
घोल,disease,disease.json
is it safe to spray fungicide today,weather,weather.json
म्हारे खेत में कांई बीमारी है?,disease,disease.json
बैसो बैसो सा,greeting,greeting.json
suggest a crop with high market demand this season.,crop,crop.json
plant treatment batao,disease,disease.json
तेज हवा,weather,weather.json
gram price,market,market.json
farmplot,crop,crop.json
म्यूरेट ऑफ पोटाश,fertilizer,fertilizer.json
i want to apply for pm kisan samman nidhi yojana. please explain the complete process.,government,government.json
problem,disease,disease.json
"राम राम, म्हाने राज किसान पोर्टल री सहायता चाहिए।",government,government.json
imidacloprid seed treatment kaise karein,seed,seed.csv
leaf spot,disease,disease.json
मुझे अच्छे व्यापारी की जानकारी दीजिए,market,market.json
national livestock mission subsidy,government,government.json
फसल पीली पड़ रही है और मर रही है तुरंत बताओ,emergency,emergency.csv
सरकार किसानों के लिए कौन-कौन सी योजनाएँ चला रही है?,government,government.json
mhane gokul mission ri jankari devo.,government,government.json
meri fasal ki problem identify karo,disease,disease.json
ram ram sir,greeting,greeting.json
olivefarming,crop,crop.json
आज गर्मी का अलर्ट है क्या,weather,weather.json
सहायता,disease,disease.json
plant health analysis,disease,disease.json
analyze soil drainage,soil,soil.json
म्हारी सोयाबीन री फसल में dap कितनो डालूं?,fertilizer,fertilizer.csv
tractorfarming,crop,crop.json
मूंग की फसल में पानी कब देना है,irrigation,irrigation.csv
ajmer mandi price today,market,market.json
english select karo,general,general.json
aaj ki humidity kitni hai,weather,weather.csv
farmer registry mobile update,government,government.json
पत्ती धब्बा,disease,disease.json
ग्वार बेचना है,market,market.json
lbg645,crop,crop.json
farmer benefit,government,government.json
एन्थ्रेक्नोज का इलाज बताइए।,disease,disease.json
crop change,crop,crop.json
khetbari,crop,crop.json
hi pragati ai aaj kya kaam aayega,greeting,greeting.csv
राष्ट्रीय बागवानी मिशन,government,government.json
तिल का भाव,market,market.json
stem kala pad raha hai,disease,disease.json
pranam pragati,greeting,greeting.json
give weather based farming advice,weather,weather.json
मेरे खेत में मिट्टी का रंग काला क्यों है?,soil,soil.csv
"खम्मा घणी सा, थारो हाल चाल के है?",greeting,greeting.json
उर्वरक कब डालें,fertilizer,fertilizer.json
खेतीबाड़ी,crop,crop.json
scan my crop disease,disease,disease.json
micronutrient fertilizer kab aur kaise dena chahiye?,fertilizer,fertilizer.csv
फसल की बीमारी की फोटो कैसे भेजें,general,general.csv
ye app use karne ka sabse aasan tarika kya hai?,general,general.json
nice meeting you,greeting,greeting.json
help me choose a profitable crop.,crop,crop.json
kem cho khedut,greeting,greeting.json
कपास में सफेद मक्खी का हमला,pest,pest.csv
पूरे खेत में एक जैसी समस्या है।,disease,disease.json
ड्रिप सिंचाई,government,government.json
cotton mein leaf curl virus ka attack hai,disease,disease.csv
धन्यवाद,general,general.json
म्हाने सरकारी मदद चाहिए,government,government.json
माटी रिपोर्ट पढ़ के बतावो,soil,soil.json
can you become my daily farming assistant and guide me whenever i need help?,general,general.json
भाषा,general,general.json
बादल,weather,weather.json
आज अजमेर में बादल रहेंगे क्या,weather,weather.json
meri photo check karo,disease,disease.json
सरकारी योजना का लाभ लेने के लिए कौन-कौन से दस्तावेज चाहिए?,government,government.json
bacterial disease,disease,disease.json
dripcrop,crop,crop.json
pranam mataji,greeting,greeting.json
उड़द की फसल सूख रही है।,disease,disease.json
ripening,crop,crop.json
lovely evening,greeting,greeting.json
edit profile,general,general.json
माती सुधारण्यासाठी काय करावे,soil,soil.json
क्या ai को इस बीमारी पर भरोसा है?,disease,disease.json
kani,crop,crop.json
gehu ke patte peele pad rahe hain,disease,disease.json
check my soil health,soil,soil.json
rajasthani,crop,crop.json
म्हारी मिट्टी में मोलिब्डेनम री कमी है,soil,soil.csv
phalodi,crop,crop.json
आज कूणसी मंडी में जावणो ठीक रहसी,market,market.json
तूफान,weather,weather.json
field moisture analysis,soil,soil.json
bimari,disease,disease.json
cumin blight symptoms,disease,disease.json
khetplan,crop,crop.json
कम्पोस्ट,fertilizer,fertilizer.json
how to download bhu naksha?,government,government.json
ट्रैक्टर का क्लच खराब हो गया है,machinery,machinery.csv
म्हारी फसल में कैल्शियम नाइट्रेट कद डालणो चाहिए?,fertilizer,fertilizer.csv
पत्ती सुरंगक कीड़ा,pest,pest.csv
म्हारी खेती में बीमारी क्यों आई?,disease,disease.json
थारो एआई कांई-कांई काम कर सकै?,general,general.json
மண் உலர்ந்துள்ளது,soil,soil.json
म्हारी फोटो साफ कोनी है।,disease,disease.json
आज किण रेट चल रयो है,market,market.json
is saal market me kis crop ki demand jyada hai,crop,crop.json
nagaur weather,weather,weather.json
straw,crop,crop.json
accuracy,disease,disease.json
कम लागत में ज्यादा मुनाफा देने वाली फसल कौन सी है?,crop,crop.json
smartcrop,crop,crop.json
मेरे खेत की मिट्टी के अनुसार कौन सी फसल लगाऊँ?,crop,crop.json
"मेरे खेत में पहली बार जीरे की खेती करना चाहता हूँ, क्या यह सही रहेगा?",crop,crop.json
कीट नाशक दवा,pest,pest.json
pusabold2,crop,crop.json
राम राम जी शुभ प्रभात,greeting,greeting.csv
upload another image,disease,disease.json
fasal diary feature kahan hai app mein,general,general.csv
जीवाणु झुलसा,disease,disease.json
"म्हारा खेत छोटो है, कांई खेती करूं?",crop,crop.json
hello mate,greeting,greeting.json
how do you work,general,general.json
क्या यह ऐप केवल राजस्थान के किसानों के लिए है या पूरे भारत के किसानों के लिए उपयोगी है?,general,general.json
ਰੇਟ,market,market.json
how can i update my profile on raj kisan portal?,government,government.json
मिलने भाव,market,market.json
मुझे इस ऐप का पूरा उपयोग समझाइए ताकि मैं सभी सुविधाओं का सही तरीके से इस्तेमाल कर सकूँ।,general,general.json
kitni quantity me dawa dalu,disease,disease.json
best crop after harvesting mustard,crop,crop.json
raj kisan portal ka account verify kaise kare?,government,government.json
क्या मौसम खराब होने से पहले फसल की कटाई कर लेनी चाहिए,weather,weather.json
बोरवेल बंद हो गया फसल को पानी नहीं मिल रहा,emergency,emergency.csv
bacterial,disease,disease.json
आज सांझ रो मौसम,weather,weather.json
current coriander market price,market,market.json
"namaste, welcome to our agriculture assistant.",greeting,greeting.json
temperature,crop,crop.json
kisan credit card,government,government.json
राम राम सा भाई,greeting,greeting.json
झड़ना,disease,disease.json
बहुत धन्यवाद,general,general.json
history,general,general.json
म्हारी उड़द री फसल में पत्ती मोड़क रोग लाग री है,disease,disease.csv
म्हाने सही सलाह दो।,disease,disease.json
how can i apply online for a government agriculture scheme?,government,government.json
suggest a crop for october.,crop,crop.json
how to register,general,general.json
क्या आज स्प्रे करना सुरक्षित रहेगा,weather,weather.json
bajra,crop,crop.json
fungicide,disease,disease.json
पंजीकरण,government,government.json
भाई म्हारे खेत में कौन सी फसल बोवां जो कम पाणी में हो जावे?,crop,crop.csv
how can i get the maximum benefit from using pragati ai regularly?,general,general.json
ram ram dada,greeting,greeting.json
disease diagnosis,disease,disease.json
ओटीपी,general,general.json
ग्वार की पत्तियां पीली हो रही हैं।,disease,disease.json
म्हारा गांव रो तापमान किण है,weather,weather.json
crop recommendation do,crop,crop.json
म्हारा खेत में ग्वार चालसी?,crop,crop.json
today wheat price in rajasthan mandi,market,market.csv
मेरे खेत में मिट्टी की उर्वरता जांचने के लिए क्या करूं?,soil,soil.csv
hello pragati bhai mujhe kuch janna hai,greeting,greeting.csv
बाजरे के पौधे कमजोर हो रहे हैं।,disease,disease.json
leaf spot disease treatment,disease,disease.json
खुदरा बाजार,market,market.json
jaldi solution do,disease,disease.json
म्हाने सरकार री मदद चाहिए सा।,government,government.json
मक्का,crop,crop.json
garib kalyan yojana,government,government.json
crop disease batao,disease,disease.json
आज शाम को मौसम कैसा रहेगा,weather,weather.csv
"राम राम सा, कैसे हो",general,general.json
थारो साथ लेकर खेती करूं तो म्हाने काई फायदा होसी?,general,general.json
डिजिटल सहायक,general,general.json
farm machinery subsidy,government,government.json
emergency fertilizer recommendation chahiye abhi,emergency,emergency.csv
mere area me kaunsi crop chal rahi hai,crop,crop.json
sriganganagar,crop,crop.json
"म्हाने खेती में मुनाफो बढ़ावणो है, कांई बोवां?",crop,crop.json
आज फसल की कटाई सही रहेगी,weather,weather.json
mhane pm kisan batavo,government,government.json
kisan,crop,crop.json
gw366,crop,crop.json
rgc1038,crop,crop.json
श्री अन्न मिशन,government,government.json
ipm306,crop,crop.json
pm kisan last date for registration kya hai,government,government.csv
ऐसी फसल बताओ जिसकी मांग हमेशा बनी रहती है।,crop,crop.json
खम्मा घणी जी प्रणाम,greeting,greeting.csv
emergency,disease,disease.json
इस ऐप में कौन-कौन सी सुविधाएँ उपलब्ध हैं और उनका उपयोग कैसे किया जाता है?,general,general.json
mujhe is app ka complete training do.,general,general.json
चिकनी,crop,crop.json
"मूंगफली की जड़ें सड़ रही हैं, कौन सी दवाई डालूं?",disease,disease.json
kvk,government,government.json
is mahine mein kitni barish hogi,weather,weather.csv
बाजरा,crop,crop.json
anar,crop,crop.json
सरकारी खरीद चालू है के नहीं,market,market.json
शुभ दोपहर,greeting,greeting.json
कृषि विभाग की नई योजना बताइए।,government,government.json
रोग को खत्म करने के लिए क्या करें?,disease,disease.json
kisan yojana batao,government,government.json
coriander seed price today rajasthan mandi,market,market.csv
ବଜାର,market,market.json
crop emergency hai,disease,disease.json
"म्हारी मिट्टी में सल्फर री कमी है, के उपाय करूं?",soil,soil.json
कृषि स्टार्टअप योजना,government,government.json
म्हाने कम खर्च री खेती करनी है।,crop,crop.json
raj kisan portal me login kaise kare?,government,government.json
ऑनलाइन आवेदन,government,government.json
meri crop bach jayegi kya,disease,disease.json
बाड़मेर मंडी भाव,market,market.json
sorghum,crop,crop.json
fruit,crop,crop.json
"मैं बकरी पालन, मुर्गी पालन और मधुमक्खी पालन के लिए उपलब्ध सभी सरकारी योजनाओं की जानकारी चाहता हूँ।",government,government.json
म्हारे खेत री मिट्टी में जिंक री कमी है के करूं?,soil,soil.csv
yojana status,government,government.json
उपज दाम,market,market.json
गेहूं का भाव,market,market.json
crop price,market,market.json
किसान भाव,market,market.json
सिंचाई के लिए तालाब का पानी इस्तेमाल कर सकते हैं,irrigation,irrigation.csv
explain jamabandi in detail.,government,government.json
best dawa batao,disease,disease.json
म्हाने जमीन जोड़णी है किसान रजिस्ट्री में।,government,government.json
मेरे खेत के लिए सबसे अच्छा विकल्प बताइए।,crop,crop.json
magnesium sulphate ka dose per acre kya hai?,fertilizer,fertilizer.csv
irrigatedarea,crop,crop.json
hello bhai radhe radhe,greeting,greeting.csv
rotation crop,crop,crop.json
नमस्ते जी आज खाद डालनी है,greeting,greeting.csv
खरीफ में काई बोवां?,crop,crop.json
म्हाने गाइड करो,general,general.json
i want to learn everything about this application from the beginning.,general,general.json
प्रधानमंत्री रोजगार सृजन कार्यक्रम का लाभ कैसे लें?,government,government.json
पधारो म्हारे हुकम,greeting,greeting.json
mhane sarkari madad chahiye,government,government.json
suggest the best mandi for selling my crop,market,market.json
म्हाने फफूंदनाशक बतावो।,disease,disease.json
crop ka rog batao,disease,disease.json
raj kisan status,government,government.json
directseed,crop,crop.json
आंधी आएगी क्या,weather,weather.json
जीरो रो मंडी भाव बतावो,market,market.json
dark mode,general,general.json
थारा आवण रो इंतजार थो,greeting,greeting.json
khamma ghani dada sa.,greeting,greeting.json
मेरे खेत में पानी की कमी है क्या करूं,irrigation,irrigation.csv
"good night, take care and have a peaceful sleep.",greeting,greeting.json
राजस्थान में इस मौसम में कौन सी फसल बोनी चाहिए?,crop,crop.csv
क्या सिंचाई की जरूरत है,soil,soil.json
ରେଟ,market,market.json
राजस्थानी चुनो,general,general.json
namaste bhai,greeting,greeting.json
great work,general,general.json
थांने राम राम,greeting,greeting.json
थारो राज किसान पोर्टल मं मदद करजो।,government,government.json
महिला किसान योजना,government,government.json
सरसों का भाव,market,market.json
पत्तियों पर धब्बे आ गए हैं।,disease,disease.json
आज मंडी,market,market.json
क्या आज खाद डालने का सही समय है,weather,weather.json
can i apply online through raj kisan portal?,government,government.json
moong ya urad me kya boya jaye,crop,crop.json
मेरी उपज खरीदने वाला कौन है,market,market.json
उर्वरक,fertilizer,fertilizer.json
mujhe batao kis scheme me sabse jyada benefit milega.,government,government.json
"राम राम सा, गेहूं बोवां के नहीं?",crop,crop.json
crop is not growing,disease,disease.json
मंडी खबर,market,market.json
best pulse crop for my farm,crop,crop.json
is season me best farming kaunsi hai,crop,crop.json
आने वाले दिनों में भाव,market,market.json
मिट्टी का प्रकार,soil,soil.json
ମାଟିକୁ କିପରି ଉର୍ବର କରିବି,soil,soil.json
mandi bhav online kaise check karein,market,market.csv
"म्हारा खेत रेतीलो है, कांई खेती जमसी?",crop,crop.json
जीवता रहजो,greeting,greeting.json
jai hind bhai good evening,greeting,greeting.csv
dryarea,crop,crop.json
crop ka treatment batao,disease,disease.json
म्हारे खेत में पाणी कम है,crop,crop.json
night weather,weather,weather.json
signup nahi ho raha,general,general.json
राज किसान पोर्टल पर रजिस्ट्रेशन कैसे करें?,government,government.json
wh542,crop,crop.json
are you fine,general,general.json
फसल नुकसान,government,government.json
ram ram,greeting,greeting.json
राम राम सा फेर मिलां,greeting,greeting.json
khasra number,government,government.json
म्हाने जैविक खाद बतावो,fertilizer,fertilizer.json
मेरी मिट्टी में फास्फोरस कितना है,soil,soil.json
म्हाने फीचर बतावो,general,general.json
भाई म्हारी मक्का री फसल में तना सड़न लाग री है,disease,disease.csv
biofertilizer kab aur kaise use karein?,fertilizer,fertilizer.csv
reaper machine se fasal katai kaise karein,machinery,machinery.csv
कृषि विभाग में सब्सिडी के लिए आवेदन कैसे करें?,government,government.json
help me,general,general.json
म्हाने समझ में कोनी आवे कांई करूं।,disease,disease.json
मेरे खेत में ऊसर जमीन है कौन सी फसल उगाऊं?,crop,crop.csv
crop sequence,crop,crop.json
कल मूंग का भाव क्या था,market,market.csv
मिट्टी की समस्या,soil,soil.json
दावा,government,government.json
अगले 10 दिनों में सबसे गर्म दिन कौन सा होगा,weather,weather.json
hi farmer brother,greeting,greeting.json
मेरी फसल में टॉप ड्रेसिंग कब करें?,fertilizer,fertilizer.csv
"good morning, hope you are doing well.",greeting,greeting.json
viral infection detected,disease,disease.json
how accurate is this prediction,disease,disease.json
grasshopper attack,pest,pest.json
मेरी फसल में बीमारी दिखाई दे रही है।,disease,disease.json
soil drainage,soil,soil.json
किसान रजिस्ट्री में जमीन कैसे जोड़ें,government,government.json
म्हारी फसल किण मंडी में बेचूं,market,market.json
best crop after bajra,crop,crop.json
म्हाने राज किसान पोर्टल रो पूरा उपयोग सिखावो।,government,government.json
रोग बहुत तेजी से फैल रहा है।,disease,disease.json
आज पानी बरससी के,weather,weather.json
guar price increase hua kya aaj,market,market.csv
mhane anudan joie,government,government.json
यूरिया कद डालूं,fertilizer,fertilizer.json
राष्ट्रीय गोकुल मिशन,government,government.json
cropfield,crop,crop.json
farmer registry registration,government,government.json
how to enable camera,general,general.json
insurance claim kaise kare?,government,government.json
soil quality,soil,soil.json
ye disease kis wajah se hui,disease,disease.json
ram ram sa sabhi annadata bhaiyon ne.,greeting,greeting.json
थारो खेत खातर काई फसल सही रहसी?,crop,crop.json
सरकारी,government,government.json
soil health card camp kab lagega mere gaon mein,government,government.csv
म्हारी सरसों में npk खाद कितनी डालूं?,fertilizer,fertilizer.csv
आज सोयाबीन का भाव क्या है,market,market.csv
राम राम हुकुम,greeting,greeting.json
natural farming,crop,crop.json
बरसात के बाद सिंचाई करनी चाहिए या नहीं,irrigation,irrigation.csv
cropseason,crop,crop.json
dairy,government,government.json
मेरे खेत में कैल्शियम खाद कब और कितना डालें?,fertilizer,fertilizer.csv
"pranam ji, aaj aapse milkar accha laga.",greeting,greeting.json
tana kala,disease,disease.json
म्हारी फसल जांच कर दो।,disease,disease.json
how can i link aadhaar with farmer registry?,government,government.json
हेल्दी,disease,disease.json
fish farming,government,government.json
medicinal farming,government,government.json
kaunsi crop sabse jyada profit degi,crop,crop.json
check soil moisture,soil,soil.json
buying,market,market.json
raj1482,crop,crop.json
photo based disease detection,disease,disease.json
आज खेती खातर मौसम ठीक है के,weather,weather.json
गेहूं में पानी कब देना चाहिए,irrigation,irrigation.csv
medicine recommend karo,disease,disease.json
सोयाबीन में फली छेदक,pest,pest.csv
red soil,soil,soil.json
which crop is best for loamy soil?,crop,crop.csv
cotton,crop,crop.json
अनाज दाम,market,market.json
ec value,soil,soil.json
म्हारे खेत में आलू के लिए खाद की मात्रा बताओ,fertilizer,fertilizer.csv
कस्से हो भाया,greeting,greeting.json
कुसुम योजना,government,government.json
म्हारे पत्ता में छेद हो गया।,disease,disease.json
khamma ghani ji namaskar,greeting,greeting.csv
mere khet ke liye sahi crop suggest karo,crop,crop.json
lbg752,crop,crop.json
टमाटर,crop,crop.json
खरीफ में कौन से कीड़े आते हैं,pest,pest.csv
सब्जी खेती,government,government.json
उड़द की फसल पीली पड़ रही है।,disease,disease.json
kisan credit,government,government.json
recommend a low risk farming option.,crop,crop.json
लेटेस्ट मंडी रेट,market,market.json
कृषि से जुड़ी सभी सरकारी योजनाओं की जानकारी आसान भाषा में दीजिए।,government,government.json
pranam pitaji,greeting,greeting.json
आराम सूं रहजो,greeting,greeting.json
hectare,crop,crop.json
ड्रिप इरिगेशन और स्प्रिंकलर में कौन सा बेहतर है,irrigation,irrigation.csv
shekhawati,crop,crop.json
sprinklercrop,crop,crop.json
"फसल चक्र के बारे में बताओ, क्या बोना चाहिए?",crop,crop.json
तिल की खेती कब और कैसे करें?,crop,crop.csv
wheat mein rust disease aa gayi hai spray kya karein?,disease,disease.csv
"ram ram sa, tharo swagat hai.",greeting,greeting.json
मेरी मिट्टी में नमी कितनी है,soil,soil.json
suggest a crop for one acre farm.,crop,crop.json
drip subsidy,government,government.json
harvest advisory,weather,weather.json
जीरा मंडी भाव,market,market.json
icar,government,government.json
बाढ़ के पानी में खेत डूब गया फसल बचाने का उपाय बताओ,emergency,emergency.csv
gehu ki bali sukh rahi hai,disease,disease.json
which crop is best for low budget farming?,crop,crop.json
थारा घर धन धान्य सूं भरपूर रहै,greeting,greeting.json
floriculture,government,government.json
अगर बारिश देर से आए तो कौन सी फसल बोऊँ?,crop,crop.json
ok bhai,general,general.json
kota,crop,crop.json
राम राम भाईसा,greeting,greeting.json
"म्हूं नया किसान हूँ, म्हाने शुरू सूं गाइड कर दो।",general,general.json
notification on karo,general,general.json
क्या आज सिंचाई रोक देनी चाहिए,weather,weather.json
jaipur,crop,crop.json
basal dose fertilizer kya hota hai?,fertilizer,fertilizer.csv
today's wind speed,weather,weather.json
ye virus disease hai kya,disease,disease.json
म्हाने नई खेती री तकनीक भी बतावता रहजो।,general,general.json
उपज का भाव,market,market.json
farmer scheme details,government,government.json
राज किसान स्टेटस,government,government.json
मेरी मिट्टी जल्दी सूख जाती है,soil,soil.json
"khamma ghani sa, tharo din mangalmay rahe.",greeting,greeting.json
प्लेटफॉर्म,general,general.json
meri crop beemar ho gayi hai,disease,disease.json
mite on crop,pest,pest.json
attack,disease,disease.json
ड्रिप से खाद कैसे दें,fertilizer,fertilizer.json
જમીન સુકી છે,soil,soil.json
cropinnovation,crop,crop.json
सूरजमुखी,crop,crop.json
फसल सुझाव,crop,crop.json
"थूं म्हारी मदद कद-कद कर सकै, घणी विस्तार सूं बतावो।",general,general.json
अलसी,crop,crop.json
फास्फोरस,soil,soil.json
म्हारा खेत में रोग रोकणो उपाय बतावो।,disease,disease.json
इसबगोल का बीज कहां से मिलेगा,seed,seed.csv
mujhe shuru se end tak pura app sikhao.,general,general.json
blast,disease,disease.json
krishi yantra subsidy apply kaise kare?,government,government.json
dry area ke liye crop batao,crop,crop.json
आज किस मंडी में सबसे अच्छी नीलामी हुई,market,market.json
योजना लाभ,government,government.json
स्टॉक,market,market.json
sarsoo,crop,crop.json
വിപണി,market,market.json
मिट्टी गीली है,soil,soil.json
फसल,crop,crop.json
select marwari,general,general.json
मेरे खेत में कौन सी फसल लगाने से अच्छा उत्पादन मिलेगा?,crop,crop.json
pragati ai ka pura introduction do.,general,general.json
म्हारो जीरो सूख रयो है।,disease,disease.json
next,general,general.json
home page kholo,general,general.json
makai,crop,crop.json
मैं जानना चाहता हूँ कि यह ऐप मेरी खेती में किस प्रकार मदद कर सकता है और इसके कौन-कौन से फीचर मेरे लिए उपयोगी होंगे।,general,general.json
पत्ती खनक कीट,pest,pest.json
aadhar se login ho sakta hai kya,general,general.csv
म्हारे खेत में बीमारी घणी फैल गई।,disease,disease.json
rain alert,weather,weather.json
heavy clay soil ko kaise halka karein?,soil,soil.csv
planting,crop,crop.json
suggest a crop for dry farming.,crop,crop.json
पत्ती झुलसा,disease,disease.json
help karo,general,general.json
प्रणाम हुकम,greeting,greeting.json
soil based crop recommendation,soil,soil.json
best mandi to sell mustard today,market,market.json
ye rust disease hai kya,disease,disease.json
agristack,government,government.json
राजस्थान में किसानों के लिए कौन कौन सी योजनाएं हैं,government,government.csv
पत्तियां पीली हो रही हैं।,disease,disease.json
चना बोने का सही समय और तरीका बताओ,crop,crop.csv
which crop,crop,crop.json
"म्हारे खेत री मिट्टी में सल्फर री कमी है, के डालूं?",soil,soil.json
म्हारा खेत खतरे में है।,disease,disease.json
long time no talk,greeting,greeting.json
आज सवाई माधोपुर का मौसम,weather,weather.json
म्हारी पीएम किसान री किस्त क्यूँ कोनी आई?,government,government.json
झालावाड़ मंडी भाव,market,market.json
open camera,general,general.json
भूरे धब्बे रोग,disease,disease.json
आज ओलावृष्टि का पूर्वानुमान बताओ,weather,weather.json
पौध पोषण,fertilizer,fertilizer.json
soil improvement,soil,soil.json
packing,market,market.json
सूक्ष्म पोषक उर्वरक,fertilizer,fertilizer.json
gawar,crop,crop.json
price trend,market,market.json
अगले 5 दिन का मौसम,weather,weather.json
आज निराई गुड़ाई करूं,weather,weather.json
आज मंडी में रिकॉर्ड आवक हुई क्या,market,market.json
म्हारे खेत में इस बार जीरो बोवूं के सरसों?,crop,crop.json
राम राम हुकम सा,greeting,greeting.json
स्प्रेयर मशीन की सफाई कैसे करें,machinery,machinery.csv
which crop is best for drip irrigation?,crop,crop.csv
kal barish hogi to beej bona band karna chahiye kya,weather,weather.csv
mahila kisan,government,government.json
म्हारी जमीन हिसाब सूं फसल बतावो।,crop,crop.json
आज सूरज कद उगसी,weather,weather.json
see you,general,general.json
lucernefodder,crop,crop.json
ಮಂಡಿ,market,market.json
coldwave advisory,weather,weather.json
म्हारी शुभकामना थारे साथ,greeting,greeting.json
आज भरतपुर का मौसम,weather,weather.json
राजस्थान में ग्रीनहाउस पर सब्सिडी मिलती है क्या,government,government.csv
मेरी फसल की फोटो का विश्लेषण करो।,disease,disease.json
meri land me crop planning kar do,crop,crop.json
soya,crop,crop.json
find the best market for my produce,market,market.json
ashwagandha,crop,crop.json
10 din se baarish nahi hui fasal mar rahi hai,emergency,emergency.csv
hi farmer,greeting,greeting.json
काला तना,disease,disease.json
lok63,crop,crop.json
farming weather,weather,weather.json
which crop is best for sandy soil in rajasthan?,crop,crop.json
soil analysis,soil,soil.json
soil report explanation,soil,soil.json
जमाबंदी कैसे देखें,government,government.json
माटी रो organic carbon,soil,soil.json
mini tractor vs big tractor kaunsa better hai,machinery,machinery.csv
open profile,general,general.json
सरसों में कौन सा रोग है?,disease,disease.json
meri fasal ke patte peele ho rahe hain,disease,disease.json
आज आर्द्रता कितनी है,weather,weather.json
म्हारा रोग फैलतो जावै।,disease,disease.json
म्हारे खेत में बाजरे के लिए खाद की मात्रा बताओ,fertilizer,fertilizer.csv
early blight,disease,disease.json
sarso ya jeera me kya fayda hai,crop,crop.json
उड़द में कौन सी बीमारी लगी है?,disease,disease.json
meri crop kharab ho gayi hai.,government,government.json
"म्हाने खेती खातर रोज सलाह चाहिए, थूं मदद करसी?",general,general.json
आज हनुमानगढ़ का मौसम,weather,weather.json
म्हाने पट्टो चेक करनो है।,government,government.json
यो ऐप बाकी खेती वाला ऐपां सूं अलग क्यूँ है?,general,general.json
lbg402,crop,crop.json
सुविधा,general,general.json
how to start an agriculture startup with government support?,government,government.json
best mandi to sell wheat in rajasthan,market,market.csv
"म्हारा खेत सूको है, कांई करूं?",crop,crop.json
बीज पर सरकारी सब्सिडी मिलती है क्या,seed,seed.csv
मंडई,market,market.json
आज घणो सरस लाग्यो,greeting,greeting.json
rain forecast,weather,weather.json
अनइंस्टॉल,general,general.json
sarso lagau kya,crop,crop.json
रोग की पहचान कितनी सही है?,disease,disease.json
कस्सा हो सा,greeting,greeting.json
tell me the best subsidy scheme available for small farmers.,government,government.json
मिट्टी में पानी,soil,soil.json
tiddi dal ne mera poora khet kha liya,emergency,emergency.csv
vermicompost ka dose per bigha kya hona chahiye?,fertilizer,fertilizer.csv
root rot symptoms,disease,disease.json
जमाबंदी में गलती सुधारने की पूरी प्रक्रिया बताइए।,government,government.json
मस्त रहजो,greeting,greeting.json
ज्यादा कमाई वाली फसल,crop,crop.json
laser leveller subsidy details batao.,government,government.json
रोटावेटर और कल्टीवेटर में क्या फर्क है,machinery,machinery.csv
hailstorm se meri poori fasal barbad ho gayi,emergency,emergency.csv
vegetable,crop,crop.json
म्हारी अरहर री फसल में स्टेरिलिटी मोजेक लाग री है,disease,disease.csv
pm krishi sinchai yojana,government,government.json
patta,crop,crop.json
म्हारा खेत खातर बढ़िया खेती बतावो।,crop,crop.json
identify guar disease,disease,disease.json
आज बाजरो किण भाव बिक रयो है,market,market.json
how can i apply for tractor subsidy?,government,government.json
रेट अपडेट,market,market.json
how to save infected crop,disease,disease.json
fusarium wilt control,disease,disease.json
"hello pragati ai, how are you today?",greeting,greeting.json
is today good for spraying pesticides,weather,weather.json
आज मैं गेहूं बेचना चाहता हूँ,market,market.json
जय श्री गणेश,greeting,greeting.json
म्हाने मदद करो सा।,disease,disease.json
crop disease solution,disease,disease.json
go back,general,general.json
ईसबगोल की खेती कब और कैसे करें?,crop,crop.csv
fishery scheme,government,government.json
निरीक्षण,disease,disease.json
go home,general,general.json
how to identify pest in crop,pest,pest.csv
how this app works,general,general.json
म्हारा खेत में बरसात आवे तो कांई बोवां?,crop,crop.json
कहाँ बेचने पर ज्यादा पैसा मिलेगा,market,market.json
अटल पेंशन योजना में कैसे जुड़ें?,government,government.json
ai ne galat disease bataya,disease,disease.json
पौधा रोग इलाज,disease,disease.json
म्हारी फसल में ssp खाद कद डालणो चाहिए?,fertilizer,fertilizer.csv
दवाई कितनी मात्रा में डालनी चाहिए?,disease,disease.json
raj kisan portal se kaunsi schemes milti hai?,government,government.json
how can i apply for pm awas yojana?,government,government.json
best crop after jeera,crop,crop.json
"राम राम सा, म्हाने किसान मानधन योजना समझावो।",government,government.json
welcome madam,greeting,greeting.json
jiru,crop,crop.json
उपयोग,general,general.json
मेरे खेत में पिछले साल ज्वार था अब क्या बोऊं?,crop,crop.csv
online registration,government,government.json
good morning sir ji.,greeting,greeting.json
ड्रिप सिस्टम में पाइप बंद हो गई है क्या करूं,irrigation,irrigation.csv
photo dekhkar disease batao,disease,disease.json
beginner farmer ke liye best crop,crop,crop.json
म्हारे खेत में बाजरो ठीक रहसी?,crop,crop.json
spray timing for pest control,pest,pest.csv
december me kya boya jaye,crop,crop.json
म्हारे खेत खातर सबसे बढ़िया फसल काई रहसी?,crop,crop.json
बारां मंडी भाव,market,market.json
सबसे ज्यादा बोली कहाँ लगी,market,market.json
crop planner,crop,crop.json
wheat price,market,market.json
"राम राम सा, म्हाने सरकारी योजना बतावो।",government,government.json
मेरी फसल स्वस्थ नहीं लग रही।,disease,disease.json
म्हारा खेत खातर फसल रो सुझाव दो।,crop,crop.json
बीमारी दोबारा जांचो।,disease,disease.json
आज मंडी में सबसे ज्यादा बिक रही फसल कौन सी है,market,market.json
fasal mein keet ki samasya,pest,pest.json
म्हाने सबसे ज्यादा मुनाफो देण वाली फसल बतावो।,crop,crop.json
mujhe is app ki jankari do,general,general.csv
राम राम सा काका,greeting,greeting.json
can you explain every feature of this application with practical examples?,general,general.json
today price,market,market.json
म्हाने जल्दी पकण वाली फसल बताओ,crop,crop.json
pusavijay,crop,crop.json
how can i get a mudra loan?,government,government.json
म्हाने बतावो,general,general.json
voice assistant,general,general.json
दाम पता,market,market.json
राज किसान पोर्टल में मोबाइल नंबर कैसे अपडेट करें?,government,government.json
kharab beej ki pehchaan kaise karein,seed,seed.csv
fasal mein keede hain kya karun,pest,pest.json
फसल बीमा का स्टेटस कैसे देखें?,government,government.json
which government schemes are available on raj kisan portal?,government,government.json
crop for cold weather,crop,crop.json
जड़ें खराब हो रही हैं।,disease,disease.json
ram ram bhai aaj khet mein kya karein,greeting,greeting.csv
नीम का स्प्रे कीट के लिए,pest,pest.json
मुख्य मंडी,market,market.json
"मैं डेयरी फार्म शुरू करना चाहता हूँ। कृपया सभी सरकारी योजनाएँ, सब्सिडी और लोन की जानकारी दीजिए।",government,government.json
മണ്ടി,market,market.json
kota mandi bhav today,market,market.json
fruit borer,pest,pest.json
तुरंत मदद चाहिए,emergency,emergency.csv
म्हाने सपोर्ट चाहिए,general,general.json
alternaria lag gaya,disease,disease.json
germination,crop,crop.json
farmer registry registration kaise kare,government,government.json
hello boss,greeting,greeting.json
10 day forecast,weather,weather.json
जौ का भाव,market,market.json
थूं घणो होशियार है,general,general.json
naam badalna,general,general.json
आज ठंड का पूर्वानुमान बताओ,weather,weather.json
प्रधानमंत्री जन धन योजना,government,government.json
मूंगफली का बीज कहां से मिलेगा,seed,seed.csv
recommend a low risk crop.,crop,crop.json
राज किसान लॉगिन,government,government.json
म्हारी मिट्टी में जिंक री कमी है जिंक सल्फेट कितनो डालूं?,fertilizer,fertilizer.csv
मेरी मिट्टी में पोटाश की मात्रा कितनी है,soil,soil.json
my field is infected,disease,disease.json
sunny,weather,weather.json
धूप,weather,weather.json
maiz,crop,crop.json
अच्छी पैदावार के लिए कौन सी फसल चुनूँ?,crop,crop.json
rgc197,crop,crop.json
ठीक है,general,general.json
organic subsidy,government,government.json
"ram ram sa, mhane ghano anand ayo thane dekh ke.",greeting,greeting.json
सफेद रतुआ,disease,disease.json
plant fungal infection,disease,disease.json
मेरे गांव में कौन सी फसल,crop,crop.json
what are the benefits of government farming schemes?,government,government.json
eligibility check,government,government.json
वर्जन,general,general.json
onion,crop,crop.json
थारा मंडी भाव बतावो,market,market.json
म्हारा खेत खातर इलाज जरूरी है।,disease,disease.json
मंडीभाव,market,market.json
मौसम के हिसाब से कौन सी फसल लगाएं,weather,weather.csv
आज दाम,market,market.json
paidaavar,crop,crop.json
urgent,disease,disease.json
स्प्रे कब करना चाहिए?,disease,disease.json
मेरे खेत के लिए सबसे बेहतर खेती का विकल्प क्या है?,crop,crop.json
"hello bhai, have a productive day.",greeting,greeting.json
ऐप उपयोग,general,general.json
dark mode on,general,general.json
म्हाने पीएम किसान खातर कौन-कौनसा कागज लागसी?,government,government.json
इस फोटो में कौन सी बीमारी है?,disease,disease.json
fire in my field crop is burning help immediately,emergency,emergency.csv
मेरी फसल खराब हो गई बीमा क्लेम कैसे करें,government,government.csv
खम्मा घणी सा आज खेत में पानी देना है,greeting,greeting.csv
सरसों का भाव पिछले महीने से कितना बदला,market,market.csv
म्हाने किसान आईडी बनावणी है।,government,government.json
म्हाने किसान योजना री पूरी जानकारी देवो।,government,government.json
पीएम किसान की अगली किस्त कब आएगी?,government,government.json
farmprofit,crop,crop.json
बीसा,crop,crop.json
म्हारी फसल में तना सड़न बहुत तेजी से फैल रही है,emergency,emergency.csv
cropzone,crop,crop.json
जय श्री राधे,greeting,greeting.json
gokul mission,government,government.json
कीड़े मार दवाई,pest,pest.json
application,general,general.json
which mandi has the highest wheat price today,market,market.json
best pesticide for crop disease,disease,disease.json
best pesticide recommendation,disease,disease.json
fasal mein keede ki pehchaan,pest,pest.json
हमला,disease,disease.json
"किसान रजिस्ट्री में ईकेवाईसी, आधार सत्यापन और जमीन जोड़ने की पूरी प्रक्रिया बताइए।",government,government.json
भूसा,crop,crop.json
please identify disease quickly,disease,disease.json
बीज सड़ रहे हैं।,disease,disease.json
farmgate,crop,crop.json
सुबह का मौसम,weather,weather.json
feels like temperature,weather,weather.json
naturalcrop,crop,crop.json
म्हारे खेत री मिट्टी में फास्फोरस री कमी है,soil,soil.csv
खुश रोवो,greeting,greeting.json
बाजार कीमत,market,market.json
mere khet me is season me kya lagana sahi rahega,crop,crop.json
मेरे खेत की मिट्टी में पोषक तत्वों की कमी है क्या करूं?,soil,soil.csv
central government scheme,government,government.json
ज्यादा कमाई के लिए कौन सी फसल उगाऊँ?,crop,crop.json
beekeeping subsidy,government,government.json
wh147,crop,crop.json
सरसों मंडी भाव,market,market.json
धन्यवाद सा,general,general.json
open help,general,general.json
मुनाफे वाली खेती,crop,crop.json
गंभीर,disease,disease.json
drip irrigation subsidy rajasthan mein milti hai kya,irrigation,irrigation.csv
म्हाने फसल नुकसान री रिपोर्ट करणी है।,government,government.json
अच्छी मंडी,market,market.json
सोयाबीन में पत्ती धब्बा रोग आ गया है,disease,disease.csv
खोज,general,general.json
weather precautions for farmers,weather,weather.json
onion price,market,market.json
म्हारी जमीन री जांच रो मतलब बतावो,soil,soil.json
image detect,disease,disease.json
जय बजरंग बली,greeting,greeting.json
रबी फसलों के लिए उन्नत बीज कौन से हैं,seed,seed.csv
payment check,government,government.json
"म्हाने यो ऐप रो पूरा उपयोग सीखणो है, थूं शुरू सूं समझावो।",general,general.json
क्या अलग एंगल से फोटो लेनी चाहिए?,disease,disease.json
atma,government,government.json
सबसूं बढ़िया मंडी कूणसी है,market,market.json
हलजोत,crop,crop.json
cropcalendar,crop,crop.json
will it rain this week,weather,weather.json
"मेरे खेत में पानी बहुत कम है, मुझे कौन सी फसल लगानी चाहिए?",crop,crop.json
म्हारे खेत में पत्ता मुड़ रया है।,disease,disease.json
application guide,general,general.json
best time to sell sarson in mandi,market,market.csv
म्हारी फसल कमजोर दिख री है।,disease,disease.json
dhaniya,crop,crop.json
i am a young farmer starting agriculture for the first time. please recommend all suitable government schemes.,government,government.json
आज चांद कद निकळसी,weather,weather.json
detect,disease,disease.json
organic seed kahan se kharidein rajasthan mein,seed,seed.csv
आज ठंड घणी रहसी के,weather,weather.json
अगर इस साल बारिश कम हो तो मुझे कौन सी फसल बोनी चाहिए?,crop,crop.json
समस्या,disease,disease.json
बाजार भाव,market,market.json
commercialcrop,crop,crop.json
mhane ram ram sa.,greeting,greeting.json
perfect,general,general.json
adaab arz,greeting,greeting.json
iron deficiency in soil kaise pahchanen?,soil,soil.csv
jai shri krishna,greeting,greeting.csv
cashfarming,crop,crop.json
namaste ji jai shri ram,greeting,greeting.csv
moth,crop,crop.json
explain all farmer welfare schemes available in rajasthan.,government,government.json
म्हारे खेत खातर सबसे बढ़िया विकल्प बतावो।,crop,crop.json
seed bank se beej kaise milega,seed,seed.csv
जल्दी तैयार होने वाली फसल,crop,crop.json
mpmh17,crop,crop.json
fenugreek price,market,market.json
delete account,general,general.json
pm kisan,government,government.json
soil,crop,crop.json
आज हवा कितणी चालसी,weather,weather.json
भाई म्हारे खेत में कौन सी औषधीय फसल बोवां?,crop,crop.csv
मोजेक,disease,disease.json
moringa,crop,crop.json
bunding,crop,crop.json
राम राम सा,general,general.json
main beginner hu isliye har cheez simple language me batao.,general,general.json
organic farming,government,government.json
बारिश कब होगी,weather,weather.json
hhb311,crop,crop.json
today's black gram rate,market,market.json
भूमि रिकॉर्ड डाउनलोड करने और नामांतरण की स्थिति देखने का पूरा तरीका समझाइए।,government,government.json
म्हारा खेत खातर सबसे बढ़िया दवाई बतावो।,disease,disease.json
खरीद भाव,market,market.json
"main roz is ai ka use karna chahta hu, mujhe best tarika batao.",general,general.json
बीज को नमी से कैसे बचाएं,seed,seed.csv
potato crop turned black overnight what to do urgent,emergency,emergency.csv
khamma ghani sa bhai khet mein kya chal raha hai,greeting,greeting.csv
ध्यान राखजो हुकुम,greeting,greeting.json
पोर्टल,government,government.json
orange,crop,crop.json
kinno,crop,crop.json
मेरी मिट्टी की पूरी रिपोर्ट समझाइए,soil,soil.json
तरल उर्वरक,fertilizer,fertilizer.json
अगली फसल कौन सी बोनी चाहिए?,crop,crop.json
यूरिया,fertilizer,fertilizer.json
म्हारा खेत में दूसरी फसल कौनसी,crop,crop.json
kota weather,weather,weather.json
viral crop disease,disease,disease.json
agriculture subsidy kaise milegi?,government,government.json
मैं चाहता हूँ कि आप मेरी खेती से जुड़े हर सवाल का जवाब सरल भाषा में दें ताकि मैं आसानी से समझ सकूँ।,general,general.json
when will my insurance claim be approved?,government,government.json
which crop is suitable for low rainfall areas?,crop,crop.json
revenue department,government,government.json
म्हारा खेत खातर नकदी फसल बतावो।,crop,crop.json
म्हारा खेत में जीवाणु रोग है।,disease,disease.json
सिंचाई के लिए पाइपलाइन कैसे बिछाएं,irrigation,irrigation.csv
rajasthan,crop,crop.json
crop dry ho rahi hai,disease,disease.json
ग्वार का भाव,market,market.json
मेरे खेत के लिए कौन सी फसल,crop,crop.json
locust swarm,pest,pest.json
pest survey,pest,pest.json
planter,crop,crop.json
new account banane mein problem aa rahi hai,general,general.csv
"म्हारा खेत रेतीलो है, कांई बोवूं?",crop,crop.json
paani ki kami mein gehu ki kheti ho sakti hai kya,irrigation,irrigation.csv
रेतीली मिट्टी,soil,soil.json
santra,crop,crop.json
सफेद फफूंदी,disease,disease.json
म्हाने खेती खातर रोज सलाह देवो।,general,general.json
"मेरे गेहूं के पत्ते पीले पड़ रहे हैं, क्या रोग है?",disease,disease.json
plant disease batao,disease,disease.json
थाने भगवान खुश राखे,greeting,greeting.json
नीलगाय और सूअर ने मिलकर पूरी फसल बर्बाद कर दी,emergency,emergency.csv
cow subsidy,government,government.json
top dressing fertilizer kab dena chahiye?,fertilizer,fertilizer.csv
बीज का अंकुरण परीक्षण कैसे करें,seed,seed.csv
दलहन योजना,government,government.json
sunflower,crop,crop.json
म्हारे खेत में रेतीली मिट्टी है कांई बोवां?,crop,crop.csv
dungarpur,crop,crop.json
पत्तों पर सफेद परत जम गई है।,disease,disease.json
म्हारा पौधा फेर जांचो।,disease,disease.json
furrow,crop,crop.json
सोलर पंप मशीन कैसे लगाएं खेत में,machinery,machinery.csv
खेती के लिए कौन सा ट्रैक्टर अच्छा है,machinery,machinery.csv
रोग की सही पहचान चाहिए।,disease,disease.json
राम राम सा म्हारा दोस्त,greeting,greeting.json
मेरे खेत में मिट्टी में पानी जमा रहता है क्या करूं?,soil,soil.csv
yellow rust treatment,disease,disease.json
humidity,crop,crop.json
आज मेरे गांव का तापमान कितना है,weather,weather.json
entire field infected,disease,disease.json
ai crop report,disease,disease.json
बेचने रेट,market,market.json
आने वाले दिनों में बाजार का रुझान कैसा रहेगा,market,market.json
म्हाने कद स्प्रे करनो चाहिए?,disease,disease.json
लगाना,crop,crop.json
insurance status,government,government.json
adrak,crop,crop.json
प्रमाणपत्र,government,government.json
"good morning pragati ai, have a wonderful day.",greeting,greeting.json
soil sample kaise collect karein testing ke liye?,soil,soil.csv
थारो खेत में काई बोणो ठीक रहसी?,crop,crop.json
पावर टिलर और ट्रैक्टर में क्या फर्क है,machinery,machinery.csv
जनाधार,government,government.json
बर्बाद,disease,disease.json
रबी सीजन में कौन सी फसल ज्यादा फायदेमंद है?,crop,crop.csv
स्प्रिंकलर,government,government.json
nice to meet you,greeting,greeting.json
बाजरे में कौन सा रोग है?,disease,disease.json
बारिश कब रुकेगी,weather,weather.json
rog ka ilaj,disease,disease.json
rajasthan me is mahine kya boya jata hai,crop,crop.json
thara pase government scheme ri jankari hai,government,government.json
guar wilt disease,disease,disease.json
राजस्थान में किसान पेंशन योजना है क्या,government,government.csv
बिक्री भाव,market,market.json
crop khatam ho jayegi,disease,disease.json
good night,general,general.json
ইউরিয়া সম্পর্কে বলুন,fertilizer,fertilizer.json
seed drill machine ka kya kaam hota hai,machinery,machinery.csv
till,crop,crop.json
म्हारा खेत में रोग रुकतो कोनी।,disease,disease.json
आज मंडी में खरीददार हैं क्या,market,market.json
collar rot management,disease,disease.json
lemon,crop,crop.json
poultry scheme,government,government.json
bahut din baad mile,greeting,greeting.json
rajasthanagriculture,crop,crop.json
infection,disease,disease.json
म्हाने अपडेट करनो है,general,general.json
mandi news,market,market.json
sc और st किसानों के लिए विशेष सरकारी योजनाएँ कौन-कौन सी हैं?,government,government.json
काई हाल चाल सा,greeting,greeting.json
सरकारी बीज भंडार से बीज कैसे खरीदें,seed,seed.csv
खरीफ,crop,crop.json
जय जोहार,greeting,greeting.json
म्हारा खेत खातर खेती रो सही सुझाव दो।,crop,crop.json
म्हारा जीरा में झुलसो आ गयो।,disease,disease.json
gehuu,crop,crop.json
suggest a crop for hot climate.,crop,crop.json
बीज प्रमाणीकरण एजेंसी का क्या कार्य है?,government,government.json
how do i check my raj kisan application status?,government,government.json
किसान,general,general.json
how do i open a jan dhan account?,government,government.json
मेरे खेत के लिए फसल,crop,crop.json
गेहूं के बाद कौन सी फसल बोना अच्छा रहेगा?,crop,crop.json
"म्हारा खेत रेतीलो है, काई फसल जमसी?",crop,crop.json
buy wheat,market,market.json
मूंग बेचनी है,market,market.json
export crop,crop,crop.json
start,general,general.json
rkvy,government,government.json
ਮੰਡੀ,market,market.json
ऑयल पाम मिशन,government,government.json
कृपया,general,general.json
मंडी खुलने का समय क्या है,market,market.json
new agriculture scheme rajasthan 2024 kya hai,government,government.csv
farmer registry status check,government,government.json
नहर का पानी कब मिलेगा इस हफ्ते,irrigation,irrigation.csv
farmer scheme,government,government.json
दाम,market,market.json
मिट्टी सूखी है,soil,soil.json
dry soil,soil,soil.json
सरकारी योजना के लिए आवेदन कैसे करें?,government,government.json
bajra mein ergot disease ka attack hai,disease,disease.csv
म्हारे खेत खातर सबसे बढ़िया फसल सुझावो।,crop,crop.json
মাটির উর্বরতা কীভাবে বাড়াবো,soil,soil.json
उड़द की फसल पीली पड़ गई है।,disease,disease.json
where can i register for pm kisan scheme?,government,government.json
मूंग की खेती इस मौसम में करनी चाहिए क्या?,crop,crop.json
अनाज,crop,crop.json
jai mata di,greeting,greeting.csv
detect disease using photo,disease,disease.json
आज चित्तौड़गढ़ मंडी में मक्का का भाव,market,market.csv
आवो सा बैठो,greeting,greeting.json
मेरे खेत में मिट्टी की संरचना कैसे सुधारें?,soil,soil.csv
शाम का मौसम,weather,weather.json
म्हाने खेती रो बढ़िया सुझाव दो।,crop,crop.json
guar ki crop peeli ho gayi,disease,disease.json
ट्रैक्टर खरीदने के लिए लोन कैसे मिलेगा,machinery,machinery.csv
मिट्टी में कौन सी कमी है,soil,soil.json
जैविक,crop,crop.json
म्हाने जल्दी इलाज बतावो।,disease,disease.json
राज किसान योजना,government,government.json
फसल में कीट का हमला,pest,pest.json
which government schemes are available for women farmers?,government,government.json
खरीफ की फसल,crop,crop.json
vegetable farming,government,government.json
disease confirm karo,disease,disease.json
राम राम सा भाई आज बारिश होगी क्या,greeting,greeting.csv
खम्मा घणी दादा,greeting,greeting.csv
help section,general,general.json
what is the best irrigation method for sandy soil,irrigation,irrigation.csv
क्या एक से ज्यादा फोटो अपलोड कर सकता हूँ?,disease,disease.json
soil fertility,soil,soil.json
कीट से फसल बचाओ,pest,pest.json
verify otp,general,general.json
patta verification,government,government.json
गेहूं का msp कितना है 2024 में,market,market.csv
कौन सी फसल,crop,crop.json
बाजारभाव,market,market.json
jodhpur weather,weather,weather.json
म्हाने मारवाड़ी कर दो,general,general.json
नमस्कार किसान भाई,greeting,greeting.json
म्हारी मिट्टी में जीवाणुओं की संख्या कैसे बढ़ाऊं?,soil,soil.csv
भाव,market,market.json
i want complete information about farmer welfare schemes.,government,government.json
थाने देख घणो चोखो लाग्यो,greeting,greeting.json
climate,crop,crop.json
खम्मा घणी सा good morning bhai,greeting,greeting.csv
आज बीकानेर का मौसम,weather,weather.json
म्हाने हर रोज नई खेती री जानकारी देवो।,general,general.json
seed storage mein keede na lage iske liye kya karein,seed,seed.csv
bahut accha,general,general.json
scale insect,pest,pest.json
कृषि अवसंरचना निधि से सहायता कैसे मिलेगी?,government,government.json
सही फसल कौनसी है,crop,crop.json
waterlogged soil kaise sudharen?,soil,soil.csv
aap kya kaam karte ho,general,general.csv
farmer registration kaise kare?,government,government.json
बाजार दाम,market,market.json
recommend the best crop for my village.,crop,crop.json
march me farming kaunsi karu,crop,crop.json
what time is sunrise today,weather,weather.json
good morning sir,greeting,greeting.json
म्हारे खेत में खाद कम डालने से के होसी?,fertilizer,fertilizer.csv
म्हाने बागवानी योजना री जानकारी देवो।,government,government.json
आज हवा कितनी तेज चलेगी,weather,weather.json
लाख लाख बधाई,greeting,greeting.json
खतरा,disease,disease.json
जिप्सम,fertilizer,fertilizer.json
thare hisab su mhare vaste kai sarkari yojana suthiya rahegi?,government,government.json
mere gaon me kaunsi fasal acchi rahegi,crop,crop.json
थारा आवण सूं रौनक आ गई,greeting,greeting.json
register,general,general.json
sarso,crop,crop.json
प्याज रो मंडी भाव,market,market.json
pashupalan,government,government.json
horticulturecrop,crop,crop.json
pu34,crop,crop.json
pest management in organic farming,pest,pest.csv
"मेरे खेत की मिट्टी हल्की है, कौन सी फसल सबसे अच्छी रहेगी?",crop,crop.json
seedspices,crop,crop.json
jai shri ram mitra.,greeting,greeting.json
लेजर लैंड लेवलर मशीन क्या होती है,machinery,machinery.csv
brown spots on leaves,disease,disease.json
बीमा भुगतान,government,government.json
henna,crop,crop.json
black spot,disease,disease.json
भगवान थाने निरोग राखे,greeting,greeting.json
कम मेहनत में अच्छी पैदावार देने वाली फसल कौन सी है?,crop,crop.json
महिला किसान के लिए सरकारी योजना बताइए।,government,government.json
gehu boya jaye kya,crop,crop.json
मौज में रहजो,greeting,greeting.json
rashtriya gokul mission,government,government.json
फसल में पानी देने का सही तरीका क्या है,irrigation,irrigation.csv
keede lag gaye fasal mein,pest,pest.json
olive,crop,crop.json
महिला किसान योजना कैसे मिलेगी,government,government.json
giriraj,crop,crop.json
मेरी फसल पीली पड़ रही है।,disease,disease.json
fruit farming,government,government.json
hourly forecast,weather,weather.json
gps location on kaise karein app ke liye,general,general.csv
flood aa gaya hai khet mein kya karein,emergency,emergency.csv
म्हाने खेती रो प्लान बतावो,crop,crop.json
अगले सप्ताह खेती के लिए मौसम कैसा रहेगा,weather,weather.json
seed is rotting,disease,disease.json
gehu me konsa disease hai,disease,disease.json
gehu ka certified seed kahan milega,seed,seed.csv
dobara batao,general,general.json
sandy soil mein paani jaldi nikal jaata hai kya karein?,soil,soil.csv
soil testing lab,government,government.json
म्हारा दोस्त पधार गया,greeting,greeting.json
weather advisory for farmers,weather,weather.json
ताजा दाम,market,market.json
is copper fungicide good,disease,disease.json
रेट जानो,market,market.json
boye,crop,crop.json
ब्लाइट,disease,disease.json
weather by hour,weather,weather.json
खरीफ फसलों के लिए कौन से बीज अच्छे हैं,seed,seed.csv
खरीदार,market,market.json
सुबह बारिश होगी क्या,weather,weather.json
app details,general,general.json
warm regards,greeting,greeting.json
डिजिटल कृषि,government,government.json
which crop is best for two bigha land?,crop,crop.json
crop me fungal infection lag gaya,disease,disease.json
main is app ka expert user kaise ban sakta hu?,general,general.json
dbw17,crop,crop.json
जंगली सूअर ने फसल नष्ट कर दी रात को,emergency,emergency.csv
मेरी पूरी फसल खराब हो रही है।,disease,disease.json
howdy,greeting,greeting.csv
animal husbandry scheme,government,government.json
bee keeping subsidy,government,government.json
ajmer,crop,crop.json
boyi,crop,crop.json
didwana,crop,crop.json
what documents are required for crop insurance?,government,government.json
कृषि स्टार्टअप,government,government.json
म्हारा खेत खातर कम खर्च री खेती सुझावो।,crop,crop.json
crophealth,crop,crop.json
मेरे खेत में मिट्टी में जैव विविधता कैसे बढ़ाऊं?,soil,soil.csv
म्हारे पत्ता रो रोग पहचानो।,disease,disease.json
is app mein koi paid subscription hai kya,general,general.csv
meri fasal ko bachao,disease,disease.json
how to cure this disease,disease,disease.json
long time no see,greeting,greeting.json
मेरी फसल को क्या हो गया है?,disease,disease.json
plant murjha raha hai,disease,disease.json
म्हारी खेती खराब होती जा री है।,disease,disease.json
irrigation ke liye government loan kaise milega,irrigation,irrigation.csv
gahu,crop,crop.json
tractor mein diesel zyada kyun lag raha hai,machinery,machinery.csv
मेरे खेत में मिट्टी में सूक्ष्म जीवाणु कैसे बढ़ाऊं?,soil,soil.csv
pleasure to meet you,greeting,greeting.json
सवाई माधोपुर मंडी में बाजरे का आज का भाव बताइए,market,market.json
cropgrowth,crop,crop.json
उखड़ना,disease,disease.json
udadi,crop,crop.json
pink bollworm in cotton,pest,pest.csv
hhb197,crop,crop.json
म्हाने पीएम किसान री अगली किस्त री जानकारी देवो।,government,government.json
सरकारी खरीद चालू है के,market,market.json
digital farmer id,government,government.json
powder mildew,disease,disease.json
म्हारे खेत में पानी नहीं है 10 दिन से बारिश नहीं हुई,emergency,emergency.csv
नोटिफिकेशन,general,general.json
മണ്ണിന്റെ ph എത്രയാണ്,soil,soil.json
clusterbean,crop,crop.json
खरगोश पालन,government,government.json
medicine kitni quantity me dalu,disease,disease.json
खलिहान,crop,crop.json
stem borer in wheat,pest,pest.csv
नहीं,general,general.json
म्हाने आज बेचणो चाहिए के,market,market.json
cotton mein boll rot ho rahi hai kya karein?,disease,disease.csv
what are the main benefits of using pragati ai for farmers?,general,general.json
माटी हिसाब सूं खेती री सलाह देवो,soil,soil.json
ginger,crop,crop.json
म्हारी जमीन कमजोर है,soil,soil.json
फसल रोग उपचार,disease,disease.json
सरसों की बुवाई कब करनी चाहिए?,crop,crop.csv
raj kisan,government,government.json
land ownership verify,government,government.json
"good morning, may your farming season be successful.",greeting,greeting.json
अगर म्हाने जवाब समझ में कोनी आवे तो फेर पूछ सकूं?,general,general.json
खेत भाव,market,market.json
मेथी,crop,crop.json
मेरी गेहूं में पीला रतुआ बहुत तेजी से फैल रहा है,emergency,emergency.csv
कृषि अवसंरचना निधि,government,government.json
खाता,crop,crop.json
म्हारी गेहूं री फसल में लूज स्मट लाग री है के करूं?,disease,disease.csv
ahidf loan,government,government.json
which crop is suitable for small farmers?,crop,crop.json
पीछे,general,general.json
क्या मुझे किसी सरकारी योजना का लाभ मिल सकता है?,government,government.json
treatment,disease,disease.json
मुझे फसल बेचने की सही जगह बताइए,market,market.json
आज मौसम हिसाब सूं के करूं,weather,weather.json
என் மண் அறிக்கையை விளக்குங்கள்,soil,soil.json
मुझे अपनी फसल का अच्छा खरीदार चाहिए,market,market.json
म्हारे खेत में सब पौधा बीमार है।,disease,disease.json
mere khet me kya ugana profitable rahega,crop,crop.json
मेरे खेत में पानी की लाइन नहीं है क्या करूं,irrigation,irrigation.csv
which crop gives best yield in less rainfall?,crop,crop.csv
soil,soil,soil.json
राजस्व विभाग,government,government.json
profit,crop,crop.json
digital agriculture,government,government.json
जलोढ़ मिट्टी,soil,soil.json
म्हाने तुरंत समाधान चाहिए।,disease,disease.json
user guide,general,general.json
dryfarming,crop,crop.json
protection,disease,disease.json
mujhe government subsidy ke liye apply karna hai.,government,government.json
घणो बढ़िया,general,general.json
chana ya gehu kya better hai,crop,crop.json
aphid attack on mustard,pest,pest.csv
खरबूजा,crop,crop.json
सोयाबीन का भाव,market,market.json
nhm,government,government.json
आज कूणसी मंडी फायदेमंद है,market,market.json
ईकेवाईसी अपडेट,government,government.json
raj kisan portal ka password bhool gaya hu.,government,government.json
म्हारी फोटो देखो अने बीमारी बतावो।,disease,disease.json
crop needs urgent attention,disease,disease.json
ਮਿੱਟੀ ਦੀ ਜਾਂਚ ਦਾ ਨਤੀਜਾ ਦੱਸੋ,soil,soil.json
बोली,market,market.json
compost se soil organic matter kaise badhta hai?,soil,soil.csv
धनिया का भाव,market,market.json
म्हारे खेत में फर्टिगेशन से कौन सी खाद दे सकते हैं?,fertilizer,fertilizer.csv
किसान क्रेडिट कार्ड की लिमिट कितनी होती है,government,government.csv
दोमट मिट्टी की खेती,crop,crop.json
"म्हाने खेती बदलवी है, काई बोऊँ?",crop,crop.json
khasra,crop,crop.json
soil biodiversity kaise badhayein?,soil,soil.csv
म्हारी उपज किथे बेचूं,market,market.json
माइक,general,general.json
म्हाने राज किसान पोर्टल रो लॉगिन बतावो।,government,government.json
भाई म्हारी कपास री फसल में जड़ सड़न लाग री है,disease,disease.csv
"मेरे खेत में पिछले साल गेहूं था, अब क्या बोऊं?",crop,crop.json
moong,crop,crop.json
"मेरे खेत में नाइट्रोजन की कमी है, पत्ते पीले हो रहे हैं",soil,soil.json
मिट्टी परीक्षण,soil,soil.json
माटी रो moisture report बतावो,soil,soil.json
exportqualitycrop,crop,crop.json
रोटावेटर की गहराई कितनी रखें,machinery,machinery.csv
market prediction,market,market.json
म्हारी फसल बचावो।,disease,disease.json
cropfinder,crop,crop.json
diagnosis,disease,disease.json
डिग्गी योजना,government,government.json
jan dhan yojana,government,government.json
रात में बारिश होगी क्या,weather,weather.json
औषधीय फसल,crop,crop.json
बीमारी,disease,disease.json
bhu naksha,government,government.json
current weather near me,weather,weather.json
maize price today in rajasthan,market,market.csv
pod,crop,crop.json
पीएम किसान योजना में ई-केवाईसी कैसे करूँ?,government,government.json
म्हारी जड़ सड़ री है।,disease,disease.json
coarsegrain,crop,crop.json
म्हारे गांव में बारिश कद आवसी,weather,weather.json
म्हारा खेत में काई संक्रमण है?,disease,disease.json
explain ujjwala yojana benefits.,government,government.json
आढ़ती,market,market.json
म्हाने ज्यादा कमाई री फसल बतावो,crop,crop.json
hd2967improved,crop,crop.json
emitra par kcc ka form bharna hai,government,government.json
रबी में कौन से कीड़े आते हैं,pest,pest.csv
बेचने दाम,market,market.json
recommend a crop for my village.,crop,crop.json
plant is wilting,disease,disease.json
थारी जानकारी काम आई,general,general.json
marwari select karo,general,general.json
crop diagnosis report,disease,disease.json
exit app,general,general.json
म्हाने जैविक खेती खातर फसल सुझावो।,crop,crop.json
जौ की बुवाई का सही समय बताओ,crop,crop.csv
pranam bhaisa,greeting,greeting.json
"मेरी जमीन काली मिट्टी की है, कौन सी फसल उगाऊं?",crop,crop.json
gw451,crop,crop.json
"म्हारे खेत री मिट्टी चिकनी है, पाणी नहीं सोखती",soil,soil.json
क्या तेज हवा में कीटनाशक का छिड़काव करना ठीक है,weather,weather.json
स्टीविया,crop,crop.json
आज बेचूं तो फायदा रहसी के,market,market.json
pranam dada ji.,greeting,greeting.json
ram ram sa mhane mahila kisan yojana batavo.,government,government.json
म्हाने यूरिया चाहिए,fertilizer,fertilizer.json
drip irrigation se kitne percent paani bachta hai,irrigation,irrigation.csv
tomato mein root knot nematode ka attack hai,disease,disease.csv
lucerne,crop,crop.json
म्हारे खेत रो भू नक्शो बतावो।,government,government.json
आलू का भाव,market,market.json
narma cotton price today sriganganagar mandi,market,market.csv
fruiting,crop,crop.json
आजका,market,market.json
गिरना,disease,disease.json
pest life cycle,pest,pest.json
म्हाने ऐप चलावण री पूरी जानकारी देवो सा।,general,general.json
fasali,crop,crop.json
soil test report,soil,soil.json
i don't understand,general,general.json
how to apply for pm vishwakarma scheme?,government,government.json
jhulsa rog,disease,disease.json
ganna,crop,crop.json
how many sprays are required,disease,disease.json
मध्यप्रदेश,market,market.json
भूमि पंजीकरण,government,government.json
माइट का प्रकोप,pest,pest.json
म्हाने जीरो बेचणो है,market,market.json
hello pragati,greeting,greeting.json
मेरी फसल में अमोनियम सल्फेट का क्या फायदा है?,fertilizer,fertilizer.csv
hi mitra.,greeting,greeting.json
who made you,general,general.json
flowers are falling,disease,disease.json
poultry subsidy,government,government.json
कस्टम हायरिंग सेंटर क्या होता है,machinery,machinery.csv
राष्ट्रीय मधुमक्खी एवं शहद मिशन,government,government.json
मिट्टी की उर्वरता कैसे बढ़ाएं,soil,soil.json
jodhpur crop recommendation,crop,crop.json
stem borer in rice,pest,pest.json
चिकनी मिट्टी,soil,soil.json
मंडी भाव में उतार चढ़ाव क्यों होता है,market,market.csv
दीमक जड़ें खा रही है,pest,pest.csv
under irrigation se fasal mein kya problem hoti hai,irrigation,irrigation.csv
थाने देख घणो आनंद आयो,greeting,greeting.json
सेटिंग,general,general.json
अगर पानी पर्याप्त हो तो कौन सी फसल लगाऊँ?,crop,crop.json
jamabandi nakal,government,government.json
virus,disease,disease.json
म्हारी फसल में बोरोन री कमी है के डालूं?,fertilizer,fertilizer.csv
crop insurance,government,government.json
crop report,disease,disease.json
jira,crop,crop.json
meri fasal kharab ho rahi hai,disease,disease.json
latest government scheme,government,government.json
which crop is best for crop rotation after wheat?,crop,crop.csv
"मैं इस ऐप का नया उपयोगकर्ता हूँ, कृपया मुझे पूरी गाइड दें।",general,general.json
ऊसर,crop,crop.json
राम राम म्हारे भाईसा,greeting,greeting.json
आज बाहर निकलना सुरक्षित है क्या,weather,weather.json
tell me about skill india training.,government,government.json
croppattern,crop,crop.json
crop affected,disease,disease.json
"मेरी मिट्टी में माइक्रोन्यूट्रिएंट्स की कमी है, क्या करूं?",soil,soil.json
नमस्ते दादा जी,greeting,greeting.csv
सहजन,crop,crop.json
guar ka aaj ka rate kya hai,market,market.csv
तुरंत,disease,disease.json
म्हारे खेत री मिट्टी में जिंक सल्फेट डालने से के फायदो होसी?,soil,soil.csv
समझ नहीं आया,general,general.json
soil card,government,government.json
predict tomorrow's mandi prices,market,market.json
मेरे खेत में कौन सी फसल सबसे सुरक्षित रहेगी?,crop,crop.json
आंधी,weather,weather.json
after wheat what crop,crop,crop.json
ৰেট,market,market.json
स्प्रेयर नोजल बंद हो गई है क्या करूं,machinery,machinery.csv
आज ठंड का अलर्ट है क्या,weather,weather.json
mhara khatar kai scheme hai,government,government.json
आज आंधी चालसी के,weather,weather.json
आज तापमान कितना रहेगा,weather,weather.json
मुझे सबसे ज्यादा लाभ देने वाली मंडी बताइए,market,market.json
prevent crop disease,disease,disease.json
will there be a cold wave today,weather,weather.json
म्हारी तरफ सूं खम्मा घणी,greeting,greeting.json
प्रधानमंत्री विश्वकर्मा योजना,government,government.json
chemical fertilizer,fertilizer,fertilizer.json
rotavator chain toot gayi hai kaise theek karein,machinery,machinery.csv
dairy farming,government,government.json
म्हाने पीएम किसान रो लाभ मिल सकै?,government,government.json
rhb234,crop,crop.json
ମାଟି ପରୀକ୍ଷା ଫଳାଫଳ କହନ୍ତୁ,soil,soil.json
भारत माता की जय,greeting,greeting.json
hello sir,greeting,greeting.json
good morning,greeting,greeting.json
உரத்தை எப்போது போட வேண்டும்,fertilizer,fertilizer.json
midh,government,government.json
iron,soil,soil.json
"hello pragati ai, it's always nice talking to you.",greeting,greeting.json
सवाई माधोपुर में कौन सी फसल लगाऊँ?,crop,crop.json
आज फसल बेचण रो सही टाइम है के,market,market.json
fertigation,fertilizer,fertilizer.json
म्हारे खेत में बाजरो बाद कांई बोवूं?,crop,crop.json
"hello sir, nice talking to you.",greeting,greeting.json
अलसी की खेती कब और कैसे करें?,crop,crop.csv
pm kisan mobile number update kaise karein,government,government.csv
where can i store my produce,market,market.json
मेरी मिट्टी का ph बहुत ज्यादा है कैसे कम करूं?,soil,soil.csv
किसानी,crop,crop.json
greenmung,crop,crop.json
leaf dry,disease,disease.json
moongfali,crop,crop.json
म्हाने कृषि विभाग में सब्सिडी खातर जावणो है।,government,government.json
bazaar,market,market.json
म्हारा पौधा में फफूंदी लाग गई।,disease,disease.json
suva,crop,crop.json
palmarosa,crop,crop.json
organicfarming,crop,crop.json
soil compaction,soil,soil.json
analyze soil fertility,soil,soil.json
usar,crop,crop.json
suggest crop based on my soil,soil,soil.json
फसल का मौसम,weather,weather.json
म्हारी फसल में गोबर खाद कद डालणो चाहिए?,fertilizer,fertilizer.csv
wh711,crop,crop.json
क्या फोटो साफ नहीं होने से पहचान गलत हो सकती है?,disease,disease.json
moong ka best variety seed batao,seed,seed.csv
बीज उपचार से क्या फायदा होता है,seed,seed.csv
recommended fertilizer dose,fertilizer,fertilizer.json
डार्क मोड,general,general.json
ರೇಟ್,market,market.json
म्हे फेर मिल्या,greeting,greeting.json
म्हाने उपज मंडी ले जाणी है,market,market.json
marketcrop,crop,crop.json
अनुमति,general,general.json
चूरू जिले के लिए कौन सी फसल अच्छी है?,crop,crop.json
bajra ki kheti kab karni chahiye?,crop,crop.csv
hhb67,crop,crop.json
नया दाम,market,market.json
म्हाने भाव जाननो है,market,market.json
जय माता दी,greeting,greeting.json
फ्यूजेरियम विल्ट,disease,disease.json
मिट्टी की रिपोर्ट,soil,soil.json
देखना,disease,disease.json
cucumber,crop,crop.json
कौन सी फसल जल्दी तैयार हो जाती है?,crop,crop.json
plant infected,disease,disease.json
guargum,crop,crop.json
soil nutrient analysis,soil,soil.json
फफूंदी,disease,disease.json
pbw343,crop,crop.json
फसल की बीमारी कैसे ठीक होगी?,disease,disease.json
"मेरे खेत में पानी कम है, कौन सी फसल बोऊँ?",crop,crop.json
राम राम जी,greeting,greeting.json
good evening madam ji.,greeting,greeting.json
"म्हारा खेत में पाणी घणो कम है, काई फसल जमसी?",crop,crop.json
"म्हारी फसल में बोरोन री कमी है, के डालूं?",fertilizer,fertilizer.json
which crop gives maximum profit in rajasthan?,crop,crop.csv
इस ऐप से खेती में कितना फायदा होगा,general,general.csv
khet mein paani bhar gaya hai kya karein,irrigation,irrigation.csv
श्रीनाथजी री कृपा रहे,greeting,greeting.json
आलू में पानी देने का तरीका बताओ,irrigation,irrigation.csv
ajmer mandi onion price today,market,market.json
आज खेत में काम करूं,weather,weather.json
raj kisan portal par application ka status kaise dekhe?,government,government.json
pu31,crop,crop.json
बाजरे की बुवाई के लिए बीज दर क्या है,seed,seed.csv
surajmukhi,crop,crop.json
मैं दूसरी फोटो अपलोड करूँ?,disease,disease.json
gps permission,general,general.json
विभाग,government,government.json
gehunji,crop,crop.json
हाट बाजार,market,market.json
"मैं रोज इस ऐप का उपयोग करना चाहता हूँ, कृपया मुझे बताइए कि इसका सबसे अच्छा उपयोग कैसे करूँ।",general,general.json
ergot disease management,disease,disease.json
पत्तियों पर सफेद धब्बे बढ़ते जा रहे हैं।,disease,disease.json
म्हारी खेती बची जासी के नहीं?,disease,disease.json
राम राम जी आज बुवाई करनी है,greeting,greeting.csv
help me please,general,general.json
hello bhai aaj khet mein jaana hai,greeting,greeting.csv
organic fertilizer,fertilizer,fertilizer.json
म्हारा जयपुर वाला खेत खातर फसल बतावो।,crop,crop.json
बारिश से फसल कैसे बचाएं,weather,weather.json
"if i make a mistake while using the app, can i easily correct it?",general,general.json
farmer welfare scheme,government,government.json
मिलने रेट,market,market.json
portal,general,general.json
tomato seed kahan se kharidein,seed,seed.csv
jowar ki harvesting kab karni chahiye?,crop,crop.csv
नुकसान भरपाई,government,government.json
disease management practices,disease,disease.json
sorry,general,general.json
app ka naya version kab aayega,general,general.csv
check,disease,disease.json
disease management,disease,disease.json
online mandi se fasal kaise bechein,market,market.csv
alert,disease,disease.json
आज किस मंडी में सबसे अच्छी बोली लगी,market,market.json
summercrop,crop,crop.json
ph value,soil,soil.json
पीले पत्ते,disease,disease.json
फसल में फंगस इतनी तेजी से फैल रही है कि रोक नहीं पा रहा,emergency,emergency.csv
bikaner weather,weather,weather.json
crop image diagnosis,disease,disease.json
आज तेज हवा का अलर्ट है क्या,weather,weather.json
नमस्कार मित्र,greeting,greeting.json
मेड़,crop,crop.json
म्हारी मिट्टी में ह्यूमस कैसे बढ़ाऊं?,soil,soil.csv
issue,disease,disease.json
"म्हारी जमीन, आधार अर किसान आईडी ने एक साथ जोड़ण री पूरी प्रक्रिया बतावो।",government,government.json
नया भाव,market,market.json
munafa,crop,crop.json
म्हाने आगला 5 दिन रो मौसम बतावो,weather,weather.json
mung,crop,crop.json
ipm0203,crop,crop.json
फसल कीमत,market,market.json
season,crop,crop.json
मेरी पूरी मूंग की फसल में पीला मोजेक वायरस फैल गया,emergency,emergency.csv
sorgam,crop,crop.json
hhb94,crop,crop.json
restart karo,general,general.json
ମଣ୍ଡି,market,market.json
nmeo,government,government.json
crop health check karo,disease,disease.json
म्हारे खेत में रोग फैलतो जावै।,disease,disease.json
मेरी फसल पर कौन सा स्प्रे करना चाहिए?,disease,disease.json
zyada income wali fasal batao,crop,crop.json
will you guide me whenever i get confused while using this application?,general,general.json
बैसो सा,greeting,greeting.json
म्हारा खेत में रोग फैल रयो है।,disease,disease.json
बाबोसा री मेहर रहे,greeting,greeting.json
म्हारा रिजल्ट गलत लाग रयो है।,disease,disease.json
किसान योजना,government,government.json
rabi,crop,crop.json
organic farming ke liye best crop batao,crop,crop.json
long term profit wali crop batao,crop,crop.json
rabbit farming,government,government.json
mission for integrated development of horticulture,government,government.json
आज रो मौसम देखी ने सलाह देवो,weather,weather.json
खाद,fertilizer,fertilizer.json
आज गर्मी का पूर्वानुमान बताओ,weather,weather.json
paramparagat krishi vikas yojana,government,government.json
म्हारी रिपोर्ट समझावो।,disease,disease.json
किसान के लिए सरकारी योजना,government,government.json
म्हारे गाँव में सब कांई बोवे है?,crop,crop.json
मेरी मक्का में तना छेदक कीड़ा लग गया है,disease,disease.csv
ram ram bhai fasal kaisi hai is baar,greeting,greeting.csv
उर्वरक की मात्रा,fertilizer,fertilizer.json
agri,crop,crop.json
plant health report,disease,disease.json
म्हारी फसल में सफेद परत आ गई।,disease,disease.json
good morning bhai kisan yojana ke baare mein batao,greeting,greeting.csv
organic crop batao,crop,crop.json
हार्दिक अभिनंदन,greeting,greeting.json
राम राम ताऊ,greeting,greeting.json
lemongrass,crop,crop.json
मातीचा ph किती आहे,soil,soil.json
is the uv index high today,weather,weather.json
have a great day,greeting,greeting.json
યુરિયા કેટલું નાખવું,fertilizer,fertilizer.json
yield,crop,crop.json
थूं मने यो ऐप रो पूरा मास्टर बना दो।,general,general.json
alternaria,disease,disease.json
khamma ghani sa sabhi kisan mitran ne.,greeting,greeting.json
is this viral disease,disease,disease.json
रेट पूछो,market,market.json
प्रणाम दादा,greeting,greeting.json
cropproduction,crop,crop.json
म्हाने आज मौसम देखी ने खेती रो फैसला लेणो है,weather,weather.json
"main is app ko roz use karna chahta hu, mujhe best tarika batao.",general,general.json
मेरे खेत में मिट्टी की जल धारण क्षमता कैसे बढ़ाऊं?,soil,soil.csv
पात्रता,government,government.json
light mode kaise enable karein app mein,general,general.csv
बीज की नमी कितनी होनी चाहिए भंडारण के लिए,seed,seed.csv
थारा बालक मजा में सा,greeting,greeting.json
क्या मैं इस ऐप का उपयोग रोज़ अपनी खेती से जुड़े निर्णय लेने के लिए कर सकता हूँ?,general,general.json
ਮਿੱਟੀ ਵਿੱਚ ਕਿਹੜੀ ਖਾਦ ਪਾਉਣੀ ਚਾਹੀਦੀ ਹੈ,soil,soil.json
ऑर्गेनिक उपचार बताइए।,disease,disease.json
എന്റെ മണ്ണിൽ എന്താണ് കുറവ്,soil,soil.json
म्हारी फसल बची जासी के नहीं?,disease,disease.json
सॉर्टिंग,market,market.json
म्हाने फसल बदलणी है,crop,crop.json
दस्तावेज,government,government.json
म्हारे इलाके में आज मौसम किण रहसी,weather,weather.json
which crop has high market demand?,crop,crop.json
awesome,general,general.json
battery sprayer vs petrol sprayer kaunsa better hai,machinery,machinery.csv
आज का भाव,market,market.json
मैंगनीज,soil,soil.json
ram ram sa sabne.,greeting,greeting.json
आज सवाई माधोपुर में मौसम कैसा रहेगा,weather,weather.json
नमस्कार किसान,greeting,greeting.json
लाइव,market,market.json
जड़ सड़ रही,disease,disease.json
which crop provides better return on investment?,crop,crop.json
"म्हारे खेत री मिट्टी में लवणता ज्यादा है, के करूं?",soil,soil.json
password badalna,general,general.json
सौंफ की खेती कब और कैसे करें?,crop,crop.csv
म्हारी सरसों में सफेद रतुआ फैल गयो।,disease,disease.json
तहसीलदार कार्यालय में नामांतरण कैसे होगा?,government,government.json
what documents are required for agricultural machinery subsidy?,government,government.json
khet ka naksha app mein kaise add karein,general,general.csv
मेरी मेहनत बर्बाद हो जाएगी।,disease,disease.json
which crop is most profitable this year?,crop,crop.json
उत्पादन,crop,crop.json
plant grow nahi kar raha,disease,disease.json
मेरे खेत में मिट्टी की उर्वरता बनाए रखने के लिए क्या करूं?,soil,soil.csv
which crop should i grow this season?,crop,crop.json
seed subsidy ke liye kahan apply karein,government,government.csv
cloud,weather,weather.json
farm machinery loan kaise milega,machinery,machinery.csv
क्या आप मुझे इस ऐप के सभी फीचर्स का उपयोग आसान भाषा में समझा सकते हैं ताकि मैं बिना किसी परेशानी के इसका इस्तेमाल कर सकूँ।,general,general.json
किसान रजिस्ट्री का स्टेटस कैसे देखें,government,government.json
क्वालिटी,market,market.json
mandi samiti,government,government.json
म्हारी फसल में पोटेशियम सल्फेट कद डालणो चाहिए?,fertilizer,fertilizer.csv
आज सीकर का मौसम,weather,weather.json
बीज को घर पर कैसे स्टोर करें,seed,seed.csv
ठंड कब से शुरू होगी इस साल,weather,weather.csv
म्हारी योजना रो स्टेटस देखावो।,government,government.json
poultry farming,government,government.json
लक्षण,disease,disease.json
correct answer,general,general.json
आज मंडी में सबसे ज्यादा मांग किस फसल की है,market,market.json
માટી સુધારવાની સલાહ આપો,soil,soil.json
mere area me is season me kya boya jaye,crop,crop.json
minimum temperature,weather,weather.json
रिपोर्ट का मतलब बताओ,soil,soil.json
jowar mein anthracnose disease ka attack hai,disease,disease.csv
hd2733,crop,crop.json
म्हारी मूंग में मोजेक रोग है।,disease,disease.json
थूं तो एकदम चोखा लागे,greeting,greeting.json
झालावाड़ मंडी में लहसुन का ताजा रेट,market,market.json
म्हारे खेत री मिट्टी में ऑर्गेनिक कार्बन कम है,soil,soil.csv
soil colour se kya pata chalta hai?,soil,soil.csv
घणी खुशी री बात है,greeting,greeting.json
ग्वार की सबसे ज्यादा कीमत किस मंडी में मिल रही है,market,market.json
कृषि यंत्रीकरण,government,government.json
jai shri ram bhai beej kahan milega,greeting,greeting.csv
दाम जानो,market,market.json
मैग्नीशियम,soil,soil.json
precisioncrop,crop,crop.json
प्रधानमंत्री गरीब कल्याण योजना,government,government.json
doctor,disease,disease.json
tractor subsidy,government,government.json
कीट प्रतिरोधी किस्म कौन सी है,pest,pest.csv
आज उड़द का भाव,market,market.json
म्हारी खेती में वायरस आ गयो।,disease,disease.json
how can i update my land records and personal details in the farmer registry after registration?,government,government.json
आज का मंडी रेट बताओ,market,market.json
bad,general,general.json
"राम राम सा, म्हारे पत्ता पीळा पड़ गया।",disease,disease.json
agribusiness,crop,crop.json
यह ऐप किस कंपनी ने बनाया है,general,general.csv
म्हारी जमीन में बाजरो अच्छा होसी?,crop,crop.json
best fungicide recommendation,disease,disease.json
थाने देख मन राजी हो गयो,greeting,greeting.json
mere liye best crop option kya hai,crop,crop.json
भेड़ पालन,government,government.json
khajoor,crop,crop.json
how can i check my pm kisan beneficiary status online?,government,government.json
multicropping,crop,crop.json
meri fasal ki medicine batao,disease,disease.json
mere paas 2 bigha zameen hai kya ugau,crop,crop.json
april crop planning,crop,crop.json
मेरे खेत में सिंचाई नहर से पानी मिलता है कौन सी फसल बोऊं?,crop,crop.csv
आज का मौसम कैसा रहेगा,weather,weather.json
जैविक खाद,fertilizer,fertilizer.json
फूलों की खेती,government,government.json
how to switch language to english in app,general,general.csv
best place to sell my harvest,market,market.json
i want complete information about raj kisan portal and available subsidies.,government,government.json
म्हाने कम पाणी री फसल बतावो,crop,crop.json
सुरक्षित,disease,disease.json
सिंगल सुपर फॉस्फेट,fertilizer,fertilizer.json
"म्हूं सरकार री सारी योजनां रो लाभ लेणो चाहूं, किसान रजिस्ट्री किण रीती काम आवसी?",government,government.json
ram ram sa sabhi kisan bhaiyon ne.,greeting,greeting.json
help me choose the best crop.,crop,crop.json
म्हाने राज किसान री सब्सिडी चाहिए।,government,government.json
भाव ऊपर जासी के,market,market.json
best crop recommendation for farmers.,crop,crop.json
chat,general,general.json
आज रेट,market,market.json
pm kisan mein aadhar link karna zaroori hai kya,government,government.csv
म्हारी खेती में रोग रोकणो उपाय बतावो।,disease,disease.json
मेरे खेत के हिसाब से फसल की सलाह दो।,crop,crop.json
soil microbes kaise badhayein?,soil,soil.csv
मंडी आवक,market,market.json
गलत बतायो,general,general.json
म्हारी मिर्च री फसल में लीफ कर्ल वायरस लाग री है,disease,disease.csv
मेरे खेत में इस बार कौन सी फसल सबसे ज्यादा लाभ दे सकती है?,crop,crop.json
बकरी पालन,government,government.json
how to get a certified copy of jamabandi?,government,government.json
प्रधानमंत्री मत्स्य संपदा योजना,government,government.json
crop according to weather,crop,crop.json
bestyieldcrop,crop,crop.json
methi,crop,crop.json
wheat rust disease,disease,disease.json
थ्रेशर मशीन का किराया कितना है,machinery,machinery.csv
जय श्री राम,greeting,greeting.json
play store mein pragati ai kaise dhundhein,general,general.csv
tractor tyre puncture repair kaise karein,machinery,machinery.csv
hg884,crop,crop.json
सिंक,general,general.json
महिला किसानों को मिलने वाली सभी सरकारी योजनाओं की सूची बताइए।,government,government.json
నా నేల నివేదిక చూపించండి,soil,soil.json
मेरे लिए कौन सी सरकारी योजना सबसे अधिक लाभदायक होगी?,government,government.json
easy farming crop suggest karo,crop,crop.json
मेरे खेत में मिट्टी का ph कम करने के लिए क्या डालें?,soil,soil.csv
मुझे बीमारी की रिपोर्ट दिखाइए।,disease,disease.json
rog identify karo,disease,disease.json
multiple photos upload kar sakta hu,disease,disease.json
मौसम के अनुसार खेती की सलाह,weather,weather.json
cropanalysis,crop,crop.json
improvedseed,crop,crop.json
भाव देखो,market,market.json
जीरे के पौधे मर रहे हैं।,disease,disease.json
boron,soil,soil.json
मिट्टी में पानी की कमी है क्या,soil,soil.json
black gram,crop,crop.json
detect disease from leaf image,disease,disease.json
जमाबंदी,crop,crop.json
improve soil fertility,soil,soil.json
explain soil report,soil,soil.json
namaste pragati bhai kaise ho,greeting,greeting.csv
छेद,disease,disease.json
fungus treatment medicine,disease,disease.json
best fertilizer timing for crops,fertilizer,fertilizer.json
आज दोपहर रो तापमान,weather,weather.json
analyze soil nutrients,soil,soil.json
म्हाने पीएम किसान आवेदन करनो है।,government,government.json
जय शिव शंकर,greeting,greeting.json
hello agrodhan team,greeting,greeting.json
wrong answer,general,general.json
प्याज का भाव,market,market.json
leaves are turning yellow,disease,disease.json
hey there,greeting,greeting.csv
मेरे खेत में पिछले साल अलसी था अब क्या बोऊं?,crop,crop.csv
should i sell today,market,market.json
compost,fertilizer,fertilizer.json
म्हारी खेती ने बचावो।,disease,disease.json
नियंत्रण,disease,disease.json
जमीन का रिकॉर्ड कैसे देखें,government,government.json
land record check kaise kare,government,government.json
पीएम किसान में मोबाइल नंबर कैसे बदलें,government,government.csv
bore well se kitna paani nikal sakta hoon,irrigation,irrigation.csv
एग्रीस्टैक,government,government.json
how to check jamabandi online?,government,government.json
क्या आज सिंचाई करना सही रहेगा,weather,weather.json
उड़द की पत्तियां मुड़ रही हैं।,disease,disease.json
analyze soil quality,soil,soil.json
थारा घर सब राजी है,greeting,greeting.json
anupgarh,crop,crop.json
barrenland,crop,crop.json
म्हारी किसान रजिस्ट्री अपडेट करणी है।,government,government.json
mhane skill india ri training levani hai.,government,government.json
अगर म्हाने कोई दिक्कत आवे तो थूं मदद करसी?,general,general.json
good evening everyone.,greeting,greeting.json
मेथी या सरसों,crop,crop.json
"whenever i get confused while using the app, will you guide me step by step?",general,general.json
म्हारे खेत में वर्मीकम्पोस्ट कितनो डालूं?,fertilizer,fertilizer.csv
थारी सहायता चाहिए,general,general.json
where can i find tutorials to learn how to use this application?,general,general.json
राम राम हुकम,greeting,greeting.json
बीमा स्टेटस,government,government.json
change district,general,general.json
खम्मा घणी,greeting,greeting.json
apna naam aur jila app mein kaise badlein,general,general.csv
groundnut seed kahan milega mere paas,seed,seed.csv
जड़ गलन रोग,disease,disease.json
मेरे खेत में sop खाद कब और कितना डालें?,fertilizer,fertilizer.csv
heatwave,crop,crop.json
एफपीओ बनाने की पूरी प्रक्रिया समझाइए।,government,government.json
meri fasal me rog lag gaya hai,disease,disease.json
म्हाने आज खेत में काम करनो है,weather,weather.json
सोयाबीन का बीज कहां से मिलेगा,seed,seed.csv
डिजिटल किसान आईडी,government,government.json
isbagol,crop,crop.json
पीएम एफएमई योजना में आवेदन कैसे करें?,government,government.json
आलू की फसल रात भर में काली पड़ गई,emergency,emergency.csv
desertfarming,crop,crop.json
mandi,market,market.json
जिंक कब डालें,fertilizer,fertilizer.json
म्हाने कम खर्च में खेती करनी है।,crop,crop.json
camera,general,general.json
after mustard crop,crop,crop.json
phosphorus,soil,soil.json
म्हारे गाँव में काई फसल बढ़िया चाले है?,crop,crop.json
फेर जरूर पधारजो,greeting,greeting.json
खेती के लिए कौन-कौन सी सरकारी सहायता मिलती है?,government,government.json
meri soil sandy hai crop suggest karo,crop,crop.json
ಮಣ್ಣಿನ ಫಲವತ್ತತೆ ಹೆಚ್ಚಿಸುವುದು ಹೇಗೆ,soil,soil.json
seller,market,market.json
fungus,disease,disease.json
symptom,disease,disease.json
pm mudra yojana,government,government.json
फसल रोग पहचान,disease,disease.json
best medicine for crop disease,disease,disease.json
groundnut mein stem rot disease ka attack hai,disease,disease.csv
म्हाने ईकेवाईसी करवाणी है,government,government.json
म्हारी माटी में जल निकास कैसा है,soil,soil.json
farmer registry status,government,government.json
म्हाने समझ में नहीं आवे रोग है या कीड़ो।,disease,disease.json
पाणी पीलो सा,greeting,greeting.json
सवेरो मौसम किण रहसी,weather,weather.json
म्हारे खेत में इस साल कौनसी खेती करूं?,crop,crop.json
जल्दी बताओ क्या करूँ।,disease,disease.json
"ram ram sa, mhane thane milke ghano anand ayo.",greeting,greeting.json
crop recommendation for my field,crop,crop.json
फसल पर पाला पड़ने से क्या नुकसान होता है,weather,weather.csv
म्हारी रेतीली मिट्टी में नमी कैसे बनाए रखूं?,soil,soil.csv
soil nutrients,soil,soil.json
milletcrop,crop,crop.json
how can i check my government scheme status?,government,government.json
म्हारे खेत रो रिकॉर्ड ऑनलाइन किण रीती मिलसी?,government,government.json
mhane pm awas yojana ro form bharno hai.,government,government.json
जीवाणु झुलसा का समाधान बताइए।,disease,disease.json
how can i improve my soil health,soil,soil.json
urgent medicine batao,disease,disease.json
soybean seed variety rajasthan ke liye,seed,seed.csv
tractor subsidy kaise milegi?,government,government.json
म्हारा खेत बचावो सा।,disease,disease.json
ठीक,disease,disease.json
नमस्कार सा,greeting,greeting.json
मोजेक रोग,disease,disease.json
how are you,greeting,greeting.json
आज दवा का छिड़काव करूं,weather,weather.json
weather for farming,weather,weather.json
"राम राम सा, म्हारे खेत में कम पाणी है, कांई बोवां?",crop,crop.json
nfsm,government,government.json
ମୋ ମାଟିର ପରୀକ୍ଷା କର,soil,soil.json
farm work weather,weather,weather.json
म्हारी माटी ने ठीक किण करूं,soil,soil.json
"chana mein wilt disease aa gayi hai, upay batao",disease,disease.json
plant infection,disease,disease.json
सड़न,disease,disease.json
म्हाने केवीके री ट्रेनिंग लेणी है।,government,government.json
आज खरीददार मिलेंगे क्या,market,market.json
ईश्वर थाने सुखी राखे,greeting,greeting.json
manganese sulphate ka dose kya hai?,fertilizer,fertilizer.csv
brown plant hopper in rice,pest,pest.csv
म्हाने डीएपी चाहिए,fertilizer,fertilizer.json
best crop for my agricultural land.,crop,crop.json
grain,crop,crop.json
सादर नमस्कार,greeting,greeting.json
बंद,general,general.json
leaf disease recognition,disease,disease.json
म्हारी ग्वार सूख री है।,disease,disease.json
meri crop me konsa disease hai,disease,disease.json
सिंचाई के बाद खाद कब डालें,irrigation,irrigation.csv
म्हाने सबसे फायदेमंद खेती बतावो।,crop,crop.json
namaskar ji kaise hain aap,greeting,greeting.csv
current weather update,weather,weather.json
update app,general,general.json
जैविक बीज कहां से मिलेगा,seed,seed.csv
heat wave,weather,weather.json
सरकारी योजना में आवेदन की अंतिम तारीख क्या है,government,government.csv
sandysoil,crop,crop.json
कीट,disease,disease.json
दाम दिखाओ,market,market.json
निकास,soil,soil.json
"म्हारे खेत में रेतीली मिट्टी है, कांई बोवां?",crop,crop.json
म्हारी जमीन सूखी है,soil,soil.json
क्या सरकार मेरी फसल खरीदेगी,market,market.json
मिट्टी में जैविक खाद डालूं,soil,soil.json
"राम राम, म्है किसान सूँ, म्हारे वास्ते काई योजना है?",government,government.json
hd2967,crop,crop.json
फसल बेचनी है,market,market.json
बाजरे के पौधे सूख रहे हैं।,disease,disease.json
traditionalfarming,crop,crop.json
paani ki kami se fasal ka rang peela kyun ho jata hai,irrigation,irrigation.csv
tejpatta,crop,crop.json
बलुई मिट्टी,soil,soil.json
wholesale market,market,market.json
सरकारी बीज पर सब्सिडी कैसे मिलती है,government,government.csv
आज खेत में पानी दूं,weather,weather.json
app ki setting kaise open karein,general,general.csv
नजदीक मंडी,market,market.json
next 10 days weather forecast,weather,weather.json
farmhouse,crop,crop.json
cummin,crop,crop.json
kari patta,crop,crop.json
meri crop scan karo,disease,disease.json
म्हारी फसल रो उपचार करावो।,disease,disease.json
how much dap should i use,fertilizer,fertilizer.json
bacterial blight,disease,disease.json
जय भोले शंकर,greeting,greeting.json
oilseedcrop,crop,crop.json
jhalawar,crop,crop.json
अनाज मंडी,market,market.json
kya aaj waqt par barish hogi mere khet ke liye,weather,weather.csv
जड़,disease,disease.json
rotavator aur cultivator mein kya difference hai,machinery,machinery.csv
किसान पहचान,government,government.json
सूखा,disease,disease.json
स्प्रेयर मशीन खरीदने में कितना खर्च आएगा,machinery,machinery.csv
plant disease identification,disease,disease.json
मानसून कब आएगा इस साल,weather,weather.csv
थारे घर सब राजी खुशी सा,greeting,greeting.json
"मेरी अरहर में विल्ट रोग आ गया है, क्या करूं?",disease,disease.json
जीरे में सफेद फफूंदी है।,disease,disease.json
आज श्रीगंगानगर का मौसम,weather,weather.json
desiseed,crop,crop.json
black soil ki khasiyat kya hoti hai?,soil,soil.csv
mhane mahila farmer subsidy kadi milsi?,government,government.json
insurance ka paisa kab milega?,government,government.json
पटवारी,government,government.json
अगर पानी की कमी हो तो कौन सी खेती करनी चाहिए?,crop,crop.json
today,market,market.json
काला धब्बा,disease,disease.json
drainage,soil,soil.json
mustard leaves turning yellow,disease,disease.json
किस फसल में सबसे ज्यादा फायदा है?,crop,crop.json
नमस्ते,general,general.json
where can i get the highest market price today,market,market.json
soil health card,soil,soil.json
farmer id kaise banaye,government,government.json
"राम राम सा, फसल बतावो",crop,crop.json
how to control plant disease,disease,disease.json
hello sir good morning,greeting,greeting.csv
government scheme status kaise check kare?,government,government.json
please explain pm kusum yojana and solar pump subsidy in detail.,government,government.json
कम पानी में कौन सी फसल उगाएं,irrigation,irrigation.csv
म्हारी सरसों में सफेद रतुआ दिखाई दे रयो है।,disease,disease.json
rainfedcrop,crop,crop.json
म्हारा खेत में इस बार काई बोवूं?,crop,crop.json
ୟୁରିଆ ବିଷୟରେ କହନ୍ତୁ,fertilizer,fertilizer.json
rgc936,crop,crop.json
ମୋ ମାଟି ରିପୋର୍ଟ ବୁଝାନ୍ତୁ,soil,soil.json
prediction confidence,disease,disease.json
स्मार्ट सहायक,general,general.json
sustainablefarming,crop,crop.json
bamboo mission subsidy,government,government.json
पूरी फसल बीमार,disease,disease.json
म्हाने दवाई री मात्रा बतावो।,disease,disease.json
mujhe har feature practical example ke sath samjhao.,general,general.json
"मैं छोटे किसान की श्रेणी में आता हूँ, मुझे कौन-कौन सी सरकारी सहायता मिल सकती है?",government,government.json
इमेज,disease,disease.json
स्टेटस,government,government.json
मेरे बैंगन में फोमोप्सिस ब्लाइट रोग है,disease,disease.csv
namaste dost.,greeting,greeting.json
sarso ke baad kya boya jata hai,crop,crop.json
weather in bikaner,weather,weather.json
flower,crop,crop.json
gehu ka bhav msp se upar hai kya aaj,market,market.csv
थारो हार्दिक स्वागत है,greeting,greeting.json
मेरे खेत में मिट्टी परीक्षण की रिपोर्ट में oc कम है,soil,soil.csv
माल रेट,market,market.json
पशुपालन अवसंरचना विकास निधि,government,government.json
जैविक कार्बन,soil,soil.json
म्हारा खेत में काई फसल जमसी?,crop,crop.json
crop for hot weather,crop,crop.json
how can young farmers get government support?,government,government.json
क्या आज तेज आंधी आएगी,weather,weather.json
urad dal price today in mandi,market,market.csv
how hot will it be today,weather,weather.json
soil testing kahan se karwayein rajasthan mein?,soil,soil.csv
cropmanagement,crop,crop.json
groundnut,crop,crop.json
ye rog konsa hai,disease,disease.json
डाउनलोड,general,general.json
भुगतान,government,government.json
जनवरी में कौन सी फसल उगाई जा सकती है?,crop,crop.json
high return crop batao,crop,crop.json
millet,crop,crop.json
good evening farmer,greeting,greeting.json
जय श्री सीताराम,greeting,greeting.json
किसान,government,government.json
आज थाने देख मजो आ गयो,greeting,greeting.json
bhu naksha download kaise kare,government,government.json
घुलनशील उर्वरक,fertilizer,fertilizer.json
म्हाने गेहूं रो भाव बतावो,market,market.json
राजमा,crop,crop.json
क्या आज खेत में ट्रैक्टर चला सकते हैं,weather,weather.json
मेरे खेत में पिछले साल धनिया था अब क्या बोऊं?,crop,crop.csv
what documents are required for farmer registry?,government,government.json
trichoderma se seed treatment kaise karein,seed,seed.csv
आज स्प्रे करने का सही समय,weather,weather.json
मृदा स्वास्थ्य कार्ड कहां से मिलेगा,government,government.csv
good afternoon bhai khet ka kya haal hai,greeting,greeting.csv
fungus ka ilaj,disease,disease.json
बीमारी बहुत तेजी से फैल रही है पूरे खेत में,emergency,emergency.csv
ड्रिप इरिगेशन लगाने में कितना खर्च आता है,irrigation,irrigation.csv
kya haal hai,greeting,greeting.json
मेरी मिट्टी में लोहे की कमी है पत्ते पीले हो रहे हैं,soil,soil.csv
इस हफ्ते ओले पड़ेंगे क्या,weather,weather.csv
fodderbajra,crop,crop.json
मृदा परीक्षण प्रयोगशाला,government,government.json
आज बारिश होने वाली है क्या मुझे सिंचाई करनी चाहिए,weather,weather.json
मेरे खेत में कौन सी फसल लगाने से सबसे ज्यादा कमाई होगी?,crop,crop.json
cotton mein fusarium wilt disease aa gayi hai,disease,disease.csv
आवेदन,government,government.json
assistant,general,general.json
थारो स्वागत दिल सूं है,greeting,greeting.json
plant disease identify,disease,disease.json
दाम अपडेट,market,market.json
कृषिविज्ञानी,disease,disease.json
detect disease in plant,disease,disease.json
मूंग के पौधे कमजोर हो गए हैं।,disease,disease.json
organic carbon,soil,soil.json
अजमेर मंडी रो रेट,market,market.json
sprinkler subsidy kaise milegi?,government,government.json
आज बारिश आवसी के,weather,weather.json
राम राम भाई प्रणाम,greeting,greeting.csv
acre,crop,crop.json
"ram ram sa, aaj ro din ghano bhalo rahe.",greeting,greeting.json
mh421,crop,crop.json
bharatpur,crop,crop.json
म्हने खेती रो सही उपाय बतावो।,crop,crop.json
sarson ka bhav aaj badhega ya ghategaa,market,market.csv
म्हाने खरीदार चाहिए,market,market.json
मेरी मिट्टी में माइक्रोन्यूट्रिएंट्स की कमी है क्या करूं?,soil,soil.csv
agriculture crop,crop,crop.json
whole plant turned yellow,disease,disease.json
agar mujhe app chalane me dikkat aaye to kya karna chahiye?,general,general.json
buy mustard,market,market.json
i want to understand how this ai assistant works before using it.,general,general.json
crops,crop,crop.json
कपास की बुवाई का सही समय और तरीका बताओ,crop,crop.csv
फसल में वायरस फैल गया है तुरंत दवाई बताओ,emergency,emergency.csv
इस हफ्ते गेहूं का भाव बढ़ा है क्या,market,market.csv
म्हूं थारो उपयोग किण रीती सूं करूं?,general,general.json
मेरे खेत में दोमट मिट्टी है कौन सी फसल उगाऊं?,crop,crop.csv
hello friend,greeting,greeting.json
thank you,general,general.json
फसल में कीट की समस्या,pest,pest.json
soil recommendation,soil,soil.json
थांरो इंतजार कर रया था,greeting,greeting.json
seed treatment se fasal ko kya fayda hota hai,seed,seed.csv
सिंचाई के लिए पानी का सही उपयोग कैसे करें,irrigation,irrigation.csv
म्हारी फसल रो तौल करावो,market,market.json
किसान,crop,crop.json
कद आया सा,greeting,greeting.json
ऐप में अपना खेत कैसे जोड़ें,general,general.csv
म्हाने जानकारी देवो,general,general.json
इस साल गेहूं की खेती करूँ या दूसरी फसल?,crop,crop.json
best crop for saline soil in rajasthan?,crop,crop.csv
haljot,crop,crop.json
bedplanting,crop,crop.json
which crop is best for dry areas?,crop,crop.json
म्है राज किसान पोर्टल पर आवेदन करणा चाहूँ।,government,government.json
जय गौ माता,greeting,greeting.json
म्हारी फसल में अचानक सब पत्ते पीले हो गए,emergency,emergency.csv
जीरे की खेती कब और कैसे करें?,crop,crop.csv
jowar,crop,crop.json
नीलामी,market,market.json
cropguide,crop,crop.json
नई खेती शुरू करनी है,crop,crop.json
tomorrow mandi rate,market,market.json
zero budget farming,crop,crop.json
girdawari,government,government.json
थ्रेशर मशीन किराए पर कैसे मिलेगी,machinery,machinery.csv
which crop gives better profit in dry areas?,crop,crop.json
yes,general,general.json
seed quality check karne ka tarika,seed,seed.csv
ajmer weather,weather,weather.json
"राम राम सा, इस बार कांई बोवां?",crop,crop.json
राजस्थान में आज का तापमान क्या है,weather,weather.csv
kam kharch wali crop batao,crop,crop.json
signup,general,general.json
stop,general,general.json
thrips in chilli,pest,pest.csv
आज पूरे दिन बारिश होगी क्या,weather,weather.json
जड़ें सड़ रही हैं।,disease,disease.json
कीट की दवा बताओ,pest,pest.json
gram panchayat se kis yojana ka labh milega,government,government.json
goat farming scheme,government,government.json
"राम राम सा, थूं मारा डिजिटल खेती साथी बनजो।",general,general.json
तुम क्या करते हो,general,general.json
"टमाटर के पत्ते पीले पड़ रहे हैं, कोई दवाई बताओ",disease,disease.json
payment status,government,government.json
wind speed today,weather,weather.json
suggest profitable farming,crop,crop.json
best treatment batao,disease,disease.json
म्हारी जमीन में काई खेती सबसे बढ़िया चालसी?,crop,crop.json
standingcrop,crop,crop.json
seed kharidne ke liye kahan jaana chahiye,seed,seed.csv
म्हारे खेत में नैनो यूरिया कैसे इस्तेमाल करूं?,fertilizer,fertilizer.csv
pm kisan form kaise bhare?,government,government.json
फसल नुकसान होने पर क्या करना चाहिए?,government,government.json
मेरी मिट्टी के अनुसार खेती की योजना बनाइए,soil,soil.json
नमस्ते सरकार,greeting,greeting.json
"मेरे खेत में पिछले साल मसूर था, अब क्या बोऊं?",crop,crop.json
lagavu,crop,crop.json
is maize suitable for sandy soil,crop,crop.json
government scheme application status check online,government,government.csv
अजवाइन,crop,crop.json
animals destroyed my crop overnight total loss,emergency,emergency.csv
म्हारी सरसों में सफेद रतुआ है।,disease,disease.json
photo,disease,disease.json
म्हारे गाँव में सबसे फायदेमंद फसल काई है?,crop,crop.json
emergency plant disease,disease,disease.json
green manure se soil fertility kaise badhti hai?,soil,soil.csv
gm8,crop,crop.json
mobile app,general,general.json
what is the air quality today,weather,weather.json
good job bhai,general,general.json
म्हारा खेत में रोग बढ़तो जावै।,disease,disease.json
राम राम म्हारा भाई,greeting,greeting.json
वजन,market,market.json
म्हारी ग्वार पीळी पड़ गई।,disease,disease.json
म्हाने नामांतरण रो स्टेटस देखणो है।,government,government.json
म्हारे खेत री मिट्टी चिकनी है पाणी नहीं सोखती,soil,soil.csv
farmer app,general,general.json
unhealthy,disease,disease.json
म्हाने सही दवाई सुझावो।,disease,disease.json
म्हारी फसल मर री है।,disease,disease.json
pm kisan ka paisa kab aayega mere account mein,government,government.csv
hi agriculture expert,greeting,greeting.json
तूफान आने वाला है क्या,weather,weather.csv
इस बार कौन सी फसल का बाजार अच्छा रहेगा?,crop,crop.json
hi friend,greeting,greeting.json
mhane kheti khatar government ri puri madad joiye.,government,government.json
mhane jan dhan account khulvano hai.,government,government.json
tomato mein septoria leaf spot disease hai,disease,disease.csv
heatwave advisory,weather,weather.json
నేల పొడిగా ఉంది,soil,soil.json
थारा खेत में अगली फसल काई होसी?,crop,crop.json
मई में कौन सी फसल उगाऊँ?,crop,crop.json
मेरे खेत में वर्मीकम्पोस्ट डालने से क्या फायदा होगा?,soil,soil.csv
पीला रतुआ,disease,disease.json
क्या यह पाउडरी मिल्ड्यू है?,disease,disease.json
"म्हारे खेत में बोरवेल है, काई फसल जमसी?",crop,crop.json
reset password,general,general.json
recommend a crop for bikaner.,crop,crop.json
अजमेर मंडी में चने का लाइव भाव चाहिए,market,market.json
नर्सरी,government,government.json
प्रमाणित बीज और साधारण बीज में क्या अंतर है,seed,seed.csv
which crop is best for sandy farmland?,crop,crop.json
खेतबाड़ी,crop,crop.json
cropplanning,crop,crop.json
how do i check my government scheme application status?,government,government.json
प्रधानमंत्री किसान सम्मान निधि,government,government.json
नई योजना बताओ,government,government.json
तना गलन रोग,disease,disease.json
detect disease automatically,disease,disease.json
म्हारी माटी री रिपोर्ट,soil,soil.json
म्हारा खेत में अच्छी पैदावार वाली फसल बतावो।,crop,crop.json
kya is app me naye features future me aayenge?,general,general.json
क्या ओले गिरेंगे,weather,weather.json
कीड़े की दवाई बताओ,pest,pest.csv
आज मंडी की छुट्टी है क्या,market,market.json
"good evening, hope your day was wonderful.",greeting,greeting.json
पट्टा सत्यापन कैसे करें,government,government.json
hello farmer friend,greeting,greeting.json
म्हूं खेत माटी अनुसार खेती करवा मांगूं।,crop,crop.json
haryana,market,market.json
मेरी मक्का में मेडिस लीफ ब्लाइट रोग है,disease,disease.csv
फैलाव,disease,disease.json
makkaa,crop,crop.json
"main is app ko pehli baar use kar raha hu, mujhe pura guide karo.",general,general.json
keetnaashak konsa dalun,pest,pest.json
म्हारो राम राम कबूल करो,greeting,greeting.json
all leaves turned yellow suddenly urgent help needed,emergency,emergency.csv
सरकारी योजना का स्टेटस ऑनलाइन कैसे चेक करें,government,government.csv
ram ram tau sa.,greeting,greeting.json
about ai,general,general.json
cultivate,crop,crop.json
मुझे बताइए कि आज किस मंडी में गेहूं बेचना फायदेमंद रहेगा,market,market.json
"राम राम सा, गेहूं में रोग लाग गयो।",disease,disease.json
म्हाने मूंग री खेती करनी है।,crop,crop.json
मेरी सोयाबीन में चारकोल रॉट रोग है,disease,disease.csv
सहायता,general,general.json
अगर मुझे कोई समस्या आती है तो क्या मैं दोबारा आपसे पूछ सकता हूँ?,general,general.json
suggest a crop with low water requirement.,crop,crop.json
पौधा रोग पहचान,disease,disease.json
moong me mosaic disease hai kya,disease,disease.json
আমার মাটির রিপোর্ট বুঝিয়ে দিন,soil,soil.json
pest damage symptoms,pest,pest.csv
npk fertilizer ka sahi dose kya hai?,fertilizer,fertilizer.csv
mhane pmegp ri puri jankari devo.,government,government.json
save my crop,disease,disease.json
typing se baat karni hai,general,general.json
सफेद परत,disease,disease.json
solar subsidy,government,government.json
अभी कीमत,market,market.json
फोटो फिर से स्कैन करो।,disease,disease.json
soybean,crop,crop.json
are you working,general,general.json
मेरे खेत का सॉइल हेल्थ कार्ड नहीं बना है क्या करूं,government,government.csv
मेरे खेत में खाद डालने का सही तरीका क्या है?,fertilizer,fertilizer.csv
csc,government,government.json
raj kisan portal par subsidy kaise milegi?,government,government.json
"good evening everyone, stay blessed.",greeting,greeting.json
केंद्र सरकार किसानों के लिए कौन सी सहायता देती है?,government,government.json
humidity,weather,weather.json
croptype,crop,crop.json
कौन सा कीटनाशक उपयोग करूँ?,disease,disease.json
green gram disease detect karo,disease,disease.json
pest infestation bahut bada hai poori fasal khatam ho rahi hai,emergency,emergency.csv
is green gram suitable for my land,crop,crop.json
send feedback,general,general.json
good evening ji,greeting,greeting.json
म्हाने गोदाम रो पता बतावो,market,market.json
म्हारी सरसों बचावो सा।,disease,disease.json
rice mein blast disease ho gayi hai kya spray karein?,disease,disease.csv
immediate fungicide recommendation,disease,disease.json
राम राम सा हुकम काई हाल,greeting,greeting.json
म्है ऑनलाइन आवेदन कर सकूँ के?,government,government.json
my pm kisan installment has not been credited yet. what should i do?,government,government.json
my crop is dying,disease,disease.json
"मुझे पीएम किसान योजना के लिए आवेदन करना है, पूरी प्रक्रिया बताइए।",government,government.json
chilli mein thrips ka attack ho gaya hai kya karein?,disease,disease.csv
disease pure field me fail gaya,disease,disease.json
कौनसा भाव,market,market.json
बुवाई,crop,crop.json
तिलहन,crop,crop.json
जैविक कीट नियंत्रण,pest,pest.csv
सिरोही मंडी भाव,market,market.json
मूंगफली की जड़ें सड़ रही हैं कौन सी दवाई डालूं?,disease,disease.csv
weather alert for hailstorm in my area,weather,weather.csv
आज खेत जोतूं के,weather,weather.json
urad,crop,crop.json
मेरी सोयाबीन में फाइटोफ्थोरा रूट रॉट है,disease,disease.csv
थारे आवण रो धन्यवाद,greeting,greeting.json
ऑपरेशन ग्रीन्स योजना का लाभ कैसे लें?,government,government.json
startup subsidy,government,government.json
market comparison,market,market.json
किस दिन तेज हवा चलने की संभावना है,weather,weather.json
कौनसी खेती करूं,crop,crop.json
how can i apply for a farmer subsidy?,government,government.json
papita,crop,crop.json
residue,crop,crop.json
borewell water hai kaunsi fasal lagau,crop,crop.json
मेरी मूंगफली में टिक्का रोग के लिए क्या स्प्रे करूं?,disease,disease.csv
is there a weather warning today,weather,weather.json
pm kisan maandhan,government,government.json
fertigation kya hota hai aur kaise karein?,fertilizer,fertilizer.csv
"mhane startup kholno hai, government madad milsi ke?",government,government.json
fast growing crop,crop,crop.json
croparea,crop,crop.json
"म्हारे खेत में पाणी घणो कम है, कांई करूं?",crop,crop.json
क्या यह बीमारी दोबारा आ सकती है?,disease,disease.json
fieldmanagement,crop,crop.json
disease probability,disease,disease.json
account,general,general.json
harvester machine booking kab karni chahiye,machinery,machinery.csv
low budget farming option,crop,crop.json
virus disease treatment,disease,disease.json
म्हाने यो प्लेटफॉर्म रो पूरा परिचय देवो।,general,general.json
म्हारे खेत में जैव उर्वरक कद डालणो चाहिए?,fertilizer,fertilizer.csv
pest spray kya karein,pest,pest.csv
खम्मा घणी सा,greeting,greeting.json
किसान योजना बताओ,government,government.json
about pragati,general,general.json
कीट का जीवन चक्र,pest,pest.json
गेहूं,crop,crop.json
अरहर की खेती कब करनी चाहिए?,crop,crop.csv
मौसम का पूरा पूर्वानुमान बताइए,weather,weather.json
pantmoong2,crop,crop.json
please tell me everything this application can do for farmers.,general,general.json
आज फेर बात हो गई,greeting,greeting.json
मैं किसान हूँ और पहली बार इस ऐप का उपयोग कर रहा हूँ। कृपया मुझे शुरुआत से बताइए कि मुझे सबसे पहले क्या करना चाहिए।,general,general.json
"म्हारा खेत रेतीलो है, कांई खेती करूं?",crop,crop.json
pbw154,crop,crop.json
prediction dubara karo,disease,disease.json
young farmer scheme,government,government.json
mungdal,crop,crop.json
"if i don't understand your answer, can i ask the same question again?",general,general.json
बरसात,weather,weather.json
indian council of agricultural research,government,government.json
saline soil ko kaise sudharen?,soil,soil.csv
वायरस रोग,disease,disease.json
फसल बचाओ जल्दी,disease,disease.json
आज की नीलामी,market,market.json
jeera seed best variety rajasthan mein,seed,seed.csv
रोग पहचान,disease,disease.json
weather update for my area,weather,weather.json
mandi mein fasal kaise bechein step by step,market,market.csv
khatauni,government,government.json
jower,crop,crop.json
म्हारे खेत में काई बोयां ठीक रहसी?,crop,crop.json
टमाटर की पूरी फसल में लेट ब्लाइट फैल गई है,emergency,emergency.csv
उपज बेचनी है,market,market.json
best farming crop,crop,crop.json
सूचना,general,general.json
rainwaterfarming,crop,crop.json
मिट्टी की जांच का परिणाम,soil,soil.json
"म्हारी जद भी दिक्कत आवे, थूं मदद करसी ने?",general,general.json
श्रीअन्न,crop,crop.json
one district one product,government,government.json
ग्रीष्मकाल में सब्जियों को कितना पानी चाहिए,irrigation,irrigation.csv
आज खाद डालूं के,weather,weather.json
म्हारी शुभकामना थारे साथ है,greeting,greeting.json
tractor,crop,crop.json
when will the next pm kisan installment be released?,government,government.json
म्हारा जोधपुर खातर काई बोवूं?,crop,crop.json
म्हारे खेत में पिछले साल बाजरा था अब कांई बोवां?,crop,crop.csv
"राम राम सा, म्हारी फसल में रोग लाग गयो।",disease,disease.json
जांचना,disease,disease.json
crop for clay soil,crop,crop.json
hourly temperature,weather,weather.json
leaf curl,disease,disease.json
thrips on cotton,pest,pest.json
notification,general,general.json
थोड़ा रुकूं तो भाव बढ़सी के,market,market.json
बरसीम,crop,crop.json
सरकार,government,government.json
बीज उपचार के लिए थीरम का उपयोग कैसे करें,seed,seed.csv
जैव कीटनाशक,pest,pest.json
pest resistant variety,pest,pest.json
jeeraa,crop,crop.json
bolkar sawaal poochne ka tarika kya hai,general,general.csv
cash crop,crop,crop.json
can i spray fertilizer on leaves,fertilizer,fertilizer.json
are you busy,general,general.json
longdurationcrop,crop,crop.json
excellent,general,general.json
seed sowing depth kitni honi chahiye,seed,seed.csv
jai shri ram bhai good morning,greeting,greeting.csv
अगर मुझे सिर्फ एक फसल चुननी हो तो कौन सी चुनूँ?,crop,crop.json
ग्राम पंचायत,government,government.json
cropplannerai,crop,crop.json
युरिया किती टाकावे,fertilizer,fertilizer.json
aaj wind chill kitna hai,weather,weather.csv
बिक्री,market,market.json
check potassium level,soil,soil.json
marla,crop,crop.json
थारो मिलणो शुभ मानूं,greeting,greeting.json
krishi yojana,government,government.json
"राम राम सा, म्हारे खेत खातर सबसे बढ़िया खेती बतावो।",crop,crop.json
गेहूं का बीज कितने दिन तक स्टोर कर सकते हैं,seed,seed.csv
अगर मुझे किसी विषय के बारे में जानकारी नहीं होगी तो क्या आप मुझे पूरी जानकारी देंगे?,general,general.json
cropschedule,crop,crop.json
farmfield,crop,crop.json
योजना,government,government.json
commercialfarming,crop,crop.json
tell me about my soil,soil,soil.json
tell me about pm matsya sampada yojana.,government,government.json
क्या आप मुझे इस ऐप के सभी विकल्पों और उनके उपयोग के बारे में विस्तार से बता सकते हैं?,general,general.json
मेरे जिले में आज बारिश होगी क्या,weather,weather.csv
ram ram friend,greeting,greeting.json
मोठ,crop,crop.json
latest kisan yojana batao.,government,government.json
rotavator se khet taiyar karne ka tarika,machinery,machinery.csv
"bhindi mein yellow vein mosaic virus hai, kya karein?",disease,disease.json
म्हाने गर्मी री फसल बतावो।,crop,crop.json
भैंस पालन,government,government.json
एकीकृत कीट प्रबंधन,pest,pest.csv
फीचर,general,general.json
माटी रो प्रकार,soil,soil.json
operation greens benefits,government,government.json
मेरे खेत में dap की मात्रा कितनी डालूं?,fertilizer,fertilizer.csv
powdery mildew disease,disease,disease.json
solar yojana,government,government.json
moisture analysis,soil,soil.json
grainstage,crop,crop.json
पासवर्ड,general,general.json
uraddal,crop,crop.json
ग्वार की खेती मेरे खेत में सफल होगी क्या?,crop,crop.json
can i grow guar in my farm,crop,crop.json
प्रधानमंत्री फसल बीमा योजना में क्लेम करने की पूरी प्रक्रिया समझाइए।,government,government.json
powdery,disease,disease.json
happy to see you,greeting,greeting.json
आज धनिया का भाव क्या है,market,market.csv
raj4238,crop,crop.json
नमस्कार साहब,greeting,greeting.json
पूरे सप्ताह का मौसम पूर्वानुमान बताइए,weather,weather.json
is hafte mausam kaisa rahega kheti ke liye,weather,weather.csv
faq,general,general.json
आज भाव,market,market.json
hi sir ji,greeting,greeting.json
मजा में हो हुकुम,greeting,greeting.json
brown rust,disease,disease.json
privacy policy,general,general.json
hd3226,crop,crop.json
farm machinery rent kahan se milegi mere gaon mein,machinery,machinery.csv
मौसम खराब है तो कटाई कब करें,weather,weather.csv
म्हारी फसल खरीदण वालो कूण है,market,market.json
झुंझुनू मंडी भाव,market,market.json
म्हारी उड़द सूख री है।,disease,disease.json
sc farmer scheme,government,government.json
meri crop unhealthy lag rahi hai,disease,disease.json
kaunsi fasal mein paani ki bachat hoti hai?,crop,crop.csv
pm kisan yojana,government,government.json
hello ji,greeting,greeting.json
insurance claim,government,government.json
म्हारा जीरा मर रयो है।,disease,disease.json
best mandi today,market,market.json
म्हारी जमीन री जांच,soil,soil.json
आप मेरे लिए क्या कर सकते हैं,general,general.csv
मेरे बैंगन के पत्तों पर भूरे धब्बे हैं,disease,disease.csv
आज कितनी गर्मी पड़ेगी,weather,weather.csv
patte par black spots hain,disease,disease.json
मेरे खेत में पिछले साल मूंगफली थी अब क्या बोऊं?,crop,crop.csv
"म्हारी गेहूं री फसल में लूज स्मट लाग री है, के करूं?",disease,disease.json
इस रोग के लिए कौन सी दवा सबसे अच्छी है?,disease,disease.json
आज बादल छाए रहेंगे क्या,weather,weather.csv
बोना,crop,crop.json
मेरे खेत की मिट्टी के अनुसार कौन सी फसल सबसे अच्छी रहेगी?,crop,crop.json
hhb146,crop,crop.json
औषधीय खेती,government,government.json
म्हाने खरीदार रो नंबर चाहिए,market,market.json
returns,crop,crop.json
म्हारी तरफ सूं राम राम,greeting,greeting.json
crop pest problem,pest,pest.json
"म्हारी फसल में सल्फर री कमी है, के डालूं?",fertilizer,fertilizer.json
disease spreading very fast in my field help me now,emergency,emergency.csv
i want to register myself in the farmer registry and create my digital farmer id for government schemes.,government,government.json
sub mission on agricultural mechanization,government,government.json
best crop for my village batao,crop,crop.json
mere area me kaunsi fasal ki demand jyada hai,crop,crop.json
फसल में कीड़े की पहचान,pest,pest.json
crop subsidy,government,government.json
ग्वार में कौन सा रोग है?,disease,disease.json
black rot disease,disease,disease.json
nomoshkar,greeting,greeting.json
"मेरे खेत में ऊसर जमीन है, कौन सी फसल उगाऊं?",crop,crop.json
low investment high profit crop batao,crop,crop.json
today mandi rate,market,market.json
तना काला पड़ रहा है।,disease,disease.json
best time to irrigate today,weather,weather.json
service,general,general.json
hello dost.,greeting,greeting.json
भीलवाड़ा मंडी भाव,market,market.json
म्हारा खेत में काई दवाई डालूं?,disease,disease.json
cropsystem,crop,crop.json
kam paani wali profitable farming batao,crop,crop.json
म्हारा पौधा जांच कर दो।,disease,disease.json
how to open settings,general,general.json
keet niyantran ke upay,pest,pest.json
corncrop,crop,crop.json
जारी रखो,general,general.json
voice se baat karni hai,general,general.json
क्या आप मुझे धीरे-धीरे इस ऐप के सभी फीचर इस्तेमाल करना सिखा सकते हैं?,general,general.json
khata,government,government.json
chat history delete kaise karein,general,general.csv
पौधा बढ़ नहीं रहा है।,disease,disease.json
स्मट रोग की पहचान कैसे करें?,disease,disease.json
sikar,crop,crop.json
आज सबसे ज्यादा भाव किस मंडी में है,market,market.json
government subsidy,government,government.json
identify wheat disease,disease,disease.json
भाई म्हारे खेत में कौन सी फसल बोवां जो कम खर्च में ज्यादा पैदावार दे?,crop,crop.csv
औषधीय फसल बताओ,crop,crop.json
कद बेचणो फायदेमंद रहसी,market,market.json
mere area ke weather ke hisab se crop batao,crop,crop.json
zinc,soil,soil.json
should i store my crop for a few days,market,market.json
बाजरा या मूंग,crop,crop.json
meri farming ke liye best option kya hai,crop,crop.json
म्हारी फसल में जैविक खाद कद डालणो चाहिए?,fertilizer,fertilizer.csv
mandi commission charge kitna hota hai,market,market.csv
सोयाबीन या मक्का,crop,crop.json
adaab,greeting,greeting.json
"good morning bhai, bhagwan aapko hamesha khush rakhe.",greeting,greeting.json
pragati ai mere liye daily kis tarah useful ho sakta hai?,general,general.json
నేలలో తేమ ఎంత ఉంది,soil,soil.json
റേറ്റ്,market,market.json
shg,government,government.json
naturalfarming,crop,crop.json
protected cultivation,crop,crop.json
खसरा नंबर कैसे देखें,government,government.json
रोग पूरे खेत में फैल गया है।,disease,disease.json
"म्हारे खेत री मिट्टी में जिंक री कमी है, के करूं?",soil,soil.json
crop health issue,disease,disease.json
meri zameen ke hisab se best crop suggest karo,crop,crop.json
अपना खाता पोर्टल से जमीन की जानकारी कैसे प्राप्त करें?,government,government.json
मोबाइल,general,general.json
recommend the nearest mandi with highest price,market,market.json
fpc,government,government.json
saari pattiyaan ek raat mein gir gayi kya hua,emergency,emergency.csv
मेरे खेत के लिए सबसे अच्छी फसल कौन सी रहेगी?,crop,crop.json
mujhe app ka complete walkthrough chahiye.,general,general.json
soybean ki kheti kab karni chahiye?,crop,crop.csv
जैसलमेर मंडी भाव,market,market.json
जिला कृषि कार्यालय,government,government.json
moong seed sowing time rajasthan mein kab hai,seed,seed.csv
सामान्य जानकारी,general,general.json
hi bhai pranam ji,greeting,greeting.csv
क्या आज बारिश की वजह से दवा नहीं डालनी चाहिए,weather,weather.json
show my soil report,soil,soil.json
kinnowmandarin,crop,crop.json
आज मौसम में उमस रहेगी क्या,weather,weather.json
म्हारा खेत खातर जीरो ठीक रहसी के सरसों?,crop,crop.json
म्हाने ईकेवाईसी करवाणी है।,government,government.json
कीट पहचान,pest,pest.json
kya tum mujhe is app ka complete tour de sakte ho?,general,general.json
प्राकृतिक खेती,government,government.json
brinjal,crop,crop.json
मेरी गेहूं में ब्राउन रस्ट रोग आ गया है,disease,disease.csv
desert soil,soil,soil.json
म्हाने बीमा क्लेम करनो है।,government,government.json
खम्मा घणी सा म्हारा भाई,greeting,greeting.json
मिली बग का प्रकोप,pest,pest.csv
beawar,crop,crop.json
आवक,market,market.json
म्हाने रोग रो नाम बतावो।,disease,disease.json
mhane atal pension yojana samjhavjo.,government,government.json
kisan pension yojana rajasthan ke liye apply kaise karein,government,government.csv
"राम राम सा, म्हारी फसल में काई रोग लाग गयो?",disease,disease.json
म्हारे खेत री मिट्टी में सल्फर री कमी है के डालूं?,soil,soil.csv
help me select a profitable farming option.,crop,crop.json
september me kya ugaye,crop,crop.json
change name,general,general.json
मंडी में फसल बेचने के लिए कौन से दस्तावेज चाहिए,market,market.json
पत्तियों पर भूरे धब्बे दिखाई दे रहे हैं।,disease,disease.json
महिला किसानों के लिए सरकारी योजना,government,government.json
ಯೂರಿಯಾ ಎಷ್ಟು ಹಾಕಬೇಕು,fertilizer,fertilizer.json
multiple image diagnosis,disease,disease.json
heatresistant,crop,crop.json
jai shri ram bhai aaj ka din shubh ho,greeting,greeting.csv
फसल,market,market.json
spraying weather,weather,weather.json
"राम राम सा, म्हारी फसल में रोग है के कीड़ो?",disease,disease.json
वर्षा,weather,weather.json
climate update,weather,weather.json
म्हाने आज सिंचाई करणी चाहिए के,soil,soil.json
भूरा,disease,disease.json
मैं चाहता हूँ कि यह ऐप मेरी खेती का रोज़ का साथी बने।,general,general.json
scheme apply,government,government.json
मुझे अभी फसल बेचनी चाहिए या कुछ दिन रुकना चाहिए,market,market.json
मंडी में काई चाल रयो है,market,market.json
plant health diagnosis,disease,disease.json
म्हारा पौधा में काई दिक्कत है?,disease,disease.json
क्या इस फसल पर एमएसपी मिलती है,market,market.json
किसान क्रेडिट कार्ड का ब्याज माफ होता है क्या,government,government.csv
result verify karo,disease,disease.json
resend otp,general,general.json
nearest mandi from my village kahan hai,market,market.csv
amazing,general,general.json
mhane madhumakhi palan ri subsidy joie.,government,government.json
temperature in my village,weather,weather.json
মণ্ডী,market,market.json
mhane pm matsya sampada yojana samjhavjo.,government,government.json
meri crop yellow ho gayi,disease,disease.json
bajra disease detection,disease,disease.json
म्हारा खेत खातर जीरो बढ़िया रहसी?,crop,crop.json
म्हारी मिट्टी में पानी सोखने की क्षमता कम है,soil,soil.csv
माती परीक्षणाचा निकाल सांगा,soil,soil.json
pesticide ka naam batao,disease,disease.json
"groundnut mein tikka disease ho gayi hai, kya karein?",disease,disease.json
क्या मेरी मिट्टी सरसों की खेती के लिए उपयुक्त है?,crop,crop.json
गोगाजी महाराज रो आशीर्वाद रहे,greeting,greeting.json
कीट नियंत्रण के लिए छिड़काव का समय,pest,pest.csv
इस पौधे में कौन सा रोग लगा है?,disease,disease.json
आयुष्मान कार्ड कैसे बनवाएं?,government,government.json
patta,government,government.json
के हाल सा हुकम,greeting,greeting.json
भाव पता,market,market.json
subsidy kaunsi hai,government,government.json
मूंग में पीला मोजेक दिखाई दे रहा है।,disease,disease.json
"म्हूं नया किसान हूँ, थूं धीरे-धीरे समझावजो।",general,general.json
ai से मेरी फसल की जांच करो।,disease,disease.json
क्या यह ai मेरी हर कृषि संबंधी समस्या का समाधान दे सकता है?,general,general.json
support,general,general.json
मेरे खेत में कौन सी नकदी फसल सफल रहेगी?,crop,crop.json
म्हारा पौधा में रोग पहचानो।,disease,disease.json
अलवर मंडी भाव,market,market.json
आज मौसम के अनुसार कृषि सलाह दीजिए,weather,weather.json
app update,general,general.json
"मेरी मिट्टी में लोहे की कमी है, पत्ते पीले हो रहे हैं",soil,soil.json
इस सप्ताह बारिश होगी,weather,weather.json
pm kisan correction kaise karein online,government,government.csv
crop choose karne me help karo,crop,crop.json
भाषा बदलो,general,general.json
methii,crop,crop.json
mhane government ri badhi agriculture missions batavo.,government,government.json
mixedcrop,crop,crop.json
म्हाने मंडी में बेचण री सलाह देवो,market,market.json
kem cho mitra,greeting,greeting.json
गैलरी,general,general.json
fertilizer subsidy,government,government.json
फसल में कीट लाग्यो है,pest,pest.json
म्हारी फसल में अचानक सफेद मक्खी का हमला हो गया,emergency,emergency.csv
"मेरे खेत में दो बीघा जमीन है, कौन सी फसल सबसे ज्यादा फायदा देगी?",crop,crop.json
pm awas yojana,government,government.json
drought emergency mera khet sukh raha hai,emergency,emergency.csv
ploughing,crop,crop.json
मेरे खेत में बुवाई के समय कौन सी खाद डालें?,fertilizer,fertilizer.csv
म्हारी फसल में काई फफूंदी है?,disease,disease.json
म्हारी फसल में खाद कितणी डालूं,fertilizer,fertilizer.json
मंडी प्राइस,market,market.json
मेरे खेत में कौन सी फसल सबसे ज्यादा लाभ दे सकती है यदि पानी सीमित हो?,crop,crop.json
लाल मिट्टी,soil,soil.json
odop,government,government.json
kisan yojana,government,government.json
crop recommend karo,crop,crop.json
मेरी मिर्च में फाइटोफ्थोरा ब्लाइट है क्या करूं?,disease,disease.csv
मेरे खेत की मिट्टी में जल निकास कैसा है,soil,soil.json
cropbelt,crop,crop.json
आर्द्रता,weather,weather.json
जीरे का सबसे अच्छा बीज कौन सा है,seed,seed.csv
थारो हाल के है,greeting,greeting.json
how do i recover my raj kisan account?,government,government.json
gallery kholo,general,general.json
"म्हारा खेत रेतीलो है, कौनसी फसल जमसी?",crop,crop.json
customer care,general,general.json
फसल बीमा के लिए कौन-कौन से दस्तावेज चाहिए?,government,government.json
is week barish hogi kya mere gaon mein,weather,weather.csv
khamma ghani pragati,greeting,greeting.json
मेरे खेत के लिए खेती की सलाह दीजिए।,crop,crop.json
how do i complete ekyc for pm kisan yojana?,government,government.json
pm kisan yojana ka registration kaise kare?,government,government.json
silkworm scheme,government,government.json
पौधे की बीमारी पहचान कर बताओ।,disease,disease.json
डैशबोर्ड,general,general.json
तेज हवा से फसल कैसे बचाएं,weather,weather.json
इसबगोल का भाव,market,market.json
explain raj kisan portal in detail.,government,government.json
pm garib kalyan yojana,government,government.json
glad to see you,greeting,greeting.json
root rot,disease,disease.json
बीमा की राशि कब मिलेगी?,government,government.json
अपणो ख्याल राखजो,greeting,greeting.json
kekri,crop,crop.json
सरकारी सब्सिडी बताओ,government,government.json
म्हारा खेत में कितनी दवाई डालूं?,disease,disease.json
rog,disease,disease.json
crop,crop,crop.json
सर्च,general,general.json
jeera sukh raha hai,disease,disease.json
राजस्थान में नई कृषि योजना 2024 कौन सी है,government,government.csv
shubh prabhat bhai sahab,greeting,greeting.csv
किस दिन खेत में काम करना सही रहेगा,weather,weather.json
म्हाने पूरी जानकारी आसान भाषा में समझावो सा।,general,general.json
दोबारा समझाओ,general,general.json
क्या हाल है,general,general.json
root rot treatment,disease,disease.json
कौनसी बाजार,market,market.json
sarso ki fali kharab ho rahi hai,disease,disease.json
namaskar sabhi kisan bhaiyon ko.,greeting,greeting.json
lightning forecast,weather,weather.json
pesticide,disease,disease.json
"राम राम सा, म्हारे खेत में कांई फसल बोवां?",crop,crop.json
help me save my crop,disease,disease.json
म्हाने केसीसी बनवाणो है,government,government.json
म्हारे खेत री मिट्टी में नमी कम है के करूं?,soil,soil.csv
kide ka naam batao,pest,pest.csv
फेर समझावो,general,general.json
ਮੇਰੀ ਮਿੱਟੀ ਦੀ ਰਿਪੋਰਟ ਸਮਝਾਓ,soil,soil.json
ਮਿੱਟੀ ਦਾ ph ਦੱਸੋ,soil,soil.json
vermicompost se soil health kaise improve hoti hai?,soil,soil.csv
मेवाड़ी चुनो,general,general.json
सपोर्ट,general,general.json
अभी बेचूं या रुकूं,market,market.json
good morning bhai khamma ghani,greeting,greeting.csv
आज हवा किस दिशा में चलेगी,weather,weather.json
farming,crop,crop.json
आज का मौसम किसानों के लिए कैसा रहेगा,weather,weather.json
मेरी मिट्टी में नाइट्रोजन की कमी है क्या,soil,soil.json
मुझे जानकारी दो,general,general.json
inspection,disease,disease.json
गलत जवाब,general,general.json
मंडी में भाव बढ़ेगा या घटेगा इस हफ्ते,market,market.csv
सरसों की जगह इस साल कौन सी दूसरी फसल लगाऊँ?,crop,crop.json
growing,crop,crop.json
retail market,market,market.json
blight,disease,disease.json
म्हारा खेत खातर सिंचाई री सलाह देवो,soil,soil.json
guar gum price today mandi mein,market,market.csv
yellow leaf disease,disease,disease.json
जलना,disease,disease.json
rhb173,crop,crop.json
pu30,crop,crop.json
pbw226,crop,crop.json
कृषि यंत्रीकरण योजना,government,government.json
crop protection from hail,weather,weather.json
मेरे खेत में मिट्टी परीक्षण रिपोर्ट कैसे पढ़ें?,soil,soil.csv
टमाटर में मकड़ी का जाला,pest,pest.csv
mujhe naye naye farming features ke baare me bhi batate rehna.,general,general.json
"khamma ghani sa, mharo naman sweekar karo.",greeting,greeting.json
इस ऐप में कितने सेक्शन हैं,general,general.csv
features batao,general,general.json
weather in my village,weather,weather.json
वर्तमान भाव,market,market.json
माटी सुधार किण करूं,soil,soil.json
rajasthan kisan yojana 2024 list batao,government,government.csv
कमजोर,disease,disease.json
help me decide the best crop for my farm.,crop,crop.json
pm kisan next installment release date kya hai,government,government.csv
कृषि योजना,government,government.json
mirch,crop,crop.json
healthy,disease,disease.json
isabgol,crop,crop.json
keedo ro upay batavo,pest,pest.json
मेरी पूरी फसल खराब हो गई,emergency,emergency.csv
"good evening, hope your entire day went really well.",greeting,greeting.json
इस हफ्ते बारिश का अनुमान है क्या,weather,weather.csv
khamma ghani,greeting,greeting.json
weather report,weather,weather.json
makayi,crop,crop.json
green manure,fertilizer,fertilizer.json
jhunjhunu,crop,crop.json
seed treatment ke liye kya use karein,seed,seed.csv
थूं रोज मारी खेती में किण-किण काम आवै?,general,general.json
should i spray pesticide today,weather,weather.json
मार्गदर्शन,general,general.json
खम्मा घणी सा सब्सिडी चाहिए,government,government.json
डेयरी योजना,government,government.json
म्हारे खातर सरकार काई अनुदान देवै?,government,government.json
tell me,general,general.json
"म्हारी फसल सूखती जा री है, कांई करूं?",disease,disease.json
थाने देख मन खुश हो गयो,greeting,greeting.json
ज्वार,crop,crop.json
منڈی,market,market.json
फसल बीमा क्लेम कैसे करें?,government,government.json
कपास में गुलाबी सुंडी,pest,pest.csv
soil type,soil,soil.json
ऐप में लाइट मोड कैसे करें,general,general.csv
थूं कांई करै,general,general.json
prevention,disease,disease.json
cropai,crop,crop.json
चना,crop,crop.json
दलाल,market,market.json
mosaic virus,disease,disease.json
shandar,general,general.json
how to use app,general,general.json
smart assistant,general,general.json
nice app,general,general.json
मुझे इस साल कौन सी फसल बोनी चाहिए?,crop,crop.json
बैटरी स्प्रेयर और पेट्रोल स्प्रेयर में कौन सा अच्छा है,machinery,machinery.csv
थारो खेत खातर काई फसल बढ़िया रहसी?,crop,crop.json
म्हारी फसल में जड़ गलन है।,disease,disease.json
बीकानेर मंडी भाव,market,market.json
what documents are required for pm kisan registration?,government,government.json
how to save infected plants,disease,disease.json
बाजरे के बाद कौन सी फसल बोनी चाहिए?,crop,crop.json
నేల పరీక్ష ఫలితాన్ని చెప్పండి,soil,soil.json
organic fertilizer kab aur kaise dena chahiye?,fertilizer,fertilizer.csv
सूक्ष्म सिंचाई योजना,government,government.json
तना काला पड़,disease,disease.json
urgent crop disease help,disease,disease.json
गेहूं में तना छेदक कीड़ा,pest,pest.csv
rhb121,crop,crop.json
कटाई,crop,crop.json
"मेरी मिर्च में फाइटोफ्थोरा ब्लाइट है, क्या करूं?",disease,disease.json
अपनी राय कैसे दें इस ऐप के बारे में,general,general.csv
analyze this plant image,disease,disease.json
mp3288,crop,crop.json
what is pragati ai,general,general.json
rice mein sheath blight disease ho gayi hai,disease,disease.csv
urgent crop diagnosis,disease,disease.json
bhilwara,crop,crop.json
स्प्रेयर पंप काम नहीं कर रहा क्या करूं,machinery,machinery.csv
accha laga,general,general.json
neem spray for pest control,pest,pest.csv
happy day,greeting,greeting.json
gahun,crop,crop.json
भाव दिखाओ,market,market.json
analyze uploaded image,disease,disease.json
सुप्रभात मित्र,greeting,greeting.json
आज रात का तापमान कितना रहेगा,weather,weather.json
राम राम भाई,greeting,greeting.json
maharashtra,market,market.json
आज जयपुर में बारिश होगी क्या,weather,weather.json
सॉइल हेल्थ कार्ड,government,government.json
charcoal rot problem,disease,disease.json
एक एकड़ खेत में कौन सी खेती सबसे लाभदायक रहेगी?,crop,crop.json
customer support,general,general.json
app update karna,general,general.json
urea ki matra per bigha kitni honi chahiye?,fertilizer,fertilizer.csv
application time,fertilizer,fertilizer.json
बीज की गुणवत्ता कैसे जांचें,seed,seed.csv
जायद,crop,crop.json
soil recommendation report,soil,soil.json
hal,crop,crop.json
रेट देखो,market,market.json
mustard disease detection,disease,disease.json
वायरस फैल गया है पूरे खेत में तुरंत उपाय बताओ,emergency,emergency.csv
kvk se training kaise milegi,government,government.json
मेरी मूंगफली में एस्परजिलस क्राउन रॉट है,disease,disease.csv
how to enable gps,general,general.json
सरसों की बुवाई के लिए बीज दर क्या है,seed,seed.csv
गिरदावरी,government,government.json
ye disease dangerous hai kya,disease,disease.json
main beginner hu isliye simple language me samjhana.,general,general.json
राज किसान पोर्टल में लॉगिन कैसे करें?,government,government.json
fir milte hain,general,general.json
म्हारा खेत में कदी फसल ठीक रहसी,crop,crop.json
म्हाने मंडी भाव बतावो,market,market.json
कल भाव बढ़सी के,market,market.json
सरकारी मंडी,market,market.json
सरकारी सहायता,government,government.json
पधारो सा,greeting,greeting.json
अगस्त में कौन सी खेती करना सही रहेगा?,crop,crop.json
म्हाने जमीन री पूरी सरकारी जानकारी देवो सा।,government,government.json
इस फोटो को देखकर बीमारी बताओ।,disease,disease.json
पीएम किसान का स्टेटस कैसे चेक करें?,government,government.json
सीकर मंडी भाव,market,market.json
खाता,government,government.json
तौल,market,market.json
explain my complete soil report,soil,soil.json
फसल चुनने में मदद करो,crop,crop.json
plantation,crop,crop.json
सरकारी सब्सिडी पर स्प्रिंकलर सेट कैसे मिलेगा,government,government.csv
smut disease treatment,disease,disease.json
किसान सम्मान निधि,government,government.json
hi pragati,greeting,greeting.json
raj kisan rajasthan,government,government.json
कृषि स्टार्टअप के लिए सरकार कौन-कौन सी सहायता देती है?,government,government.json
क्या मेरी मिट्टी में पर्याप्त नमी है,soil,soil.json
श्रीगंगानगर मंडी भाव,market,market.json
म्हूं पीएम किसान खातर योग्य हूँ के?,government,government.json
किसान के लिए सबसे अच्छी सरकारी सब्सिडी कौन सी है?,government,government.json
mere area me kaunsi crop chalti hai,crop,crop.json
जमाबंदी नकल,government,government.json
support center,general,general.json
कोटा मंडी रो भाव,market,market.json
क्या यह ऐप भविष्य में और नए फीचर भी जोड़ेगा?,general,general.json
प्रधानमंत्री कुसुम योजना के अंतर्गत सोलर पंप की सब्सिडी कैसे मिलेगी?,government,government.json
buy cumin,market,market.json
నా నేలలో ఏ పోషకం తక్కువగా ఉంది,soil,soil.json
hg870,crop,crop.json
गेहूं की बुवाई में बीज दर कितनी रखें,seed,seed.csv
clay soil,soil,soil.json
किसान रजिस्ट्री कैसे करें,government,government.json
म्हारे खेत खातर इस मौसम री सही फसल बतावो।,crop,crop.json
इस बीमारी को कैसे रोकें?,disease,disease.json
आज चने का भाव क्या चल रहा है,market,market.csv
जड़ काली पड़ गई है।,disease,disease.json
हिंदी चुनो,general,general.json
show disease confidence,disease,disease.json
म्हारे खेत खातर सबसे बढ़िया फसल गेहूं है के नहीं?,crop,crop.json
नमस्ते जी आज सिंचाई करनी है,greeting,greeting.csv
म्हारी फसल खातर काई करूं?,disease,disease.json
kaunsi fasal jyada profit degi,crop,crop.json
कम सिंचाई में अच्छी पैदावार देने वाली फसल कौन सी है?,crop,crop.json
fertility improvement,soil,soil.json
flowerstage,crop,crop.json
होम खोलो,general,general.json
gch4,crop,crop.json
medicinal crop,crop,crop.json
tomato price,market,market.json
पोटाश,fertilizer,fertilizer.json
co7,crop,crop.json
घणी राम राम,greeting,greeting.json
थारे खेत में काई फसल लाभ देसी?,crop,crop.json
सरकारी योजना बताइए,government,government.json
किसान रजिस्ट्री बनने के बाद मुझे किन सरकारी योजनाओं का लाभ मिल सकता है?,government,government.json
रेट पता,market,market.json
म्हाने भूल मत जाजो,greeting,greeting.json
azadurad1,crop,crop.json
analyze this crop image,disease,disease.json
फेर मिलांसा,general,general.json
gram panchayat,government,government.json
general information,general,general.json
helpline number kya hai pragati ai ka,general,general.csv
म्हारी मिट्टी में मैग्नीशियम री कमी है,soil,soil.csv
भूमि रिकॉर्ड,government,government.json
disease bahut fast fail raha hai,disease,disease.json
hg2-20,crop,crop.json
transplanter,crop,crop.json
म्हाने किसान योजना बतावो,government,government.json
ओलावृष्टि से पूरी फसल नष्ट हो गई मुआवजा कैसे मिलेगा,emergency,emergency.csv
म्हारा भाग खुल गया आज,greeting,greeting.json
visibility today,weather,weather.json
म्हाने हिंदी कर दो,general,general.json
open menu,general,general.json
प्रणाम,greeting,greeting.json
नमस्ते भाई राम राम सा,greeting,greeting.csv
धान में भूरा माहू,pest,pest.csv
cercospora leaf spot,disease,disease.json
ताजा भाव,market,market.json
productivity,crop,crop.json
direct benefit transfer,government,government.json
guaar,crop,crop.json
म्हाने यो ऐप रो पूरा फायदा उठावणो है।,general,general.json
show features,general,general.json
upchar,disease,disease.json
कृषि अनुदान,government,government.json
crop insurance claim karne ka tarika kya hai,government,government.csv
विल्ट,disease,disease.json
ਭਾਅ,market,market.json
किस व्यापारी को फसल बेचूँ,market,market.json
बाजरे में सिंचाई का सही समय क्या है,irrigation,irrigation.csv
मेरे टमाटर में बैक्टीरियल विल्ट आ गई है,disease,disease.csv
क्या आज ओलावृष्टि होगी,weather,weather.json
मक्का में पानी की जरूरत कब होती है,irrigation,irrigation.csv
recommend the most profitable crop for my farm.,crop,crop.json
मिट्टी की उर्वरता,soil,soil.json
म्हारा खेत खातर सरसों ठीक रहसी?,crop,crop.json
बेहतरीन,general,general.json
सूखना,disease,disease.json
मेरे खेत में पानी जमा हो जाता है क्या करूं,irrigation,irrigation.csv
which crop is suitable for sandy agricultural land?,crop,crop.json
म्हाने एग्रीस्टैक री जानकारी देवो।,government,government.json
ऑपरेशन ग्रीन्स,government,government.json
tractor subsidy rajasthan mein kaise milegi,machinery,machinery.csv
नमस्ते जी मेरी फसल में बीमारी लग गई है,greeting,greeting.csv
आज के मौसम के अनुसार खेती की सलाह दें,weather,weather.json
urad ki crop yellow ho gayi,disease,disease.json
crop emergency solution,disease,disease.json
मैं चाहता हूँ कि आप मेरे डिजिटल कृषि सलाहकार की तरह हमेशा मेरी खेती से जुड़े सवालों का सरल भाषा में जवाब दें।,general,general.json
main chahta hu ki tum meri farming life ko aasan bana do.,general,general.json
pasture,crop,crop.json
जीरे का भाव आगे बढ़ेगा या नहीं,market,market.json
leaf photo detect karo,disease,disease.json
quail farming,government,government.json
all plants are infected,disease,disease.json
cooperative department,government,government.json
weathercrop,crop,crop.json
how to apply npk fertilizer,fertilizer,fertilizer.json
jai hind bhai jai shri ram,greeting,greeting.csv
बारिश कम हो तो कौन सी फसल बोनी चाहिए?,crop,crop.json
gps लोकेशन कैसे ऑन करें,general,general.csv
मेरी मिट्टी के अनुसार कौन सी खाद डालूँ,soil,soil.json
आज बिजली गिरने का खतरा है क्या,weather,weather.csv
mp4010,crop,crop.json
best crop for small land holding,crop,crop.json
शुभ संध्या,general,general.json
बीज बोने से पहले खेत कैसे तैयार करें,seed,seed.csv
is it disease or pest,disease,disease.json
dbt agriculture,government,government.json
february crop suggestion,crop,crop.json
can you help me with farming,general,general.csv
explain national bamboo mission.,government,government.json
leaf edges are drying,disease,disease.json
आवो जी आवो,greeting,greeting.json
आज मौसम का पूर्वानुमान बताओ,weather,weather.json
can i spray today,weather,weather.json
ताजा,market,market.json
photo check,disease,disease.json
बंद करो,general,general.json
ओले पड़ेंगे क्या,weather,weather.json
മണ്ണ് വരണ്ടിരിക്കുന്നു,soil,soil.json
long time friend,greeting,greeting.json
रबी की फसल,crop,crop.json
black soil,soil,soil.json
तने पर काले धब्बे हैं।,disease,disease.json
organic treatment batao,disease,disease.json
please tell me how to download my land records and bhu naksha from the government portal.,government,government.json
आज सुबह तक ठीक थी अब पूरी फसल खराब हो गई।,disease,disease.json
कारण,disease,disease.json
आज सूरज कितने बजे निकलेगा,weather,weather.json
can you explain the complete workflow of this application?,general,general.json
बाजार में काई भाव है,market,market.json
aadhar update,government,government.json
sprout,crop,crop.json
मूंग मंडी भाव,market,market.json
best tractor brand for small farmers in rajasthan,machinery,machinery.csv
yellow leaf,disease,disease.json
analysis,disease,disease.json
हेल्पलाइन नंबर क्या है,general,general.csv
जन सेवा केंद्र,government,government.json
cutting,crop,crop.json
will market prices rise next week,market,market.json
cash crop suggest karo,crop,crop.json
ईकेवाईसी,government,government.json
plant weak,disease,disease.json
बैक्टीरिया,disease,disease.json
spot,disease,disease.json
mutation status kaise dekhe,government,government.json
आज भाग खुल गया,greeting,greeting.json
मेरी मूंग की फसल में पत्ती मोड़क रोग है,disease,disease.csv
तिनका,crop,crop.json
micronutrient deficiency kaise pahchanen aur theek karein?,soil,soil.csv
कम लागत वाली खेती,crop,crop.json
म्हारी मिट्टी,soil,soil.json
घणी खम्मा सा,greeting,greeting.json
mhane kheti khatar kai kai subsidy mil sake?,government,government.json
तारबंदी योजना,government,government.json
15 दिन का मौसम,weather,weather.json
अभी दाम,market,market.json
चना कटने के बाद कौन सी फसल बोऊँ?,crop,crop.json
e mitra,government,government.json
खम्मा घणी भाईसा,greeting,greeting.json
सिंचाई के लिए नहर का पानी कब आएगा,irrigation,irrigation.csv
perfect hai,general,general.json
कीटनाशक,disease,disease.json
virus outbreak ho gaya hai khet mein kya karein,emergency,emergency.csv
"राम राम सा, म्हाने किसान रजिस्ट्री करवाणी है।",government,government.json
solar pump,government,government.json
মাটির ph কত,soil,soil.json
चारा,crop,crop.json
गर्मी में फसल को ज्यादा पानी चाहिए क्या,irrigation,irrigation.csv
mite attack on crop,pest,pest.csv
इस रोग का घरेलू इलाज बताइए।,disease,disease.json
મારે ખાતર જોઈએ,fertilizer,fertilizer.json
apmc,market,market.json
जीरे के पौधे सूखकर गिर रहे हैं।,disease,disease.json
ram ram sa,greeting,greeting.json
is it a good time to sell cumin,market,market.json
disease photo kaise bhejein ai ko,general,general.csv
गेहूं में सफेद चूर्ण जैसा दिखाई दे रहा है।,disease,disease.json
दूसरी खाद कब डालनी चाहिए,fertilizer,fertilizer.json
digital india,government,government.json
मुझे नकदी फसल की सलाह दीजिए।,crop,crop.json
मेरी फसल में खाद डालने का सही समय क्या है?,fertilizer,fertilizer.csv
राम राम भाई jai shri ram,greeting,greeting.csv
which agriculture subsidy can i apply for right now?,government,government.json
weather in my district,weather,weather.json
rust disease,disease,disease.json
मूंग की पत्तियां पीली हो रही हैं।,disease,disease.json
i am a woman farmer and i want complete information about all government schemes available for me.,government,government.json
which fungicide is effective,disease,disease.json
farmerchoice,crop,crop.json
cumin price,market,market.json
म्हारी पूरी खेती खराब हो री है।,disease,disease.json
सरसों की फलियों पर रोग लग गया है।,disease,disease.json
mujhe naye features ke baare me bhi batate rehna.,general,general.json
म्हने अच्छी पैदावार वाली फसल बतावो।,crop,crop.json
what are the latest government schemes for farmers?,government,government.json
व्यापारी,market,market.json
मेथी का बीज कब और कैसे बोएं,seed,seed.csv
म्हारी फसल में psb कल्चर कद डालणो चाहिए?,fertilizer,fertilizer.csv
ram ram bhai,greeting,greeting.json
rajmash,crop,crop.json
groundnut price,market,market.json
thunderstorm,weather,weather.json
मारवाड़ी चुनो,general,general.json
रात को सिंचाई करना सही है क्या,irrigation,irrigation.csv
कीटनाशक दवाई बताओ,pest,pest.csv
please help,general,general.json
ayushman card registration,government,government.json
open app,general,general.json
weather forecast for today,weather,weather.json
leaf spot disease batao,disease,disease.json
urgent dawa,disease,disease.json
म्हाने फसल बेचणी है,market,market.json
hi madam ji,greeting,greeting.json
स्वस्थ,disease,disease.json
ମୋତେ ସାର ଦରକାର,fertilizer,fertilizer.json
spray,disease,disease.json
मेरे क्षेत्र का मौसम कैसा रहेगा,weather,weather.json
gch6,crop,crop.json
మండి,market,market.json
soil test kitne saal mein ek baar karwana chahiye?,soil,soil.csv
रेशम पालन योजना,government,government.json
म्हारी फसल रो भाव,market,market.json
sunset time,weather,weather.json
bajra leaf disease,disease,disease.json
root is black,disease,disease.json
कम समय में तैयार होने वाली लाभदायक फसल कौन सी है?,crop,crop.json
भूमि स्वामित्व कैसे जांचें,government,government.json
hello smart farmer,greeting,greeting.json
चना या गेहूं,crop,crop.json
crop me fungus lag gaya,disease,disease.json
अगले सप्ताह बारिश,weather,weather.json
अगर मुझे बार-बार मदद की ज़रूरत पड़े तो क्या मैं हर बार आपसे पूछ सकता हूँ?,general,general.json
मेरी फसल बेचने के लिए सबसे अच्छी मंडी कौन सी है,market,market.csv
आज बादल रहेंगे क्या,weather,weather.json
म्हाने समझ कोनी आयो,general,general.json
powder wali fungus,disease,disease.json
मुझे समझ नहीं आ रहा क्या करूँ।,disease,disease.json
gehun,crop,crop.json
mere gaon ke weather ke hisab se crop batao,crop,crop.json
चने की फसल में पानी कितनी बार देना है,irrigation,irrigation.csv
ग्वार,crop,crop.json
recommend a crop for semi-arid regions.,crop,crop.json
बीज उपचार के लिए ट्राइकोडर्मा कैसे उपयोग करें,seed,seed.csv
मूंग या उड़द,crop,crop.json
which company developed pragati ai,general,general.csv
टिड्डी झुंड,pest,pest.json
namaste bhai good morning,greeting,greeting.csv
cashcropping,crop,crop.json
farm forecast,weather,weather.json
म्हारी मिट्टी में केंचुए कम हैं के करूं?,soil,soil.csv
थारा गाँव में काई खेती चाले है?,crop,crop.json
farmer id,government,government.json
open dashboard,general,general.json
"ram ram sa, mhane mudra loan joie.",government,government.json
company details,general,general.json
patwari se jamabandi kaise nikale,government,government.json
म्हारे गांव में बारिश होसी के,weather,weather.json
fenugreek seed sowing method kya hai,seed,seed.csv
land registry,government,government.json
potassium,soil,soil.json
soil health card kya hota hai aur kaise milega?,soil,soil.csv
म्हाने यो ऐप रो हर फीचर उदाहरण सहित समझावो।,general,general.json
fasal mein keet ka hamla,pest,pest.json
blackgram,crop,crop.json
udad,crop,crop.json
म्हारी मिट्टी में ऑर्गेनिक मैटर बढ़ाने के लिए के करूं?,soil,soil.csv
"greetings to all farmers, may your fields always stay green.",greeting,greeting.json
welcome farmer,greeting,greeting.json
क्षतिपूर्ति,government,government.json
थांने लाख लाख राम राम,greeting,greeting.json
haldi,crop,crop.json
pest prevention tips,pest,pest.json
mahila farmer yojana,government,government.json
खम्मा घणी भाई सा,greeting,greeting.json
onion mein purple blotch disease ka attack hai,disease,disease.csv
scan this plant photo,disease,disease.json
mulching,crop,crop.json
फेर मिलां हुकुम,greeting,greeting.json
म्हारे खेत में ओला पड़सी के,weather,weather.json
"मेरे खेत में पिछले साल अजवाइन था, अब क्या बोऊं?",crop,crop.json
"ram ram sa, kheti badiya chale ehi dua hai.",greeting,greeting.json
meri fasal bachao,disease,disease.json
root rot disease,disease,disease.json
disease report,disease,disease.json
किसान रजिस्ट्री में ईकेवाईसी कैसे करें,government,government.json
makka,crop,crop.json
एआई,general,general.json
मुड़ना,disease,disease.json
मेरे खेत की मिट्टी में पानी कितना है,soil,soil.json
फसल बीमा का पैसा कब मिलेगा,government,government.csv
चित्तौड़गढ़ मंडी भाव,market,market.json
करणी माता री कृपा रहे,greeting,greeting.json
buy crop,market,market.json
i want to become an expert user of pragati ai.,general,general.json
सरसों के लिए कौन सा हाइब्रिड बीज अच्छा है,seed,seed.csv
ridge,crop,crop.json
रतुआ,disease,disease.json
previous page kholo,general,general.json
certifiedseed,crop,crop.json
horticulture,government,government.json
आज राजस्थान में कहाँ बारिश होगी,weather,weather.json
suggest a crop based on my farm conditions.,crop,crop.json
मेरी फसल में पोटाश की कमी है कितना डालूं?,fertilizer,fertilizer.csv
पीएम फसल बीमा,government,government.json
wheat mein flag smut disease aa gayi hai,disease,disease.csv
जीरे में फफूंदी दिखाई दे रही है।,disease,disease.json
प्रधानमंत्री किसान मानधन योजना,government,government.json
best crop for sandy soil in rajasthan?,crop,crop.csv
क्या अभी बेचने से अच्छा दाम मिलेगा,market,market.json
म्हारी फसल कमजोर पड़ गई।,disease,disease.json
nirai,crop,crop.json
नमस्ते,greeting,greeting.json
मेरी कपास में बोल वीविल का प्रकोप है,disease,disease.csv
म्हाने सब्सिडी चाहिए,government,government.json
थूं ऑनलाइन है,general,general.json
farmer registry id,government,government.json
"मेरे खेत में पिछले साल सौंफ था, अब क्या बोऊं?",crop,crop.json
"राम राम सा, म्हाने यो ऐप पूरी रीती सूं सीखणो है, म्हाने विस्तार सूं समझावो।",general,general.json
म्हारे खेत खातर सरकार काई सहायता देवै?,government,government.json
मुझे गाइड करो,general,general.json
trader,market,market.json
crop weather,weather,weather.json
wrong answer aaya to kaise report karein,general,general.csv
म्हारे खातर सिंचाई योजना काई है?,government,government.json
बूंद बूंद सिंचाई के बारे में बताओ,irrigation,irrigation.csv
बीज बोने का सही समय क्या है,seed,seed.csv
i need a buyer for my crop,market,market.json
मेरी मेथी में पाउडरी मिल्ड्यू हो गई है,disease,disease.csv
alsi,crop,crop.json
maximum temperature,weather,weather.json
म्हारा जीरा खराब हो रयो है।,disease,disease.json
tomato ke patte curl ho rahe hain kya bimari hai?,disease,disease.csv
എന്റെ മണ്ണ് പരിശോധിക്കൂ,soil,soil.json
aaj kitne baje barish hogi,weather,weather.csv
desert,crop,crop.json
आज मौसम साफ रहेगा क्या,weather,weather.csv
"मैं पहली बार इस ऐप का उपयोग कर रहा हूँ, कृपया मुझे शुरुआत से पूरी जानकारी दीजिए।",general,general.json
soil color,soil,soil.json
कितनी कीमत,market,market.json
please help me understand how i can get the maximum benefit from using this application every day.,general,general.json
biswa,crop,crop.json
bikaner farming suggestion,crop,crop.json
"म्हाने आज उपज बेचणी है, किण मंडी जाऊँ",market,market.json
crop selection,crop,crop.json
highyield,crop,crop.json
मेरे खेत में हल्की मिट्टी है कौन सी फसल उगाऊं?,crop,crop.csv
किसान पेंशन योजना,government,government.json
ai kitna accurate hai is app mein,general,general.csv
what's the temperature today,weather,weather.json
mhane agriculture infrastructure fund su loan levano hai.,government,government.json
आज खेती करूं या मौसम सुधरने का इंतजार करूं,weather,weather.json
saunph,crop,crop.json
mandi update,market,market.json
mhane ujjwala yojana ro labh joie.,government,government.json
ऐप जानकारी,general,general.json
pest attack on my crop,pest,pest.csv
same symptoms in entire field,disease,disease.json
traditional crop,crop,crop.json
शाम को बारिश होगी क्या,weather,weather.json
ugavu,crop,crop.json
how to protect crops from heavy rain,weather,weather.json
चारकोल रॉट से पौधे मर रहे हैं।,disease,disease.json
"i want complete information about apna khata, jamabandi and land records.",government,government.json
hi bhai jai shri krishna,greeting,greeting.csv
cutworm attack on seedlings,pest,pest.csv
crop danger me hai,disease,disease.json
किस फसल में ज्यादा उत्पादन है,crop,crop.json
म्हारा खेत में मूंग जमसी?,crop,crop.json
पत्ती रोग,disease,disease.json
"म्हारी मिट्टी में ph 8 से ज्यादा है, के करूं?",soil,soil.json
bimari fail gayi,disease,disease.json
groundnut mein tikka disease ho gayi hai kya karein?,disease,disease.csv
crop disease medicine,disease,disease.json
show app features,general,general.json
समझना,disease,disease.json
ber,crop,crop.json
grasshopper attack on field,pest,pest.csv
next crop,crop,crop.json
म्हारी फसल री जांच कर दो।,disease,disease.json
नया अकाउंट बनाने में दिक्कत आ रही है,general,general.csv
jaipur mandi mein aaj gehu ka bhav,market,market.csv
is barley better than wheat,crop,crop.json
how is crop grading done,market,market.json
suggest the best fertilizer,fertilizer,fertilizer.json
live mandi,market,market.json
agriculturefield,crop,crop.json
sahi answer,general,general.json
tell me today's weather,weather,weather.json
म्हारी खेती में काई खराबी है?,disease,disease.json
which crop is best for my farm?,crop,crop.json
क्या मेरी मिट्टी अम्लीय है या क्षारीय,soil,soil.json
tambaku,crop,crop.json
फसल कमजोर हो गई है।,disease,disease.json
gch10,crop,crop.json
बढ़िया जवाब,general,general.json
namaste ji fasal bima ke baare mein batao,greeting,greeting.csv
citronella,crop,crop.json
किसान क्रेडिट कार्ड के लिए कौन से कागज चाहिए,government,government.csv
recover,disease,disease.json
contact us,general,general.json
खसरा,government,government.json
watermelon,crop,crop.json
thiram se seed treatment kaise karein,seed,seed.csv
क्या तेज हवा में स्प्रे करना ठीक रहेगा,weather,weather.json
"mhane subsidy leni hai, kai karu?",government,government.json
drip irrigation mein filter kaise saaf karein,irrigation,irrigation.csv
is saal kaunsi fasal sabse profitable rahegi,crop,crop.json
आज अलवर का मौसम,weather,weather.json
mere area ke hisab se crop batao,crop,crop.json
म्हारी गेहूं री फसल में खाद री मात्रा बताओ,fertilizer,fertilizer.csv
म्हाने समीक्षा लिखणी है,general,general.json
spray advisory,weather,weather.json
सूखी फसल,disease,disease.json
आज फेर मिलणा हो गयो,greeting,greeting.json
म्हारे पौधा में बीमारी फैल गई।,disease,disease.json
भगवान थारी रक्षा करे,greeting,greeting.json
aaj aasman saaf hai ya badal hai,weather,weather.csv
म्हाने खाद कद डालणी चाहिए,fertilizer,fertilizer.json
फसल बीमा,government,government.json
mharo naam kai scheme me aave hai ke?,government,government.json
medicine,disease,disease.json
best crop according to rajasthan climate,crop,crop.json
जालोर मंडी भाव,market,market.json
how to use microphone,general,general.json
आवो चाय पीवो,greeting,greeting.json
इस हफ्ते गर्मी कितनी रहेगी,weather,weather.csv
scab disease,disease,disease.json
मेरे आलू में लेट ब्लाइट आ गई है तुरंत उपाय बताओ,disease,disease.csv
साप्ताहिक मौसम,weather,weather.json
मिर्च के पत्तों पर सफेद धब्बे आ गए हैं,disease,disease.csv
माल,market,market.json
बैसो हुकुम,greeting,greeting.json
"good morning everyone, have a great day.",greeting,greeting.json
greetings farmer,greeting,greeting.json
फसल का रंग बदल गया है।,disease,disease.json
national mission for sustainable agriculture,government,government.json
बेसल डोज क्या होती है,fertilizer,fertilizer.json
मेरी प्याज की फसल में पर्पल ब्लॉच रोग है,disease,disease.csv
राधे राधे,greeting,greeting.json
keet se fasal bachao,pest,pest.json
बचाव,disease,disease.json
बाजाररेट,market,market.json
म्हारी मिट्टी में नाइट्रोजन री कमी है पत्ते पीले हो रहे हैं,soil,soil.csv
आज मौसम किण रहसी,weather,weather.json
ram ram pragati,greeting,greeting.json
गर्मी के मौसम में कौन सी फसल बोनी चाहिए?,crop,crop.json
tractor servicing kitne ghante ke baad karwayein,machinery,machinery.csv
rajasthan farmer portal,government,government.json
पधार्या रो धन्यवाद,greeting,greeting.json
digital india services,government,government.json
bhav,market,market.json
म्हारा खेत में जल्दी पकण वाली फसल बतावो।,crop,crop.json
gehu ke baad kya boye,crop,crop.json
coldwave,crop,crop.json
पीले पत्ते रोग,disease,disease.json
बारिश का पूर्वानुमान सही है क्या,weather,weather.csv
म्हारी माटी किण सी है,soil,soil.json
laser leveller subsidy,government,government.json
थांरो भलो होवे,greeting,greeting.json
mosaic virus identification,disease,disease.json
moisture,market,market.json
commercial crop,crop,crop.json
म्हाने कैमरो खोल दो,general,general.json
"hello my friend, hope you are having a great day.",greeting,greeting.json
भाव पता करना है,market,market.json
"main pehli baar is app ko use kar raha hu, mujhe bilkul basic se samjhao.",general,general.json
घणी मेहरबानी पधार्या,greeting,greeting.json
व्यस्त हो,general,general.json
आज की हवा की दिशा क्या है,weather,weather.json
कद फेर आओला,greeting,greeting.json
चना रो भाव बतावो,market,market.json
best seed company in india for wheat,seed,seed.csv
grainfill,crop,crop.json
नमी,weather,weather.json
soyacrop,crop,crop.json
मेरे खेत में कौन सी फसल सबसे जल्दी तैयार होगी?,crop,crop.json
"मेरे खेत में सिंचाई कम है, फिर भी अच्छी कमाई कैसे करूँ?",crop,crop.json
hello,general,general.json
थांरो दिन मंगलमय हो,greeting,greeting.json
म्हारी फसल में वायरस आ गयो।,disease,disease.json
november me kaunsi rabi crop hai,crop,crop.json
कम पाणी में काई फसल होसी?,crop,crop.json
कीट का प्रकोप कब होता है,pest,pest.json
दाग,disease,disease.json
meri fasal,crop,crop.json
market trend,market,market.json
कमाल,general,general.json
म्हारे खेत में अमोनियम सल्फेट कद डालणो चाहिए?,fertilizer,fertilizer.csv
kide ki dawai batao,pest,pest.csv
खतौनी कैसे निकालें,government,government.json
pbw550,crop,crop.json
म्हाने नया वर्जन चाहिए,general,general.json
nafed procurement kaise hoti hai,government,government.json
weather forecast for the next 5 days,weather,weather.json
क्या आज बारिश होगी,weather,weather.json
राष्ट्रीय बांस मिशन के अंतर्गत सब्सिडी कैसे मिलेगी?,government,government.json
बोरॉन,soil,soil.json
pantu31,crop,crop.json
baler machine se straw bale kaise banayein,machinery,machinery.csv
best spray batao,disease,disease.json
टमाटर में drip se paani dena chahiye ya nahi,irrigation,irrigation.csv
land ownership,government,government.json
पत्ती रोग पहचान,disease,disease.json
pm kisan eligibility criteria kya hai,government,government.csv
humidity today,weather,weather.json
loamysoil,crop,crop.json
नमस्ते भाई खेत कैसा है,greeting,greeting.csv
म्हारी माटी खराब हो गी,soil,soil.json
co6,crop,crop.json
जल्दी,disease,disease.json
"राम राम सा, म्हाने महिला किसान, डेयरी, एफपीओ अर स्टार्टअप री सारी सरकारी योजनां एक साथ समझावो।",government,government.json
nbhm,government,government.json
महिला किसान सब्सिडी,government,government.json
price prediction,market,market.json
म्हाने रिपोर्ट बतावो।,disease,disease.json
बीज,crop,crop.json
म्हारे खेत री मिट्टी में लवणता ज्यादा है के करूं?,soil,soil.csv
claim status,government,government.json
कुल्थी,crop,crop.json
कॉपर,soil,soil.json
jamabandi,crop,crop.json
can you explain all government schemes available for farmers?,government,government.json
मेरे गांव का मौसम अपडेट,weather,weather.json
म्हाने जयपुर मंडी रो भाव बतावो,market,market.json
नमस्ते किसान भाई,greeting,greeting.json
viral disease,disease,disease.json
जड़ों में सड़न दिखाई दे रही है।,disease,disease.json
jaldi ilaj,disease,disease.json
mhane badhi kisan yojana ri jankari ek sath devo.,government,government.json
free bijli yojana for farmers in rajasthan,government,government.csv
varuna,crop,crop.json
what is the humidity today,weather,weather.json
vegetative,crop,crop.json
येलो मोजेक वायरस से फसल बचाइए।,disease,disease.json
how to verify land ownership?,government,government.json
अगर आज तेज हवा चले तो क्या दवा का छिड़काव करूं,weather,weather.json
बच्चां ने प्यार देजो,greeting,greeting.json
तरबूज,crop,crop.json
म्हाने नई कृषि योजना समझावो।,government,government.json
common service center,government,government.json
alternaria lag gaya hai,disease,disease.json
आज कद सूं आवणा होया,greeting,greeting.json
aphid attack bahut bada hai sarson mein turant spray batao,emergency,emergency.csv
crop inspect,disease,disease.json
"मेरी मिट्टी का ph बहुत ज्यादा है, कैसे कम करूं?",soil,soil.json
leaf disease identify,disease,disease.json
विश्लेषण,disease,disease.json
कम लागत में अच्छी कमाई वाली फसल कौन सी है?,crop,crop.json
national agriculture market,government,government.json
hindi select karo,general,general.json
camera open karo,general,general.json
fertilizer timing,fertilizer,fertilizer.json
मिट्टी का उपचार,soil,soil.json
kem cho bhai,greeting,greeting.csv
"chilli mein bacterial wilt ho gayi hai, upay batao",disease,disease.json
मौसम,weather,weather.json
मेरे खेत के लिए लाभदायक खेती की सलाह दें।,crop,crop.json
भू नक्शा डाउनलोड कैसे करें,government,government.json
weather update for farming today,weather,weather.csv
mehndi,crop,crop.json
good evening ji jai hind,greeting,greeting.csv
इस रोग की संभावना कितनी है?,disease,disease.json
उड़द का भाव,market,market.json
sprayer nozzle band ho gayi hai kaise theek karein,machinery,machinery.csv
bayleaf,crop,crop.json
ମୋ ମାଟିରେ କେଉଁ ପୋଷକ କମ,soil,soil.json
cropcycle,crop,crop.json
आज अधिकतम तापमान कितना होगा,weather,weather.json
can you guide me,general,general.json
इंस्टॉल,general,general.json
heavy rain expected today,weather,weather.json
म्हारा खेत में रोग घणो फैल गयो।,disease,disease.json
"राम राम सा, म्हारे खेत में इस बार काई फसल बोवां?",crop,crop.json
महिला सब्सिडी,government,government.json
आधार लिंक,government,government.json
ड्रोन स्प्रेयर से दवाई कैसे छिड़कें,machinery,machinery.csv
app ke baare mein apni rai kaise dein,general,general.csv
seeding,crop,crop.json
"radhe radhe dost, sab badhiya rahe.",greeting,greeting.json
सिंचाई का शेड्यूल कैसे बनाएं,irrigation,irrigation.csv
बेचना भाव,market,market.json
म्हाने पीएम किसान रो लाभ कद मिलसी?,government,government.json
online,general,general.json
leaf turning brown,disease,disease.json
कैसे हो,general,general.json
tell me about the latest agriculture schemes.,government,government.json
क्या रेट,market,market.json
keet ki dawa batao,pest,pest.json
आज मंडी में सबसे ज्यादा बिक्री किस फसल की हो रही है,market,market.json
khatauni online kaise nikale,government,government.json
germinate,crop,crop.json
plant is infected,disease,disease.json
पंजाब,market,market.json
soil based fertilizer recommendation,soil,soil.json
सब्जी,crop,crop.json
मेडिसिनल क्रॉप,crop,crop.json
कौनसा रेट,market,market.json
gallery,general,general.json
yellow mosaic,disease,disease.json
cropcare,crop,crop.json
haath,market,market.json
सरसों में सफेद रतुआ फैल रहा है।,disease,disease.json
दलहन,crop,crop.json
आज चूरू का मौसम,weather,weather.json
जैविक तरीके से रोग कैसे ठीक करें?,disease,disease.json
water logging se fasal kaise bachayein,irrigation,irrigation.csv
पछेती झुलसा,disease,disease.json
राज किसान पोर्टल मं आवेदन कइसे करूं?,government,government.json
today weather forecast for my village,weather,weather.csv
हवा,weather,weather.json
line sowing,crop,crop.json
split application,fertilizer,fertilizer.json
हलचल,crop,crop.json
क्या यह गंभीर बीमारी है?,disease,disease.json
temperature today,weather,weather.json
कपास बेचनी है,market,market.json
monsoon update,weather,weather.json
राजस्थान किसान पोर्टल,government,government.json
डिजिटल किसान आईडी कैसे बनती है,government,government.json
mutation,government,government.json
अनुदान,government,government.json
district agriculture office,government,government.json
अपना नाम और जिला कैसे बदलें,general,general.csv
कीट सर्वेक्षण,pest,pest.json
म्हारे गांव रो 7 दिन रो मौसम,weather,weather.json
sprinkler set subsidy rajasthan apply kaise karein,government,government.csv
म्हारी उपज री ग्रेडिंग करावणी है,market,market.json
change language,general,general.json
हो गया,general,general.json
राज किसान पोर्टल का उपयोग कैसे करें?,government,government.json
थाने मिलके दिल खुश हो गयो,greeting,greeting.json
म्हारे खेत में कम पाणी में चालण वाली फसल बतावो।,crop,crop.json
wintercrop,crop,crop.json
मधुमक्खी पालन योजना,government,government.json
जय श्री हनुमान,greeting,greeting.json
आज हर घंटे का मौसम,weather,weather.json
growthstage,crop,crop.json
सरकारी योजना का स्टेटस ऑनलाइन कैसे देखें?,government,government.json
which crop is suitable for my farm this month?,crop,crop.json
मेरे खेत में इस बार सबसे ज्यादा कमाई किस फसल से होगी?,crop,crop.json
म्हारी फसल खराब हो री है।,disease,disease.json
kamai,crop,crop.json
kalonji,crop,crop.json
मिर्च के फल सड़ रहे हैं कौन सी बीमारी है?,disease,disease.csv
croppingseason,crop,crop.json
minimum support price for mustard 2024,market,market.csv
apna khata rajasthan,government,government.json
jeera price today in rajasthan,market,market.csv
pranam ji,greeting,greeting.json
म्हारा खेत रो रोग जांचो सा।,disease,disease.json
"राम राम सा, म्हारी फोटो देखो अने रोग बतावो।",disease,disease.json
घर बार ठीक ठाक सा,greeting,greeting.json
आज खाद डालनी चाहिए,weather,weather.json
थोड़ा विस्तार से बताओ,general,general.json
रेट जांचो,market,market.json
मेरे खेत की मिट्टी के लिए क्या सुझाव है,soil,soil.json
किसान आईडी,government,government.json
good job,general,general.json
spacing,crop,crop.json
mere khet ke hisab se crop suggest karo,crop,crop.json
म्हारा गांव में पधारो,greeting,greeting.json
डाउनी मिल्ड्यू का उपचार क्या है?,disease,disease.json
recommend cumin cultivation,crop,crop.json
mosaic virus lag gaya,disease,disease.json
"namaste ji, aapko dekhkar bahut accha laga.",greeting,greeting.json
white fungus disease,disease,disease.json
आज कूण व्यापारी चोखो भाव देवै,market,market.json
best crop for my soil,soil,soil.json
nutricereal,crop,crop.json
support se baat karni hai,general,general.json
क्या मेरे खेत की मिट्टी सूखी है,soil,soil.json
which subsidy can i apply for as a farmer?,government,government.json
నాకు ఎరువు కావాలి,fertilizer,fertilizer.json
भाई म्हारी सरसों री फसल में अल्टरनेरिया ब्लाइट लाग री है,disease,disease.csv
udaipur,crop,crop.json
उड़द रो आज रो रेट,market,market.json
আমার সার দরকার,fertilizer,fertilizer.json
soil organic matter,soil,soil.json
फंगस,disease,disease.json
startup india,government,government.json
आज रो भाव,market,market.json
options,general,general.json
custom hiring center,government,government.json
मेरे खेत में पानी की बर्बादी कैसे रोकें,irrigation,irrigation.csv
"मेरे खेत में सिंचाई की सुविधा कम है, कौन सी फसल सही रहेगी?",crop,crop.json
बारिश के बाद स्प्रे करना चाहिए क्या?,disease,disease.json
काई फसल ठीक रहसी,crop,crop.json
म्हारे खेत में भयंकर कीड़ा लग गयो है,emergency,emergency.csv
कपास में बॉलवर्म,pest,pest.json
soil information,soil,soil.json
मेरी फसल में नैनो यूरिया का छिड़काव कब करें?,fertilizer,fertilizer.csv
"म्हाने एग्रीस्टैक सूं काई-काई फायदा मिलसी, विस्तार सूं समझावो।",government,government.json
good evening ji aaj ki fasal kaisi rahi,greeting,greeting.csv
मेरे खेत में टिड्डी दल आ गया है,emergency,emergency.csv
yojana apply,government,government.json
रासायनिक खाद,fertilizer,fertilizer.json
म्हाने योजना रो स्टेटस देखणो है,government,government.json
म्हारा गेहूं में पीळो रतुआ है।,disease,disease.json
आज स्प्रे कर सकते हैं,weather,weather.json
exportquality,crop,crop.json
feature,general,general.json
farm crop,crop,crop.json
எனக்கு உரம் வேண்டும்,fertilizer,fertilizer.json
bajri,crop,crop.json
जोहार,greeting,greeting.json
recommend fertilizer based on soil report,soil,soil.json
डॉक्टर,disease,disease.json
weather alert,weather,weather.json
मूंग के पत्ते मुड़ रहे हैं।,disease,disease.json
कल्टीवेटर से खेत जोतने का तरीका बताओ,machinery,machinery.csv
duck farming,government,government.json
आज बाजार में क्या भाव है,market,market.json
पीएम किसान योजना के लिए पात्रता क्या है,government,government.csv
आपका नाम क्या है,general,general.json
best farming practices for my soil,soil,soil.json
ਮਿੱਟੀ ਵਿੱਚ ਨਮੀ ਕਿੰਨੀ ਹੈ,soil,soil.json
अगर मुझे इस ऐप का कोई फीचर समझ में नहीं आए तो मैं कहाँ से सहायता प्राप्त कर सकता हूँ?,general,general.json
weather in kota,weather,weather.json
co8,crop,crop.json
crop planning me help karo,crop,crop.json
इस सप्ताह मौसम कैसा रहेगा,weather,weather.json
"namaste ji, umeed hai aap swasth aur khush honge.",greeting,greeting.json
batao na,general,general.json
मेरे खेत में पिछले साल उड़द था अब क्या बोऊं?,crop,crop.csv
lok84,crop,crop.json
म्हारी फसल में कीड़े की दवाई क्या है,pest,pest.csv
plant diagnose karo,disease,disease.json
म्हाने रोग री पहचान करणी है।,disease,disease.json
"ram ram sa, mhari taraf su ghani ghani badhai ar ram ram.",greeting,greeting.json
बारिश में बीज बोना सही है क्या,weather,weather.csv
रेट,market,market.json
दिसंबर में कौन सी खेती सबसे अच्छी रहती है?,crop,crop.json
म्हारी उड़द पीळी पड़ गई।,disease,disease.json
अगले तीन दिन बारिश होगी क्या,weather,weather.json
मेरे खेत में पिछले साल अरहर थी अब क्या बोऊं?,crop,crop.csv
drumstick,crop,crop.json
पीएम कुसुम,government,government.json
आपात,disease,disease.json
is mustard a good crop this year,crop,crop.json
psyllium,crop,crop.json
black rot,disease,disease.json
pig farming,government,government.json
म्हाने लिखकर बात करनी है,general,general.json
ಮಣ್ಣು ಒಣಗಿದೆ,soil,soil.json
सीमांत किसानों के लिए कौन सी योजना है?,government,government.json
dbt,government,government.json
mhane badha government benefit samjhavjo.,government,government.json
यह रोग है या कीट का हमला?,disease,disease.json
aravali,crop,crop.json
जैव उर्वरक,fertilizer,fertilizer.json
आज नमी कितणी है,weather,weather.json
cropbusiness,crop,crop.json
online ho,general,general.json
good morning agrodhan,greeting,greeting.json
jaipur ke liye crop batao,crop,crop.json
म्हारा खेत में बीमारी फैल री है।,disease,disease.json
animal attack emergency meri fasal bachao,emergency,emergency.csv
uv index,weather,weather.json
keet prabandhan,pest,pest.json
what is the weather like tomorrow morning,weather,weather.csv
ssp single super phosphate ka dose kya hai?,fertilizer,fertilizer.csv
मैं कृषि स्टार्टअप शुरू करना चाहता हूँ। सरकार से कौन-कौन सी सहायता मिल सकती है?,government,government.json
ইউরিয়া কত দিতে হবে,fertilizer,fertilizer.json
म्हारी फसल में फफूंदी है के?,disease,disease.json
kulthi,crop,crop.json
मुझे सरकारी सहायता चाहिए,government,government.json
लहसुन,crop,crop.json
happy seeder subsidy,government,government.json
hello pragati team,greeting,greeting.json
भंडारण कहाँ करूँ,market,market.json
boyega,crop,crop.json
muskmelon,crop,crop.json
समर्थन मूल्य,market,market.json
claysoil,crop,crop.json
म्हाने खेती खातर सरकारी मदद चाहिए।,government,government.json
how hot is it today,weather,weather.json
भगवान थाने चिरंजीव राखे,greeting,greeting.json
gehu ka beej kitne saal tak store kar sakte hain,seed,seed.csv
ram ram kaka,greeting,greeting.json
bacterial infection hai,disease,disease.json
leaf,disease,disease.json
cropassistant,crop,crop.json
म्हारी फसल में पाउडरी मिल्ड्यू लाग गई।,disease,disease.json
दाम चेक,market,market.json
मेरे खेत में मूंगफली के लिए खाद की मात्रा बताओ,fertilizer,fertilizer.csv
फसल रोग इलाज,disease,disease.json
best crop for monsoon season,crop,crop.json
दोपहर में बारिश होगी क्या,weather,weather.json
"good evening sir, hope everything is going well.",greeting,greeting.json
fruitcrop,crop,crop.json
म्हारा खेत में रेती ज्यादा है,crop,crop.json
मंडी दाम,market,market.json
खम्मा घणी सा म्हारी बहिण,greeting,greeting.json
निराई,crop,crop.json
balui,crop,crop.json
protect,disease,disease.json
sc st farmer subsidy,government,government.json
ऑफलाइन,government,government.json
zameen,crop,crop.json
need a buyer for my crop,market,market.json
म्हारी माटी में पोटाश कम है,soil,soil.json
भाई म्हारे खेत में कौन सी फसल बोवां जो बाजार में अच्छे दाम मिलें?,crop,crop.csv
म्हारी फसल री पहचान सही करो।,disease,disease.json
bacterial blight ho gaya,disease,disease.json
charcoal rot,disease,disease.json
hi pragati team,greeting,greeting.json
राष्ट्रीय मधुमक्खी एवं शहद मिशन की पूरी जानकारी दीजिए।,government,government.json
म्हाने फोटो देखीने रोग बतावो।,disease,disease.json
म्हारा खेत खातर काई खेती बढ़िया रहसी?,crop,crop.json
bajra seed rate per bigha kitna hona chahiye,seed,seed.csv
recognize crop disease,disease,disease.json
प्रधानमंत्री आवास योजना के लिए आवेदन कैसे करें?,government,government.json
enam,market,market.json
how do i get dairy farming subsidy?,government,government.json
national horticulture mission,government,government.json
फसल बदलनी है,crop,crop.json
fertilizer subsidy ke liye kya karna padta hai,government,government.csv
अपना खाता,government,government.json
aaj barish ke baad khet mein jaana chahiye kya,weather,weather.csv
pm kisan ki next installment kab aayegi aur mera status kaise check karu?,government,government.json
ट्रैक्टर खरीदने पर सरकारी सब्सिडी कैसे मिलेगी?,government,government.json
groundnut price aaj ki mandi mein,market,market.csv
आवो हुकम,greeting,greeting.json
राजस्थान में मिनी ट्रैक्टर पर सब्सिडी है क्या,government,government.csv
current cumin mandi rate,market,market.json
फसल पोषण,fertilizer,fertilizer.json
थ्रेशर से गेहूं निकालने का तरीका बताओ,machinery,machinery.csv
क्या इस साल बाजरा बोना सही रहेगा या ग्वार?,crop,crop.json
benefit check,government,government.json
kaunsi dawa use karu,disease,disease.json
ram ram agrodhan,greeting,greeting.json
futurecrop,crop,crop.json
downy,disease,disease.json
pm kisan complaint kaise darj karein,government,government.csv
today's green gram price,market,market.json
म्हूं दूसरी फोटो भेजूं?,disease,disease.json
pratapgarh,crop,crop.json
चूरू मंडी भाव,market,market.json
बाजरो बोवां के जीरो?,crop,crop.json
how to verify otp,general,general.json
goat farming subsidy,government,government.json
smartfarmer,crop,crop.json
जयपुर जिले में कौन सी फसल अच्छी रहती है?,crop,crop.json
सब ठीक है,general,general.json
how can i update my aadhaar details in pm kisan?,government,government.json
turmeric,crop,crop.json
गेहूं की बालियां सूख रही हैं।,disease,disease.json
म्हारी फसल में झुलसो आ गयो।,disease,disease.json
mhane yojana ri jankari devo,government,government.json
cotton hybrid seed best variety rajasthan,seed,seed.csv
okra,crop,crop.json
namaste pragati,greeting,greeting.json
मैं अपनी फसल बेचने के लिए मंडी जाना चाहता हूँ,market,market.json
neem coated urea kya hota hai aur kab dena chahiye?,fertilizer,fertilizer.csv
नमस्ते किसान मित्र,greeting,greeting.json
मुर्गी पालन,government,government.json
future market price,market,market.json
बाजरे की पत्तियां लाल हो रही हैं।,disease,disease.json
मेरे खेत में मिट्टी की जांच रिपोर्ट में ec ज्यादा है,soil,soil.csv
csw39,crop,crop.json
natural farming,government,government.json
disease control ka best tarika,disease,disease.json
पीएम किसान की अगली किस्त कब आएगी,government,government.csv
agriculture loan interest rate government bank mein,government,government.csv
fasal bima ka benefit kya hai?,government,government.json
agronomy,crop,crop.json
show me the 7 day weather forecast,weather,weather.json
mothki,crop,crop.json
कृषि यंत्र मेले में कौन सी मशीनें मिलती हैं,machinery,machinery.csv
plant wilt,disease,disease.json
"jai shri ram mitra, aapka din mangalmay ho.",greeting,greeting.json
hello pragati assistant,greeting,greeting.json
rhb177,crop,crop.json
एनपीके,fertilizer,fertilizer.json
electrical conductivity,soil,soil.json
seeds,crop,crop.json
auction,market,market.json
कैल्शियम,soil,soil.json
tinka,crop,crop.json
सिस्टम,general,general.json
how can i apply for pm kisan through csc?,government,government.json
ripecrop,crop,crop.json
plant disease solution,disease,disease.json
monsoon forecast,weather,weather.json
sheep farming,government,government.json
मंडी देखो,market,market.json
मेरी फसल में खाद की कमी से क्या होता है?,fertilizer,fertilizer.csv
म्हारा खेत में उकठो रोग है।,disease,disease.json
bioseed,crop,crop.json
"hello brother, nice to meet you again.",greeting,greeting.json
dap aur urea mein kya fark hai?,fertilizer,fertilizer.csv
tomorrow rain probability in my district,weather,weather.csv
क्या ऐप हरियाणवी में भी काम करता है,general,general.csv
मंडी रेट,market,market.json
black rust identify karo,disease,disease.json
म्हारी फसल में रात को जानवर घुस गए सब खा गए,emergency,emergency.csv
profit wali farming suggest karo,crop,crop.json
where is the nearest warehouse,market,market.json
ऐप क्रैश हो रहा है बार बार,general,general.csv
farm yard manure,fertilizer,fertilizer.json
june me kharif crop batao,crop,crop.json
sell crop,market,market.json
कीट से फसल खराब हो रही है,pest,pest.json
म्हूं रोज थारो उपयोग करणा चाहूं।,general,general.json
थारा दर्शन हो गया,greeting,greeting.json
should i sell my mustard today or wait,market,market.json
म्हाने अपना खाता पोर्टल चलावणो सिखावो।,government,government.json
soil moisture kaise check karein?,soil,soil.csv
आज जयपुर मंडी में गेहूं का भाव क्या है,market,market.json
climatesmart,crop,crop.json
food processing subsidy,government,government.json
over irrigation se mitti kharab hoti hai kya,irrigation,irrigation.csv
soil health report,soil,soil.json
fym,fertilizer,fertilizer.json
प्रधानमंत्री कुसुम योजना,government,government.json
थारो नाम कांई है,general,general.json
pest resistant variety kaunsi hai,pest,pest.csv
ग्वार के पौधे सूख रहे हैं।,disease,disease.json
"main naya user hu, mujhe shuru se guide karo.",general,general.json
म्हाने खेती री सब्सिडी देवो।,government,government.json
काले धब्बे,disease,disease.json
घर पर तैयार होने वाला इलाज बताइए।,disease,disease.json
ram ram bhai aaj harvesting karni hai,greeting,greeting.csv
"whenever i ask a question, please answer in simple language that every farmer can understand.",general,general.json
म्हारी जमीन में नाइट्रोजन किण है,soil,soil.json
farmer registry aadhaar,government,government.json
राज किसान पोर्टल राजस्थान,government,government.json
रोग की रोकथाम कैसे करें?,disease,disease.json
gm2,crop,crop.json
sprouting,crop,crop.json
soiltype,crop,crop.json
प्रधानमंत्री कृषि सिंचाई योजना,government,government.json
म्हाने जल्दी इलाज बतावो सा।,disease,disease.json
foddersorghum,crop,crop.json
राजस्थान,market,market.json
seeddrill,crop,crop.json
डीएपी की सही मात्रा क्या है,fertilizer,fertilizer.json
hello ji aaj ka temperature kitna hai,greeting,greeting.csv
previous,general,general.json
banswara,crop,crop.json
ग्राम पंचायत से किसान योजना का लाभ कैसे मिलेगा?,government,government.json
आज मौसम का अलर्ट है क्या,weather,weather.json
scanner,disease,disease.json
हनुमानगढ़ मंडी भाव,market,market.json
is today suitable for harvesting,weather,weather.json
cropadvisorai,crop,crop.json
mhare khet me kya bovu,crop,crop.json
पट्टा,government,government.json
क्या अगले दो दिन खेत में काम करना सुरक्षित रहेगा,weather,weather.json
म्हारा मक्का में रोग है।,disease,disease.json
rate app,general,general.json
डेयरी फार्म खोलने के लिए कौन सी सरकारी योजना उपलब्ध है?,government,government.json
wind speed kitni hai aaj,weather,weather.csv
आज तो रौनक आगी,greeting,greeting.json
namaste ji,greeting,greeting.json
corn,crop,crop.json
can i sow seeds today,weather,weather.json
recommend mustard farming,crop,crop.json
app kaise use kare,general,general.json
push notification kaise on karein,general,general.csv
मिट्टी की नमी,soil,soil.json
what government schemes are available for farmers in india?,government,government.json
galat answer,general,general.json
वायरस,disease,disease.json
म्हने थारी याद आवे थी,greeting,greeting.json
mic se ai se kaise baat karein,general,general.csv
बैकअप,general,general.json
कल दोपहर में बारिश होगी क्या,weather,weather.json
"pranam ji, bhagwan aapne hamesha khush rakhe.",greeting,greeting.json
आज वायु गुणवत्ता कैसी है,weather,weather.json
म्हाने मेनू खोल दो,general,general.json
मेरे खेत में मैंगनीज सल्फेट कब और कितना डालें?,fertilizer,fertilizer.csv
सादर प्रणाम,greeting,greeting.json
ipm9901,crop,crop.json
tarbooj,crop,crop.json
इस बीमारी का नाम क्या है?,disease,disease.json
what crop should i cultivate after harvesting wheat?,crop,crop.json
"मेरे खेत में पिछले साल ईसबगोल था, अब क्या बोऊं?",crop,crop.json
इस बीमारी का इलाज क्या है?,disease,disease.json
what government schemes are available for farmers?,government,government.json
म्हारी मूंगफली री फसल में कॉलर रॉट लाग री है,disease,disease.csv
आवता रहजो सा,greeting,greeting.json
"मेरी मिट्टी में कैल्शियम की कमी है, क्या करूं?",soil,soil.json
jeera ki crop mar rahi hai,disease,disease.json
"मेरे खेत में पिछले साल उड़द था, अब क्या बोऊं?",crop,crop.json
musterd,crop,crop.json
is my soil acidic,soil,soil.json
sell produce,market,market.json
please explain the complete process of registering an fpo and the benefits provided by the government.,government,government.json
neemkathana,crop,crop.json
recommend a drought resistant crop.,crop,crop.json
सिंचाई के लिए बिजली कब मिलेगी,irrigation,irrigation.csv
keede maar dawai,pest,pest.json
कीट नियंत्रण का समय,pest,pest.csv
guarfasal,crop,crop.json
mharo,crop,crop.json
किण मंडी में जावूं,market,market.json
medicine dosage for crop disease,disease,disease.json
which medicinal crop is profitable in rajasthan?,crop,crop.csv
government se financial help kaise milegi?,government,government.json
मंडी दिखाओ,market,market.json
आर्थिक क्षति स्तर,pest,pest.json
fieldwork,crop,crop.json
घणा दिनां पाछै दिख्या,greeting,greeting.json
म्हारी मिट्टी में सल्फर री कमी है के उपाय करूं?,soil,soil.csv
म्हाने अच्छी आमदनी वाली फसल बतावो।,crop,crop.json
मेरे खेत में मिट्टी परीक्षण कब करवाना चाहिए?,soil,soil.csv
बेलर मशीन से पुआल कैसे बनाएं,machinery,machinery.csv
sawai madhopur me kya boya jaye,crop,crop.json
hourly wind forecast,weather,weather.json
when will monsoon arrive,weather,weather.json
pm kisan beneficiary status kaise check karein,government,government.csv
pranam bharat ke annadataon ko.,greeting,greeting.json
म्हारा गांव रो मौसम,weather,weather.json
precisionagriculture,crop,crop.json
शुरुआती किसान के लिए कौन सी फसल सबसे अच्छी है?,crop,crop.json
लाभ,government,government.json
आज फेर बात होई,greeting,greeting.json
rgc1055,crop,crop.json
rice mein tungro virus disease ho gayi hai,disease,disease.csv
क्या यह ब्राउन रस्ट है?,disease,disease.json
म्हने थारी याद आवती,greeting,greeting.json
aloo,crop,crop.json
बुवाई बताओ,crop,crop.json
म्है सरकार सूँ मदद लेणी चाहूँ।,government,government.json
बादल छाए रहेंगे,weather,weather.json
खतौनी,government,government.json
सावन के महीने में कौन सी फसल बोनी चाहिए?,crop,crop.json
पशुपालन,government,government.json
evening weather,weather,weather.json
sundi patte kha rahi hai,pest,pest.json
आज इसबगोल का भाव क्या है,market,market.csv
टोंक मंडी भाव,market,market.json
csw21,crop,crop.json
म्हारा खेत में कम पाणी सूं काई फसल जमसी?,crop,crop.json
मुझे तुरंत समाधान चाहिए।,disease,disease.json
निवारण,disease,disease.json
farmercrop,crop,crop.json
राजस्थान का मौसम पूर्वानुमान,weather,weather.json
khasra number kaise dekhe,government,government.json
रेट जानना,market,market.json
can you guide me every day whenever i need farming assistance?,general,general.json
ergot,disease,disease.json
मानसून कब शुरू होगा,weather,weather.json
pantmoong5,crop,crop.json
दवा,disease,disease.json
weather warning,weather,weather.json
chana mein wilt disease aa gayi hai upay batao,disease,disease.csv
when should i apply urea,fertilizer,fertilizer.json
यूरिया कितनी मात्रा में डालें,fertilizer,fertilizer.json
suggest a crop for sawai madhopur.,crop,crop.json
plant,disease,disease.json
ayushman bharat,government,government.json
crop for low rainfall,crop,crop.json
rog fail raha hai kya karu,disease,disease.json
मेरी मक्का में फॉल आर्मीवर्म का भयंकर हमला है,emergency,emergency.csv
ड्रिप सिंचाई सब्सिडी,government,government.json
good,general,general.json
मंडी अपडेट,market,market.json
ipm4103,crop,crop.json
मुर्गी पालन योजना,government,government.json
immediate crop rescue needed please help me now,emergency,emergency.csv
म्हाने व्यापारी सूं मिलवाओ,market,market.json
cropmapping,crop,crop.json
hello ai,greeting,greeting.json
जय भोलेनाथ,greeting,greeting.json
म्हारी फसल ओलावृष्टि सूं खराब हो गई।,government,government.json
मेरे खेत में ड्रिप से खाद कैसे दें?,fertilizer,fertilizer.csv
kal ka mausam kaisa rahega,weather,weather.csv
mhane government ri rojgar yojana batavo.,government,government.json
hello dost,greeting,greeting.json
farm machinery,government,government.json
solution,disease,disease.json
haryanvi mein bhi kaam karta hai kya yeh app,general,general.csv
जीवाणुनाशक,disease,disease.json
bajrra,crop,crop.json
अगर मुझे किसी फीचर का उपयोग करना समझ में नहीं आए तो क्या आप हर स्टेप पर मेरी मदद करेंगे?,general,general.json
मेरी फसल की गुणवत्ता कैसे जांचें,market,market.json
म्हारी मिट्टी रो ph कितनो होणो चाहिए?,soil,soil.csv
gch8,crop,crop.json
cropdecision,crop,crop.json
बताओ,general,general.json
पत्ती धब्बा रोग,disease,disease.json
कपास या बाजरा,crop,crop.json
ईसबगोल,crop,crop.json
cotoncrop,crop,crop.json
agroadvice,crop,crop.json
fall armyworm ne poori maize fasal kha li hai,emergency,emergency.csv
म्हाने अपना खाता पोर्टल समझावो।,government,government.json
म्हारी मूंग बची जासी के?,disease,disease.json
pm matsya sampada registration,government,government.json
temperature drop hoga kya kal raat,weather,weather.csv
chat support,general,general.json
मंडी में भाव गिर रहा है क्या इस हफ्ते,market,market.csv
एग्रीस्टैक पर रजिस्ट्रेशन कैसे करें,government,government.json
foodgrain,crop,crop.json
ਮਿੱਟੀ ਦੀ ਉਪਜਾਊ ਸ਼ਕਤੀ ਕਿੰਨੀ ਹੈ,soil,soil.json
recommend wheat farming,crop,crop.json
pkvy,government,government.json
किसान दाम,market,market.json
how many sprays are needed,disease,disease.json
सरकारी लोन पर ब्याज दर कितनी है,government,government.csv
stock,market,market.json
pm kisan maandhan ka registration kaise kare?,government,government.json
barley,crop,crop.json
कैमरा,general,general.json
बाजरे में माहू कीड़ा लग गया है उपाय बताओ,disease,disease.csv
latest subsidy,government,government.json
कृषि मौसम,weather,weather.json
plant disease,disease,disease.json
थूं किसान आईडी बनावण रो तरीका बतावो।,government,government.json
मंडी में फसल बेचने का तरीका क्या है,market,market.csv
भूरे धब्बे,disease,disease.json
how do i check my crop insurance status?,government,government.json
meri fasal kamzor ho gayi hai,disease,disease.json
म्हारी माटी सुधारण रो उपाय बतावो,soil,soil.json
माटी रो इलाज बतावो,soil,soil.json
soil moisture report,soil,soil.json
bacteria,disease,disease.json
आज धूल भरी आंधी आएगी क्या,weather,weather.csv
pusaagrani,crop,crop.json
"म्हूं पहली बार स्मार्टफोन चलावूं हूँ, म्हाने आसान भाषा में समझावो।",general,general.json
क्या आप इस बीमारी की पहचान कर सकते हैं?,disease,disease.json
"म्हारे खेत में पिछले साल चना था, अब कांई बोवां?",crop,crop.json
फैलना,disease,disease.json
જમીન પરીક્ષણ રિપોર્ટ બતાવો,soil,soil.json
croprecommendation,crop,crop.json
rust,disease,disease.json
सरकारी योजना का लाभ लेने के लिए क्या करना होगा,government,government.csv
आज खेत जोतना ठीक रहेगा,weather,weather.json
live barley price,market,market.json
अवलोकन,disease,disease.json
मेरी मिट्टी में फास्फोरस की कमी है क्या करूं?,soil,soil.csv
राम राम मित्र,greeting,greeting.json
yojana information,government,government.json
interpret soil report,soil,soil.json
माटी री पूरी जानकारी देवो,soil,soil.json
namaste farmer,greeting,greeting.json
उगाना,crop,crop.json
latecrop,crop,crop.json
how to upload image,general,general.json
highreturncrop,crop,crop.json
कंबाइन हार्वेस्टर का किराया कितना है,machinery,machinery.csv
yellow rust ka treatment,disease,disease.json
"म्हाने थारी सलाह चाहिए, फसल कहाँ बेचूँ",market,market.json
mhane ghano anand ayo thane dekh ne.,greeting,greeting.json
पाला पड़ने से पहले क्या करें,weather,weather.csv
हार्वेस्टर मशीन कब बुक करें,machinery,machinery.csv
how to open dashboard,general,general.json
बारिश कितनी होगी,weather,weather.json
अनाज भाव,market,market.json
पत्तियां मुड़ने लगी हैं।,disease,disease.json
मेरे खेत की मिट्टी के अनुसार फसल सुझाइए।,crop,crop.json
agriculture market,market,market.json
म्हाने सही रोग बतावो।,disease,disease.json
फसल भाव,market,market.json
what features do you have,general,general.json
mujhe batao ki is app ka sabse important feature kaunsa hai.,general,general.json
mildew,disease,disease.json
any flood alert in my area,weather,weather.json
will this application continue to improve with new updates in the future?,general,general.json
एकलिंगनाथ जी री कृपा रहे,greeting,greeting.json
jeeru,crop,crop.json
best crop with less maintenance,crop,crop.json
high income crop suggest karo,crop,crop.json
soil report,soil,soil.json
"pranam kisan bhai, bhagwan aapki fasal hari bhari rakhe.",greeting,greeting.json
spray schedule for disease,disease,disease.json
आज धूप रहसी के,weather,weather.json
पास मंडी,market,market.json
cropsuggestion,crop,crop.json
sarsoji,crop,crop.json
राम राम सा दादा,greeting,greeting.json
disease,disease,disease.json
pm kisan ke liye kaun eligible hai?,government,government.json
best seed crop,crop,crop.json
hourly weather update,weather,weather.json
जल्दी फेर मिलां,greeting,greeting.json
blast disease,disease,disease.json
cultivation,crop,crop.json
भूमि रिकॉर्ड कैसे देखें,government,government.json
राज किसान पोर्टल पर सब्सिडी कैसे प्राप्त करें?,government,government.json
आज नमी कितनी है,weather,weather.json
gch7,crop,crop.json
how to login into raj kisan portal?,government,government.json
groundnutcrop,crop,crop.json
मेथी का भाव,market,market.json
block office,government,government.json
मधुमक्खी पालन योजना की पूरी जानकारी दीजिए।,government,government.json
बैसोजी,greeting,greeting.json
hi ai,greeting,greeting.json
"hello my friend, wishing you happiness and success.",greeting,greeting.json
guide me through every subsidy that a farmer can apply for.,government,government.json
रोग से फसल कैसे बचाऊं?,disease,disease.json
मुझे किसान पेंशन योजना के लिए आवेदन करना है।,government,government.json
थारी जमीन खातर खेती रो सुझाव दो।,crop,crop.json
how do i check my farmer registry status?,government,government.json
क्या इस साल बाजरा बोना फायदेमंद रहेगा?,crop,crop.json
सरसों के पौधे छोटे रह गए हैं।,disease,disease.json
rotavator kaise use karte hain,machinery,machinery.csv
राज किसान पोर्टल,government,government.json
mere liye best crop decide karo,crop,crop.json
मेरी फसल में पानी की जरूरत है अभी,irrigation,irrigation.csv
माटी में काई कमी निकली,soil,soil.json
root decay problem,disease,disease.json
दाम पूछो,market,market.json
भाव जांचो,market,market.json
घणी मंडी खबर,market,market.json
namaste pragati,general,general.json
ram ram pragati ai,greeting,greeting.json
कृषि ऋण,government,government.json
थोक भाव,market,market.json
धान,crop,crop.json
ನನ್ನ ಮಣ್ಣಿನ ವರದಿ ವಿವರಿಸಿ,soil,soil.json
मिलके घणो आनंद आयो,greeting,greeting.json
पटवारी से जमाबंदी निकलवाने की प्रक्रिया बताइए।,government,government.json
जीरा खरीदना है,market,market.json
बीज को कीड़ों से कैसे बचाएं,seed,seed.csv
भाई म्हारे खेत में कौन सी फसल बोवां जो जैविक खेती में अच्छी हो?,crop,crop.csv
बीमारी फैलने से कैसे रोकें?,disease,disease.json
सही,disease,disease.json
what subsidy is available for poultry farming?,government,government.json
mandi bhav,market,market.json
crop for dry land,crop,crop.json
जीरे की फसल सूख रही है।,disease,disease.json
rain in my area,weather,weather.json
मूंग की फसल में धब्बे हैं।,disease,disease.json
"राम राम सा, सरकारी योजना",government,government.json
"राम राम सा, गेहूं में रतुआ लाग गयो।",disease,disease.json
लाभार्थी सूची,government,government.json
मुड़े पत्ते,disease,disease.json
mustard mein aphid ka bahut zyada attack hai,disease,disease.csv
tonk,crop,crop.json
how to enable microphone,general,general.json
कोटा मंडी में सोयाबीन का ताजा रेट क्या है,market,market.json
fungal infection detected,disease,disease.json
mere farm ke liye sabse achhi crop kaunsi hai,crop,crop.json
म्हारी ग्वार में कांई रोग है?,disease,disease.json
आज शाम को तेज हवा चलेगी क्या,weather,weather.json
bug report kaise karein is app mein,general,general.csv
रोग की पहचान करो।,disease,disease.json
आयुष्मान भारत,government,government.json
is my soil dry,soil,soil.json
i want to know how farmer registry works and how it helps farmers receive government benefits.,government,government.json
sarso me white fungus aa gaya,disease,disease.json
म्हाने बीमा आवेदन भरनो है।,government,government.json
recheck disease prediction,disease,disease.json
खत कधी टाकावे,fertilizer,fertilizer.json
harvestercombine,crop,crop.json
राजस्थान में इस समय कौन सी फसल बोनी सबसे ज्यादा फायदेमंद रहेगी?,crop,crop.json
थूं मारा हर सवाल रो जवाब देवो।,general,general.json
please recommend the best government schemes according to my farming needs.,government,government.json
disease all over the farm,disease,disease.json
रेट दिखाओ,market,market.json
night weather forecast,weather,weather.json
thresher machine maintenance kaise karein,machinery,machinery.csv
latest,market,market.json
मेरे खेत में पिछले साल तिल था अब क्या बोऊं?,crop,crop.csv
sericulture,government,government.json
kya aaj fungicide spray kar sakte hain,weather,weather.csv
help,general,general.json
disease detect karo,disease,disease.json
म्हाने फार्मर आईडी चाहिए।,government,government.json
म्हारी माटी गीली है,soil,soil.json
"म्हारे खेत में पाणी ओछो है, काई खेती करूं?",crop,crop.json
khet,crop,crop.json
"मेरी फसल खराब हो गई है, क्या मुझे बीमा मिलेगा?",government,government.json
आज आवक,market,market.json
thank you bhai,general,general.json
chilli mein bacterial wilt ho gayi hai upay batao,disease,disease.csv
nafed,government,government.json
drip subsidy ka form kaise bhare?,government,government.json
रोग हमला,disease,disease.json
म्हाने सबसे भरोसेमंद मंडी बतावो,market,market.json
राष्ट्रीय कृषि विकास योजना,government,government.json
climatecrop,crop,crop.json
meri zameen ke hisab se fasal batao,crop,crop.json
खरीफ में कांई फसल ठीक रहसी?,crop,crop.json
म्हाने खेती री सलाह देवो।,crop,crop.json
canal water schedule kab aayega meri tehsil mein,irrigation,irrigation.csv
पशुपालन विभाग,government,government.json
जल धारण क्षमता,soil,soil.json
फसल में खाद की कमी से पौधे मर रहे हैं तुरंत बताओ,emergency,emergency.csv
आज तूफान का पूर्वानुमान बताओ,weather,weather.json
wheat mein powdery mildew disease aa gayi hai,disease,disease.csv
bovan,crop,crop.json
vermicompost,fertilizer,fertilizer.json
फसल बीमारी,disease,disease.json
meri crop virus se infected hai kya,disease,disease.json
गेहूं की पत्तियों पर धब्बे हैं।,disease,disease.json
pulse,crop,crop.json
मेरे खेत में नमी कितनी होनी चाहिए,irrigation,irrigation.csv
दवा कितनी मात्रा में डालनी चाहिए?,disease,disease.json
कपास,crop,crop.json
म्हारा खेत में कांई बोवूं,crop,crop.json
भाव निकालो,market,market.json
guar ki crop beemar hai,disease,disease.json
डिजिटल इंडिया की सेवाएं कैसे उपयोग करें?,government,government.json
"नई खेती शुरू करनी है, कौन सी फसल सही रहेगी?",crop,crop.json
एनपीके कब और कितना डालें,fertilizer,fertilizer.json
मानसून की वापसी कब होगी,weather,weather.csv
आज बेचना सही रहेगा,market,market.json
how do i apply for national beekeeping mission?,government,government.json
किसान डेटाबेस,government,government.json
greetings madam,greeting,greeting.json
gm6,crop,crop.json
liquid fertilizer,fertilizer,fertilizer.json
agroadvisor,crop,crop.json
"ram ram sa, bhagwan tharo bhalo kare.",greeting,greeting.json
क्या मेरी जमीन जीरे की खेती के लिए सही है?,crop,crop.json
serious disease attack,disease,disease.json
mealy bug attack,pest,pest.csv
csc se pm kisan registration kaise kare,government,government.json
"राम राम, राज किसान पोर्टल मं रजिस्ट्रेशन कइसे करूं?",government,government.json
प्याज के पत्ते मुड़ रहे हैं और पीले हो रहे हैं,disease,disease.csv
directseeding,crop,crop.json
कृषि यंत्र सब्सिडी,government,government.json
खेती सलाह,crop,crop.json
"म्हाने मोबाइल चलावणो ज्यादा अनुभव कोनी, थूं धीरे-धीरे समझावो।",general,general.json
क्या भाव बढ़ेंगे,market,market.json
आज आंधी आवसी के,weather,weather.json
जय मां भवानी,greeting,greeting.json
फसल की ग्रेडिंग कैसे होती है,market,market.json
नमस्कार,greeting,greeting.json
raj kisan portal me mobile number update kaise kare?,government,government.json
urgent help chahiye,disease,disease.json
मृत,disease,disease.json
आज उदयपुर में बारिश की संभावना है,weather,weather.json
आज मेरी फसल बेचने के लिए सबसे अच्छी मंडी कौन सी है,market,market.json
केंद्र सरकार की योजना बताओ,government,government.json
नागौर मंडी में जीरा का भाव,market,market.json
fungicide ka naam batao,disease,disease.json
म्हाने जोधपुर मंडी रो रेट बतावो,market,market.json
maximumyield,crop,crop.json
"explain the complete process of land mutation, jamabandi correction and land verification.",government,government.json
स्थिति,disease,disease.json
skill india training,government,government.json
राज किसान,government,government.json
downy mildew ka ilaj batao,disease,disease.json
क्या यह वायरस का संक्रमण है?,disease,disease.json
राम राम जी हुकुम,greeting,greeting.json
how to delete history,general,general.json
healthycrop,crop,crop.json
seasonplanning,crop,crop.json
barish ka pani fasal ke liye achha hai kya,weather,weather.csv
म्हाने आज ही फसल बेचणी है,market,market.json
waterlogging emergency meri fasal dub rahi hai,emergency,emergency.csv
grow,crop,crop.json
good morning ji,greeting,greeting.json
"मेरे खेत में पिछले साल ज्वार था, अब क्या बोऊं?",crop,crop.json
जवाब गलत आया तो क्या करूं,general,general.csv
स्थानीय मंडी,market,market.json
म्हाने होम पेज दिखावो,general,general.json
pu35,crop,crop.json
drip fertigation,fertilizer,fertilizer.json
what is today's mustard market price,market,market.json
will price increase,market,market.json
weather update,weather,weather.json
where can i buy wheat,market,market.json
म्हारी फसल रो उपचार जल्दी बतावो।,disease,disease.json
"राम राम, म्है किसान सूँ, म्हाने योजना बताओ।",government,government.json
म्हारा खेत में पानी पड़सी के,weather,weather.json
gm3,crop,crop.json
गेहूं या जौ,crop,crop.json
introduce yourself,general,general.json
rowsowing,crop,crop.json
महिला स्वयं सहायता समूह,government,government.json
आज श्रीगंगानगर मंडी में नरमा का भाव,market,market.csv
धान की रोपाई के बाद कितना पानी दें,irrigation,irrigation.csv
milk production,government,government.json
rog fail gaya,disease,disease.json
सूखी पत्तियां,disease,disease.json
tractor driving licence kaise banwayein,machinery,machinery.csv
मंडी बिक्री,market,market.json
mhane medicinal plant scheme ri puri jankari devo.,government,government.json
ऐप गाइड,general,general.json
hello ai assistant,greeting,greeting.json
emergency disease treatment,disease,disease.json
guar,crop,crop.json
मेरे खेत में आग लगी है फसल जल रही है,emergency,emergency.csv
काई चल रयो सा,greeting,greeting.json
कौन सी मंडी सबसे अच्छी है,market,market.json
टमाटर के पत्ते पीले पड़ रहे हैं कोई दवाई बताओ,disease,disease.csv
crop weak,disease,disease.json
जनाधार अपडेट,government,government.json
मिर्च में एन्थ्रेक्नोज रोग के लिए कौन सी दवाई डालें?,disease,disease.csv
animal husbandry infrastructure development fund,government,government.json
आज बुवाई करूं,weather,weather.json
weather advisory,weather,weather.json
म्हारी मेहनत बर्बाद हो जासी।,disease,disease.json
pest damage,pest,pest.json
purani chat kaise dekhein app mein,general,general.csv
फसल रोग दवाई,disease,disease.json
कड़ी धूप,weather,weather.json
good evening agrodhan,greeting,greeting.json
আমার মাটিতে কী ঘাটতি আছে,soil,soil.json
क्या यह अल्टरनेरिया ब्लाइट है?,disease,disease.json
ai disease detection,disease,disease.json
profile badalna,general,general.json
can you explain every feature in simple language so anyone can understand it easily?,general,general.json
pragati ai ke baare mein batao,general,general.csv
landtype,crop,crop.json
मक्का खरीदना है,market,market.json
क्या आज आंधी आएगी,weather,weather.json
mhane bakri palan ri sarkari yojana batavo.,government,government.json
म्हाने पीएम किसान रो स्टेटस देखणो है।,government,government.json
weather based farming advice,weather,weather.json
मक्का का भाव,market,market.json
identify mustard disease,disease,disease.json
should i apply fertilizer today,weather,weather.json
म्हारा पौधा बची जासी के?,disease,disease.json
ମାଟି ପରୀକ୍ଷା ରିପୋର୍ଟ ଦେଖାଅ,soil,soil.json
गेहूं का भाव msp से ज्यादा है क्या आज,market,market.csv
diagnose my crop,disease,disease.json
फ्री हो,general,general.json
दिल सूं नमस्कार,greeting,greeting.json
bio pesticide,pest,pest.json
black rot disease batao,disease,disease.json
म्हारे खेत में सब कुछ खत्म हो गया मदद करो,emergency,emergency.csv
show today's rajasthan mandi prices,market,market.json
drip irrigation kaise lagaye khet mein,irrigation,irrigation.csv
थारा घर सुख समृद्धि आवै,greeting,greeting.json
how to cure plant disease,disease,disease.json
बलुई,crop,crop.json
मक्का बेचनी है,market,market.json
sesam,crop,crop.json
आगला महीना बेचण खातर ठीक रहसी के,market,market.json
"hi pragati ai, nice to connect with you again.",greeting,greeting.json
बहुत बढ़िया,general,general.json
किसान क्रेडिट,government,government.json
टिड्डा फसल खा रहा है,pest,pest.csv
म्हारे खेत में काई बोवूं जिको खर्च कम आवे?,crop,crop.json
पौधा मर रहा,disease,disease.json
ghani,crop,crop.json
थूं मने स्मार्ट खेती सीखावता रहजो।,general,general.json
ऐप में बग रिपोर्ट कैसे करें,general,general.csv
मेरी अरहर में फाइटोफ्थोरा ब्लाइट है,disease,disease.csv
जानकारी,general,general.json
how to contact customer care,general,general.json
मंडी बंद है क्या,market,market.json
गेहूं में यूरिया कब और कितना डालें?,fertilizer,fertilizer.csv
म्हारी फसल का निदान करो।,disease,disease.json
mhane pmfme yojana ro form bharno hai.,government,government.json
गलत,general,general.json
म्हारे खेत में एक जई बीमारी फैल री है।,disease,disease.json
ram ram bhai khamma ghani sa,greeting,greeting.csv
keet se nuksan,pest,pest.json
cold wave,weather,weather.json
dryspell,crop,crop.json
आज मंडी में काई भाव है,market,market.json
how can i view my khata details?,government,government.json
raj1482improved,crop,crop.json
cold wave se fasal ko kaise bachayein,weather,weather.csv
language,general,general.json
cropincome,crop,crop.json
fog,weather,weather.json
soybean price,market,market.json
उड़द बोवां तो फायदो रहसी?,crop,crop.json
hd3086,crop,crop.json
canal water band ho gaya emergency irrigation kaise karein,emergency,emergency.csv
pm fasal bima yojana ke liye kya documents chahiye,government,government.csv
"मेरे खेत में पिछले साल सरसों थी, अब क्या बोऊं?",crop,crop.json
"म्हाने यो ऐप पूरी तरह सीखणो है, थूं साथ देवो।",general,general.json
root rot ho gaya,disease,disease.json
दोमट मिट्टी के लिए सबसे अच्छी फसल कौन सी होती है?,crop,crop.json
namaste bhai soil test karwana hai,greeting,greeting.csv
rice mein brown plant hopper ka attack ho gaya hai,disease,disease.csv
आज कृषि कार्य के लिए मौसम,weather,weather.json
micro irrigation,government,government.json
म्हारे मोबाइल नंबर ने अपडेट करनो है।,government,government.json
म्हाने फसल सुझाव दो,crop,crop.json
dbw222,crop,crop.json
otp verify,general,general.json
national beekeeping and honey mission,government,government.json
खरीद,market,market.json
npk कब डालें,fertilizer,fertilizer.json
meri crop me disease hai ya pest,disease,disease.json
mahu keeda gehu mein,pest,pest.json
wht,crop,crop.json
मौसम पूर्वानुमान,weather,weather.json
what disease is this,disease,disease.json
थारो खेत खातर काई खेती सही रहसी?,crop,crop.json
भिंडी,crop,crop.json
hi buddy,greeting,greeting.json
యూరియా ఎంత వేయాలి,fertilizer,fertilizer.json
raj kisan grant,government,government.json
bahut badhiya,general,general.json
"namaste dost, umeed hai aaj ka din bahut accha ja raha hoga.",greeting,greeting.json
म्हाने कृषि यंत्र अनुदान चाहिए।,government,government.json
गलन,disease,disease.json
प्रोफाइल खोलो,general,general.json
help me select the right crop.,crop,crop.json
बारिश के बाद खाद डालना सही है क्या,weather,weather.csv
no rain for 15 days crop dying emergency irrigation needed,emergency,emergency.csv
voice,general,general.json
क्या आप मुझे इस ऐप के हर सेक्शन का उपयोग वास्तविक उदाहरण के साथ समझा सकते हैं?,general,general.json
where can i sell my cumin,market,market.json
tell me about farmer producer organization.,government,government.json
agricultural weather advice,weather,weather.json
मंडी में ऑनलाइन बिक्री कैसे करें,market,market.csv
ek baar aur,general,general.json
सरसों खरीदनी है,market,market.json
बाढ़ आ गई है खेत में पानी भर गया,emergency,emergency.csv
थारी फसल लहरावै,greeting,greeting.json
loamy soil,soil,soil.json
can i irrigate my field today,weather,weather.json
म्हारा पौधा एक-एक करके मर रयो है।,disease,disease.json
how to control crop disease,disease,disease.json
पूरे खेत में बीमारी फैल गई है।,disease,disease.json
winter,crop,crop.json
प्रोफाइल फोटो कैसे लगाएं,general,general.csv
जीरा या धनिया,crop,crop.json
अगले सप्ताह स्प्रे करने के लिए सबसे अच्छा दिन कौन सा है,weather,weather.json
best wishes,greeting,greeting.json
रोटावेटर की चेन टूट गई है कैसे ठीक करें,machinery,machinery.csv
heal,disease,disease.json
seed ko nami se bachane ka tarika kya hai,seed,seed.csv
"म्हाने डेयरी, बकरी पालन, मुर्गी पालन अर मधुमक्खी पालन खातर सरकारी सहायता री पूरी जानकारी देवो।",government,government.json
leaf ko koi kha raha hai,disease,disease.json
how are you,general,general.json
उज्ज्वला योजना का लाभ कैसे मिलेगा?,government,government.json
yellow mosaic virus spreading in moong emergency help,emergency,emergency.csv
crop disease solution do,disease,disease.json
suggest a profitable crop for this season.,crop,crop.json
highest auction,market,market.json
seedspice,crop,crop.json
millet mission,government,government.json
please help my plants,disease,disease.json
रतुआ रोग का इलाज बताइए।,disease,disease.json
कपास में गुलाबी सुंडी का बहुत बड़ा हमला है,emergency,emergency.csv
report dikhao,disease,disease.json
how to use dashboard,general,general.json
foodcrop,crop,crop.json
मृदा स्वास्थ्य कार्ड,soil,soil.json
मेरी मिट्टी के लिए कौन सा उर्वरक सही रहेगा,soil,soil.json
aaj bajra ka mandi bhav kya hai,market,market.csv
farmer registry aadhaar link,government,government.json
యూరియా గురించి చెప్పండి,fertilizer,fertilizer.json
pm fasal bima kaise kare?,government,government.json
आ साल काई बोवूं?,crop,crop.json
plant disease medicine,disease,disease.json
कीड़े लग गए हैं फसल में,pest,pest.csv
ಗೊಬ್ಬರವನ್ನು ಯಾವಾಗ ಹಾಕಬೇಕು,fertilizer,fertilizer.json
महिला कृषि योजना,government,government.json
अंग्रेजी चुनो,general,general.json
मदद,general,general.json
agli season me kya boya jaye,crop,crop.json
"pranam kisan bhai, bhagwan aapke parivar ne sada khush rakhe.",greeting,greeting.json
"khamma ghani sa, mhane ghani khushi hui thane dekh ne.",greeting,greeting.json
bowai,crop,crop.json
पीएम किसान योजना में मेरा नाम कैसे जोड़ सकता हूँ?,government,government.json
leaf disease check karo,disease,disease.json
मंडी भाव ऑनलाइन कैसे देखें,market,market.csv
cold wave alert rajasthan mein hai kya,weather,weather.csv
"greetings dear farmer, wishing you bumper production this season.",greeting,greeting.json
काई बोवूं,crop,crop.json
मूंग का बीज कब बोएं राजस्थान में,seed,seed.csv
म्हाने नुकसान रो मुआवजो चाहिए।,government,government.json
म्हाने फसल बीमा करावणो है,government,government.json
which market is offering the highest wheat price today,market,market.json
आज रो मंडी रेट,market,market.json
राजस्थान की योजना बताओ,government,government.json
म्हारी मिट्टी में ph 8 से ज्यादा है के करूं?,soil,soil.csv
kaunsi crop future me profitable rahegi,crop,crop.json
pulsecrop,crop,crop.json
कम जोखिम वाली फसल,crop,crop.json
कौन सी दवा डालूं?,disease,disease.json
"main farmer hu, mere liye best government scheme kaunsi hai?",government,government.json
म्हारी फसल रो बचाव करावो।,disease,disease.json
शुभ रात्रि मित्र,greeting,greeting.json
ssp,fertilizer,fertilizer.json
"म्हारी उपज री ग्रेडिंग करावणी है, किथे जावूं",market,market.json
recommendcrop,crop,crop.json
म्हाने पूरी सरकारी जानकारी आसान भाषा में देवो।,government,government.json
qualitygrain,crop,crop.json
best fertilizer for farming,fertilizer,fertilizer.json
चलो,general,general.json
kya tum har step par meri help karoge jab bhi mujhe dikkat hogi?,general,general.json
कृत्रिम बुद्धिमत्ता,general,general.json
म्हाने फोटो सूं बीमारी बतावो।,disease,disease.json
मक्का का हाइब्रिड बीज कौन सा लगाएं,seed,seed.csv
prediction,disease,disease.json
agriculture infrastructure fund,government,government.json
कॉलर रॉट,disease,disease.json
vishwakarma scheme,government,government.json
how to report bug,general,general.json
gch5,crop,crop.json
fertilizer dose,fertilizer,fertilizer.json
fruit sad raha hai,disease,disease.json
leaf miner damage,pest,pest.csv
government portal,government,government.json
isabgol price today rajasthan mandi,market,market.csv
hello and welcome to pragati ai.,greeting,greeting.json
mere liye kaunsi government scheme best hai?,government,government.json
fusarium wilt,disease,disease.json
फसल में पानी कम देने से क्या होता है,irrigation,irrigation.csv
कम वर्षा वाले इलाके के लिए कौन सी फसल उपयुक्त है?,crop,crop.json
कल सुबह का मौसम कैसा रहेगा,weather,weather.json
salinesoil,crop,crop.json
क्यारी,crop,crop.json
आज उदयपुर मंडी में टमाटर का भाव,market,market.json
रोग का कारण क्या है?,disease,disease.json
कितना रेट,market,market.json
acreage,crop,crop.json
how to check mutation status?,government,government.json
मक्का रो समय आयो के नहीं?,crop,crop.json
main chahta hu ki tum mere personal farming assistant ki tarah kaam karo.,general,general.json
greenfarming,crop,crop.json
foliar spray fertilizer kab aur kaise karein?,fertilizer,fertilizer.csv
"मेरे खेत में भारी मिट्टी है, कौन सी फसल लगाऊँ?",crop,crop.json
pest spray kab kare,pest,pest.json
seed drill se gehu ki buwai kaise karein,machinery,machinery.csv
i want to start a dairy farm. tell me about every government subsidy and loan available.,government,government.json
"राम राम, म्हाने सरकार री काई योजना मिल सकै?",government,government.json
राज किसान सब्सिडी,government,government.json
flood irrigation aur drip irrigation mein kya fark hai,irrigation,irrigation.csv
दिल सूं प्रणाम,greeting,greeting.json
recommend nutrients for my soil,soil,soil.json
pest attack emergency spray batao,pest,pest.csv
मेरी फसल में कीड़ा लग गया है क्या करूं?,disease,disease.csv
"राम राम सा, म्हाने ई मित्र सूं योजना रो फॉर्म भरवाणो है।",government,government.json
बंजर,crop,crop.json
फसल की तस्वीर खींचकर कैसे भेजें,general,general.csv
storm forecast,weather,weather.json
राष्ट्रीय औषधीय पादप बोर्ड की योजनाएं बताइए।,government,government.json
म्हारी फसल में बीमारी घणी फैल गई।,disease,disease.json
jai bajrang bali,greeting,greeting.csv
patte me hole ho gaye hain,disease,disease.json
recommend a crop after wheat.,crop,crop.json
rainfed crop,crop,crop.json
म्हारा पौधा पीळो पड़ गयो।,disease,disease.json
how to enable notification,general,general.json
which government subsidy is best for agriculture?,government,government.json
प्रधानमंत्री मुद्रा योजना,government,government.json
म्हारी माटी री रिपोर्ट समझावो,soil,soil.json
आज बिजली गिरने का पूर्वानुमान बताओ,weather,weather.json
मेरे खेत में पानी की कमी है ड्रिप से कौन सी फसल उगाऊं?,crop,crop.csv
mandai,crop,crop.json
cropstage,crop,crop.json
पीएम किसान सम्मान निधि में रजिस्ट्रेशन कैसे करें,government,government.csv
suggest a crop according to rajasthan climate.,crop,crop.json
आज ठंड कितनी रहेगी,weather,weather.json
agrikheti,crop,crop.json
lobiya,crop,crop.json
mhane poultry farm khatar subsidy joie.,government,government.json
आज बीज बोना सही रहेगा,weather,weather.json
अक्टूबर में कौन सी रबी फसल बोनी चाहिए?,crop,crop.json
राज किसान हेल्प,government,government.json
recommend a crop with high market demand.,crop,crop.json
good morning pragati team,greeting,greeting.json
बीज खरीदते समय क्या देखना चाहिए,seed,seed.csv
ipm312,crop,crop.json
"hello everyone, have a nice day.",greeting,greeting.json
मेरे खेत में मिट्टी परीक्षण के लिए सैंपल कैसे लें?,soil,soil.csv
enam,government,government.json
farmer,crop,crop.json
प्रधानमंत्री कृषि सिंचाई योजना का लाभ कैसे मिलेगा?,government,government.json
म्हारी माटी खातर कूणसी फसल ठीक रहसी,soil,soil.json
चारकोल रॉट,disease,disease.json
plant nutrition,fertilizer,fertilizer.json
ಮಣ್ಣಿನ ವರದಿ ತೋರಿಸಿ,soil,soil.json
pm kisan yojana details,government,government.json
मूंग बेचने के लिए कौन सी मंडी सही रहेगी,market,market.json
rust disease in wheat,disease,disease.json
വളം എപ്പോൾ ഇടണം,fertilizer,fertilizer.json
कितना दाम,market,market.json
kitne sections hain is app mein,general,general.csv
how strong is the wind today,weather,weather.json
settings kholo,general,general.json
आज काई खबर सा,greeting,greeting.json
म्हारा खेत में सरसों रो फायदा रहसी?,crop,crop.json
how to apply for pm kisan maandhan scheme?,government,government.json
ज्यादा पानी देने से फसल को नुकसान होता है क्या,irrigation,irrigation.csv
"राम राम सा, म्हाने सरकार री नई योजना बतावो।",government,government.json
kcc loan,government,government.json
मेरे खेत में npk 12-32-16 कब डालें?,fertilizer,fertilizer.csv
"pranam annadata, aapka hardik swagat hai.",greeting,greeting.json
कृषि यंत्र पर सब्सिडी कैसे मिलती है,government,government.csv
hd3298,crop,crop.json
"मेरी मक्का में चारकोल रॉट रोग है, उपाय बताओ",disease,disease.json
मृदा सलाह,soil,soil.json
wasteland,crop,crop.json
जड़ गलन,disease,disease.json
seed packet mein kya kya information hoti hai,seed,seed.csv
kcc se khad aur beej kharid sakte hain kya,government,government.csv
कल्टीवेटर के दांत टूट गए हैं कहां से मिलेंगे,machinery,machinery.csv
bigha,crop,crop.json
landprepare,crop,crop.json
किन्नू,crop,crop.json
नाबार्ड से कृषि लोन कैसे मिलेगा?,government,government.json
म्हाने राज किसान पोर्टल पर रजिस्ट्रेशन करनो है।,government,government.json
क्या मैं पीएम किसान योजना के लिए पात्र हूँ?,government,government.json
thresher,crop,crop.json
ठीक,general,general.json
prevent,disease,disease.json
nursery,crop,crop.json
moong price forecast this season kya hai,market,market.csv
agristartup,crop,crop.json
डिवाइस,general,general.json
मंडी में बोली कब शुरू होगी,market,market.json
sarson ka seed rate per bigha kitna hona chahiye,seed,seed.csv
बारिश में कौन सी सावधानी रखें,weather,weather.json
vetiver,crop,crop.json
dawai,disease,disease.json
horticulture department,government,government.json
थोक बाजार,market,market.json
म्हारे खेत री मिट्टी में जिप्सम डालने से के फायदो होसी?,soil,soil.csv
pest management tips,pest,pest.json
scheme details,government,government.json
green gram,crop,crop.json
"मैं पहली बार खेती कर रहा हूँ, कौन सी फसल आसान रहेगी?",crop,crop.json
मिट्टी की उर्वरता की जांच करें,soil,soil.json
मौसम की जानकारी कहां से मिलेगी,weather,weather.csv
how can i claim crop insurance?,government,government.json
balotra,crop,crop.json
exportcrop,crop,crop.json
i want to explore every section of this application one by one.,general,general.json
plant dry ho raha hai,disease,disease.json
म्हाने खेती रो सुझाव दो,crop,crop.json
mharo naam kai government scheme me aave hai ke?,government,government.json
meri fasal ko bachane ka tarika batao,disease,disease.json
ram ram tau,greeting,greeting.json
किसान आईडी कैसे बनाएं,general,general.csv
सरकारी योजना में कौन-कौन से दस्तावेज़ लगते हैं?,government,government.json
प्रकोप,disease,disease.json
which crop is suitable for my soil condition?,crop,crop.json
कृषि,government,government.json
kcc loan ki interest rate kya hai,government,government.csv
मिट्टी जांच,soil,soil.json
zinc sulphate,fertilizer,fertilizer.json
fungus attack,disease,disease.json
root,disease,disease.json
म्हारी टमाटर री फसल में अर्ली ब्लाइट लाग री है के करूं?,disease,disease.csv
म्है राज किसान पोर्टल रो स्टेटस देखणो चाहूँ।,government,government.json
patte peele,disease,disease.json
मेरी धनिया में बैक्टीरियल लीफ स्पॉट है,disease,disease.csv
dashboard,general,general.json
tum kaun ho,general,general.json
म्हाने तारबंदी योजना चाहिए,government,government.json
थूं मारा डिजिटल खेती साथी बन सकै?,general,general.json
अभी रेट,market,market.json
how can i get ahidf loan?,government,government.json
मुझे महिला किसान के रूप में मिलने वाली सभी सरकारी योजनाओं और सब्सिडी की पूरी जानकारी चाहिए।,government,government.json
sikar mandi price,market,market.json
म्हाने पटवारी सूं जमाबंदी निकलवाणी है।,government,government.json
guar seed variety rajasthan ke liye best,seed,seed.csv
"ram ram sa, thari yaad aagi.",greeting,greeting.json
farmer registry,government,government.json
ram ram,general,general.json
seed drill machine rent per bigha kitna hai,machinery,machinery.csv
ସାର କେବେ ଦେବା ଉଚିତ,fertilizer,fertilizer.json
kisan ke liye government scheme,government,government.json
mere farm me kam paani hai kaunsi crop best rahegi,crop,crop.json
खेती का चुनाव कैसे करें,crop,crop.json
बिकवाली,market,market.json
मिट्टी में कौन से पोषक तत्व कम हैं,soil,soil.json
मेरी मिट्टी की जांच कैसे करवाऊं?,soil,soil.csv
help support,general,general.json
क्या आज बारिश होने वाली है,weather,weather.json
मानसून आ गया क्या,weather,weather.json
how to report problem,general,general.json
राजस्थान के मौसम के अनुसार कौन सी फसल सबसे अच्छी रहेगी?,crop,crop.json
बीमारी फैलना,disease,disease.json
म्हारे खेत में कांई बोवां,crop,crop.json
soil health card kaise banwayein,government,government.csv
फसल बीमा क्लेम रिजेक्ट हो गया क्या करूं,government,government.csv
पंचायत समिति,government,government.json
घणी मदद मिली,general,general.json
राम राम भाई बीज के बारे में पूछना था,greeting,greeting.csv
मेरी फसल में राइजोबियम कल्चर कब और कैसे लगाएं?,fertilizer,fertilizer.csv
मिट्टी का ph,soil,soil.json
जांच,disease,disease.json
"मुझे अपनी जमीन की जमाबंदी, खसरा, खाता और भू नक्शा ऑनलाइन देखना है, पूरी प्रक्रिया बताइए।",government,government.json
माझ्या जमिनीत काय कमतरता आहे,soil,soil.json
green fodder,crop,crop.json
hello sir government scheme,government,government.json
moonset time,weather,weather.json
jassid on cotton,pest,pest.json
thanks,general,general.json
भाव जानना,market,market.json
राजस्थान में किसानों को मुफ्त बिजली मिलती है क्या,government,government.csv
कम लागत में अच्छी पैदावार वाली खेती बताइए।,crop,crop.json
सुप्रभात,general,general.json
jamabandi kaise dekhe,government,government.json
म्हाने यो ऐप रो पूरा फायदा किण रीती सूं मिल सकै?,general,general.json
म्हारी उपज रो सौदो करावो,market,market.json
कीटनाशक कौन सा डालूं,pest,pest.json
"मेरे खेत में मिट्टी में पानी जमा रहता है, क्या करूं?",soil,soil.json
kya tum mere personal farming assistant ki tarah kaam kar sakte ho?,general,general.json
सरसों की फसल पीली होकर सूख रही है।,disease,disease.json
म्हाने जल्दी खरीदार चाहिए,market,market.json
सर्कोस्पोरा लीफ स्पॉट,disease,disease.json
insecticide for aphid,pest,pest.csv
good morning farmer,greeting,greeting.json
म्हाने सरसों बेचणी है,market,market.json
नवंबर में कौन सी फसल लगाऊँ?,crop,crop.json
म्हारी जमीन में जिंक किण है,soil,soil.json
mustard price,market,market.json
कम खर्च वाली फसल,crop,crop.json
कृषि विज्ञान केंद्र,government,government.json
coriandar,crop,crop.json
खम्मा घणी म्हारा किसान,greeting,greeting.json
कौन सी मंडी फायदे की रहेगी,market,market.json
explain pmegp in detail.,government,government.json
mothdal,crop,crop.json
भाई म्हारी चावल री फसल में नेक ब्लास्ट लाग री है,disease,disease.csv
which government scheme provides financial assistance to farmers?,government,government.json
म्हारा खेत में अगली फसल काई राखूं?,crop,crop.json
light mode on,general,general.json
broadcast,crop,crop.json
सलाहकार,disease,disease.json
कपास में पानी देने का सही तरीका क्या है,irrigation,irrigation.csv
शुभ दिन,greeting,greeting.json
raj kisan registration,government,government.json
मिर्च,crop,crop.json
आज कोटा में मौसम कैसा है,weather,weather.json
म्हाने पेंशन योजना रो लाभ चाहिए।,government,government.json
recommend treatment immediately,disease,disease.json
agriculture advisory,weather,weather.json
downy mildew control,disease,disease.json
"ram ram bhai, bahut din baad mulakat hui.",greeting,greeting.json
busy ho,general,general.json
गेहूं में कीट प्रबंधन,pest,pest.json
ನನಗೆ ಗೊಬ್ಬರ ಬೇಕು,fertilizer,fertilizer.json
meri land ke liye suitable crop,crop,crop.json
बीज अंकुरण कम हो रहा है क्या करूं,seed,seed.csv
crop disease treatment,disease,disease.json
जीपीएस,general,general.json
पीला मोजेक,disease,disease.json
harvest,crop,crop.json
मात्रा,disease,disease.json
can you help me,general,general.json
intercrop,crop,crop.json
foddermaize,crop,crop.json
soyabean,crop,crop.json
यह ai कितना सटीक जवाब देता है,general,general.csv
aif,government,government.json
अदरक,crop,crop.json
agricultural,crop,crop.json
hybrid seed aur normal seed mein kya fark hai,seed,seed.csv
म्हारा खेत माटी हिसाब सूं फसल बतावो।,crop,crop.json
guide chahiye,general,general.json
आज चना का बाजार भाव,market,market.json
rajasthan agriculture department schemes 2024,government,government.csv
कल दोपहर को मौसम कैसा रहेगा,weather,weather.csv
government benefit,government,government.json
st farmer scheme,government,government.json
कौनसी मंडी,market,market.json
potassium sulphate vs mop kya fark hai?,fertilizer,fertilizer.csv
बकरी पालन योजना,government,government.json
आज उदयपुर का मौसम,weather,weather.json
select english,general,general.json
guava,crop,crop.json
निदान,disease,disease.json
integrated pest management,pest,pest.csv
म्हारा पौधा में काई बीमारी है?,disease,disease.json
highest crop price,market,market.json
suggest a suitable crop for rajasthan climate.,crop,crop.json
aloe vera,crop,crop.json
आज थारी याद आई,greeting,greeting.json
आंवला,crop,crop.json
म्हारी फसल में काला रोग लाग गयो।,disease,disease.json
कीट प्रतिरोधी किस्म,pest,pest.json
fungus ka ilaj batao,disease,disease.json
सीड ड्रिल मशीन का किराया कितना है,machinery,machinery.csv
राम राम सा सरकार री योजना बतावो,government,government.json
थूं तो बिलकुल बदल गयो,greeting,greeting.json
lucerne grass,crop,crop.json
क्या आज खेत में काम करना सही रहेगा,weather,weather.json
कल का मंडी रेट,market,market.json
"राम राम सा, थूं मारा खेती साथी बन जाओ।",general,general.json
खाद कितनी डालें,fertilizer,fertilizer.json
nitrogen,soil,soil.json
म्हाने खाद री मात्रा बतावो,fertilizer,fertilizer.json
मूंगफली का भाव,market,market.json
फेर आवजो सा,greeting,greeting.json
म्हारे नाम सूँ कोई योजना चाले है के?,government,government.json
explain rashtriya gokul mission.,government,government.json
मेरे खेत में पिछले साल मेथी था अब क्या बोऊं?,crop,crop.csv
मेरे खेत में काली मिट्टी है इसमें कौन सी फसल अच्छी होगी?,soil,soil.csv
have a nice day,greeting,greeting.json
farmland,crop,crop.json
पधारो सा थांरो स्वागत है,greeting,greeting.json
pearl millet price,market,market.json
massive pest attack on my crop urgent pesticide needed,emergency,emergency.csv
gch9,crop,crop.json
price,market,market.json
leaf miner,pest,pest.json
मैं एफपीओ बनाना चाहता हूँ। कृपया पंजीकरण से लेकर लाभ तक की पूरी प्रक्रिया समझाइए।,government,government.json
kota mandi mein aaj soybean ka rate kya hai,market,market.csv
market price,market,market.json
azadurad3,crop,crop.json
"मेरी फसल में आयरन की कमी है, क्या डालूं?",fertilizer,fertilizer.json
अल्टरनेरिया ब्लाइट,disease,disease.json
मजा में हो के,greeting,greeting.json
internet,general,general.json
म्हाने गेहूं रो इलाज बतावो।,disease,disease.json
disease control methods,disease,disease.json
what is the best crop rotation after mustard?,crop,crop.json
डिजिटल किसान आईडी बनाने के लिए कौन-कौन से दस्तावेज़ आवश्यक हैं?,government,government.json
nursery subsidy,government,government.json
i want you to become my personal farming assistant and guide me whenever i need help.,general,general.json
how to ask question,general,general.json
किस्त स्थिति,government,government.json
farmmanagement,crop,crop.json
भाव बढ़ण री संभावना है के,market,market.json
please continue guiding me whenever i need help while using the application.,general,general.json
app version,general,general.json
soil card,soil,soil.json
kcc ke liye eligibility kya hai,government,government.csv
hey ai,general,general.json
डैशबोर्ड खोलो,general,general.json
gujarat,market,market.json
urad bean best seed variety batao,seed,seed.csv
immediate crop solution,disease,disease.json
ভাৱ,market,market.json
नागौर मंडी में जीरे की नीलामी का भाव बताइए,market,market.json
म्हारी जमीन में नमी पूरी है के,soil,soil.json
quality,market,market.json
farmer registry update,government,government.json
सूत्रकृमि मिट्टी में,pest,pest.json
analyze crop disease,disease,disease.json
आज बोली,market,market.json
म्हारी बाजरा री फसल में स्मट रोग लाग री है,disease,disease.csv
best app,general,general.json
aonla,crop,crop.json
nematode in soil,pest,pest.json
गेहूं की फसल अचानक मुरझा गई।,disease,disease.json
which fertilizer should i use,fertilizer,fertilizer.json
today's jodhpur mandi price,market,market.json
कोटा क्षेत्र में कौन सी खेती फायदेमंद है?,crop,crop.json
मेरे खेत में पिछले साल मसूर था अब क्या बोऊं?,crop,crop.csv
जीरे में झुलसा रोग लग गया है।,disease,disease.json
welcome,general,general.json
गेहूं में पहली सिंचाई कब करें,irrigation,irrigation.csv
माती सुपीक कशी करावी,soil,soil.json
घणी खुशी हुई,greeting,greeting.json
फोटो,disease,disease.json
उपज मंडी,market,market.json
थोक दाम,market,market.json
boyu,crop,crop.json
नई हाइब्रिड सरसों की किस्म कौन सी है,seed,seed.csv
continue,general,general.json
plantpopulation,crop,crop.json
rice,crop,crop.json
ग्वार की फसल में बीमारी लग गई है।,disease,disease.json
उपाय,disease,disease.json
marwari mein baat karna hai mujhe,general,general.csv
प्रधानमंत्री किसान मानधन योजना की पूरी जानकारी दीजिए।,government,government.json
how to use offline,general,general.json
agli season me kaunsi farming karu,crop,crop.json
कृषि यंत्र,government,government.json
government scheme,government,government.json
म्हारा खेत खातर बढ़िया फसल कौनसी रहसी?,crop,crop.json
collar rot disease,disease,disease.json
ग्वार का उन्नत बीज कौन सा है,seed,seed.csv
बारिश,weather,weather.json
"मेरी फसल में पोटाश की कमी है, कितना डालूं?",fertilizer,fertilizer.json
warehouse,market,market.json
commission agent,market,market.json
pest management in wheat,pest,pest.json
भूलेख,government,government.json
सरसों बेचने के लिए सबसे अच्छी मंडी कौन सी है,market,market.json
cotton mein fertilizer schedule kya hona chahiye?,fertilizer,fertilizer.csv
ekyc,government,government.json
farm fencing subsidy,government,government.json
मेरे खेत में पिछले साल गेहूं था अब क्या बोऊं?,crop,crop.csv
tractor clutch kharab ho gaya hai kya karein,machinery,machinery.csv
कृषि विभाग की नई योजना कौन सी है?,government,government.json
image clear nahi hai,disease,disease.json
खम्मा घणी म्हारा ताऊ,greeting,greeting.json
green gram price,market,market.json
रोग तेजी फैल,disease,disease.json
म्हारा खेत में बीमारी फैल गई है।,disease,disease.json
मेरे लिए कौन सी सरकारी योजना सबसे अच्छी रहेगी?,government,government.json
पावर वीडर से खरपतवार कैसे हटाएं,machinery,machinery.csv
एफपीओ,government,government.json
मेरे गांव के पास कौन सी मंडी है,market,market.csv
what is pm krishi sinchai yojana?,government,government.json
कल सुबह तापमान कितना रहेगा,weather,weather.csv
mhane fasal bima karavano hai,government,government.json
फसल में फफूंदी लग गई है।,disease,disease.json
राज किसान पोर्टल में दस्तावेज़ कैसे अपलोड करें?,government,government.json
mhane yuva kisan yojana samjhavjo.,government,government.json
बोवाई,crop,crop.json
मंडी में आज कितना माल आया,market,market.json
aur batao,greeting,greeting.json
मुड़ाव,disease,disease.json
मेरे खेत की मिट्टी में नमक ज्यादा है कौन सी फसल उगाऊं?,crop,crop.csv
अगले महीने का भाव,market,market.json
irrigationcrop,crop,crop.json
समझ गई,general,general.json
नुकसान,disease,disease.json
घणा दिनां पाछै मुलाकात हुई,greeting,greeting.json
suggest the most suitable crop for my farm.,crop,crop.json
आज का तापमान,weather,weather.json
कल बेचूं या आज,market,market.json
राज किसान पोर्टल पर आवेदन की स्थिति कैसे देखें?,government,government.json
जल जीवन मिशन,government,government.json
i want to sell my wheat today,market,market.json
best crop for jaipur district.,crop,crop.json
plantspacing,crop,crop.json
main is app ka maximum benefit kaise le sakta hu?,general,general.json
moong viral disease,disease,disease.json
profile kholo,general,general.json
help me choose the right crop.,crop,crop.json
सफेद मूसली,crop,crop.json
"म्हाने खेती के साथ पशुपालन भी शुरू करनो है, सरकार किण-किण मदद करसी?",government,government.json
irrigation pump ki maintenance kaise karein,irrigation,irrigation.csv
aaj subah ka temperature kitna tha,weather,weather.csv
राष्ट्रीय गोकुल मिशन का लाभ कैसे मिलेगा?,government,government.json
मेरी फसल बाढ़ में खराब हुई मुआवजा कैसे मिलेगा,government,government.csv
ajvayin,crop,crop.json
pmfby online registration process kya hai,government,government.csv
dairy subsidy kaise milegi,government,government.json
soil moisture check karne ka tarika kya hai,irrigation,irrigation.csv
crop bachao,disease,disease.json
अरहर,crop,crop.json
आप कौन हैं,general,general.csv
kisan id kaise banayein is app mein,general,general.csv
nmsa,government,government.json
nmpb,government,government.json
नीम का तेल कीड़ों के लिए,pest,pest.csv
जैविक,disease,disease.json
best time to apply fertilizer,fertilizer,fertilizer.json
germination test karne ka tarika kya hai,seed,seed.csv
yieldincrease,crop,crop.json
khamma ghani sa sabhi rajasthan ke kisanon ne.,greeting,greeting.json
best crop for august season.,crop,crop.json
crop ko urgent medicine chahiye,disease,disease.json
weather safety tips,weather,weather.json
close app,general,general.json
मंडी में फसल बेचने पर कमीशन कितना लगता है,market,market.csv
buffalo subsidy,government,government.json
crop disease confirm karo,disease,disease.json
garlic,crop,crop.json
आज बीकानेर मंडी में मूंग का भाव,market,market.csv
बाजरे में रोग तेजी से फैल रहा है।,disease,disease.json
क्या जैविक इलाज उपलब्ध है?,disease,disease.json
मार्गदर्शन चाहिए,general,general.json
damping off,disease,disease.json
आज यूवी घणो रहसी के,weather,weather.json
vanakkam,greeting,greeting.csv
"मुझे जोखिम कम वाली खेती करनी है, क्या बोऊँ?",crop,crop.json
आप कौन हो,general,general.json
म्हारी कपास री फसल में npk कद डालणो चाहिए?,fertilizer,fertilizer.csv
good morning bhai pranam,greeting,greeting.csv
sapling,crop,crop.json
"नमस्कार मित्र, कैसे हो आप?",greeting,greeting.json
राष्ट्रीय खाद्य सुरक्षा मिशन,government,government.json
tobacco,crop,crop.json
म्हारा पौधा मुरझा रयो है।,disease,disease.json
राजस्थान की किस मंडी में आज सबसे अच्छा भाव चल रहा है,market,market.json
उड़द में कौन सा रोग लगा है?,disease,disease.json
"namaste pragati ai, mujhe aapse milkar bahut khushi hui.",greeting,greeting.json
rajasthancrop,crop,crop.json
black gram disease,disease,disease.json
खसरा,crop,crop.json
is the weather good for farm work,weather,weather.json
नई फसल,crop,crop.json
आज मंडी में सबसे ज्यादा भाव किस फसल का चल रयो है,market,market.json
buyer,market,market.json
म्हारे खेत में सब खराब हो रयो है।,disease,disease.json
feedback bhejna hai,general,general.json
plant ki growth ruk gayi hai,disease,disease.json
सूअर पालन,government,government.json
भाई म्हारे खेत में कौन सी फसल बोवां जो सूखे में भी हो जावे?,crop,crop.csv
monsoon,crop,crop.json
सरकारी सब्सिडी पर ड्रिप इरिगेशन कैसे लगाएं,government,government.csv
आज सिंचाई करूं या नहीं,weather,weather.json
suggest a profitable crop for my land.,crop,crop.json
dates,crop,crop.json
show help,general,general.json
पोटाश,soil,soil.json
humidity kitni hai aaj khet mein spray ke liye,weather,weather.csv
अगर मुझे किसी फीचर का उपयोग करना न आए तो मैं कहाँ से सहायता प्राप्त कर सकता हूँ?,general,general.json
fasal peeli pad rahi hai aur mar rahi hai sos,emergency,emergency.csv
सीएससी सेंटर पर किसान रजिस्ट्रेशन कैसे होगा?,government,government.json
म्हारे खेत में फेरस सल्फेट कद डालणो चाहिए?,fertilizer,fertilizer.csv
wheat crop insurance premium kitna hoga,government,government.csv
mujhe is app ka har feature example ke sath samjhao.,general,general.json
stem rot problem,disease,disease.json
october me best crop batao,crop,crop.json
best crop for rajasthan climate.,crop,crop.json
आज रात रो मौसम,weather,weather.json
identify disease from leaf,disease,disease.json
mere village ke hisab se crop batao,crop,crop.json
pmkisan,government,government.json
"मेरे खेत में पिछले साल जीरा था, अब क्या बोऊं?",crop,crop.json
pm kisan samman nidhi,government,government.json
क्या कल गेहूं का भाव बढ़ेगा,market,market.json
पूरे खेत में एक जैसी बीमारी है।,disease,disease.json
सरकारी योजना,government,government.json
jai hind mere kisan bhaiyo.,greeting,greeting.json
great,general,general.json
soyabeen,crop,crop.json
blue revolution,government,government.json
क्या यह बैक्टीरिया का रोग है?,disease,disease.json
sunrise time,weather,weather.json
aaj spray karna sahi rahega ya nahi mausam ke hisab se,weather,weather.csv
म्हारी फसल में खाद ज्यादा डालने से के नुकसान होसी?,fertilizer,fertilizer.csv
fasalbadal,crop,crop.json
mere khet ke liye cash crop recommend karo,crop,crop.json
whitefly attack on cotton,pest,pest.csv
mere khet ke liye crop,crop,crop.json
mhara,crop,crop.json
farmer database,government,government.json
उपज भाव,market,market.json
ram ram sa sarkari yojana,government,government.json
white fungus aa gaya hai,disease,disease.json
राजस्थान में पानी की कमी में खेती कैसे करें,irrigation,irrigation.csv
"राम राम सा, म्हूं पहली बार यो ऐप चलावूं हूँ, म्हाने शुरू सूं समझावो।",general,general.json
वाईफाई,general,general.json
how can i apply for subsidy using raj kisan portal?,government,government.json
pink bollworm emergency in cotton crop please help,emergency,emergency.csv
share app,general,general.json
farmer registry login,government,government.json
अगले सप्ताह मौसम कैसा रहेगा,weather,weather.json
सौंफ का भाव,market,market.json
म्हारा खेत में कम खर्च वाली फसल कांई रहसी?,crop,crop.json
waterefficient,crop,crop.json
मदद करो,general,general.json
मेरी मक्का में डाउनी मिल्ड्यू रोग है,disease,disease.csv
custom hiring centre se machine kaise milegi,machinery,machinery.csv
सहायक,general,general.json
bajrii,crop,crop.json
peanutcrop,crop,crop.json
leaf disease,disease,disease.json
मेरे खेत के लिए सबसे अच्छा विकल्प क्या है?,crop,crop.json
आज रात ठंड ज्यादा रहेगी क्या,weather,weather.csv
cropmarket,crop,crop.json
मुझे तुरंत मदद चाहिए।,disease,disease.json
மண்ணில் ஈரப்பதம் எவ்வளவு உள்ளது,soil,soil.json
मेरे खेत की मिट्टी बहुत सख्त हो गई है कैसे सुधारूं?,soil,soil.csv
berorchard,crop,crop.json
smartagriculture,crop,crop.json
राज किसान पोर्टल पर आवेदन कैसे करें?,government,government.json
hi8713,crop,crop.json
raj4037,crop,crop.json
ਯੂਰੀਆ ਦੱਸੋ,fertilizer,fertilizer.json
अनुसूचित जाति किसान के लिए योजना बताइए।,government,government.json
सफेद,disease,disease.json
viral infection,disease,disease.json
मेरी मिट्टी कैसी है,soil,soil.json
current cotton mandi price,market,market.json
पीएम किसान,government,government.json
नजदीक बाजार,market,market.json
mujhe step by step samjhao ki is app ka use kaise karna hai.,general,general.json
राजी खुशी रहजो,greeting,greeting.json
म्हारे खेत में काली मिट्टी है कांई बोवां?,crop,crop.csv
खम्मा घणी हुकम जी,greeting,greeting.json
disease ko kaise roke,disease,disease.json
raj4079,crop,crop.json
मेरे खेत के लिए कौन सी मशीन सही रहेगी,machinery,machinery.csv
"म्हारी मिट्टी में जिंक री कमी है, जिंक सल्फेट कितनो डालूं?",fertilizer,fertilizer.json
मेरे खेत में मिट्टी की जांच के लिए कहां जाऊं?,soil,soil.csv
मिट्टी का रंग,soil,soil.json
ट्रैक्टर का डीजल ज्यादा खर्च हो रहा है क्यों,machinery,machinery.csv
अल्टरनेरिया रोग का इलाज बताइए।,disease,disease.json
ऐप फीचर,general,general.json
crop planning me meri help karo,crop,crop.json
"खम्मा घणी, कांई फसल बोवां",crop,crop.json
nimbu,crop,crop.json
"म्हारे खेत में इस बार जीरो कि सरसों, कांई ठीक रहसी?",crop,crop.json
म्हारी फसल स्टोर करणी है,market,market.json
halchal,crop,crop.json
तुम मेरी मदद कर सकते हो,general,general.json
फसल में कीट की पहचान कैसे करें,pest,pest.csv
फसल बीमा योजना में ऑनलाइन आवेदन कैसे करें,government,government.csv
fusarium,disease,disease.json
कल शाम को हवा कितनी चलेगी,weather,weather.json
jaldi ilaj batao,disease,disease.json
चलभाव,market,market.json
damage,disease,disease.json
काले धब्बे रोग,disease,disease.json
samjhao bhai,general,general.json
मेरे खेत में गेहूं बोना सही रहेगा या नहीं?,crop,crop.json
डीबीटी,government,government.json
कृषि यंत्र पर सब्सिडी के लिए आवेदन कैसे करें,machinery,machinery.csv
dbw187,crop,crop.json
म्हने कम खर्च री खेती करवी है।,crop,crop.json
rajsamand,crop,crop.json
neem spray for pest,pest,pest.json
आज बाजरे का भाव क्या है मंडी में,market,market.csv
नागौर मंडी भाव,market,market.json
good morning ji aaj ka din shubh ho,greeting,greeting.csv
मंडी बंद कब होगी,market,market.json
which crop needs less water and gives more profit,crop,crop.json
म्हाने इस साल अच्छी कमाई वाली फसल बतावो।,crop,crop.json
affected,disease,disease.json
सरसों का आज का रेट बताओ,market,market.csv
chilli seed best variety batao,seed,seed.csv
bug report karna,general,general.json
टमाटर का बीज कहां से खरीदें,seed,seed.csv
मेरी फसल का रोग बताइए।,disease,disease.json
fertilizer,fertilizer,fertilizer.json
alluvial soil,soil,soil.json
kcc loan kaise milega mujhe,government,government.csv
रीलोड,general,general.json
आज तेज हवा चालसी के,weather,weather.json
जुताई,crop,crop.json
mhane government ri badhi animal husbandry scheme batavo.,government,government.json
covercrop,crop,crop.json
desichana,crop,crop.json
ऐप में फसल डायरी कैसे देखें,general,general.csv
raj3077improved,crop,crop.json
गुड़ाई,crop,crop.json
"मेरे खेत में दोमट मिट्टी है, कौन सी फसल उगाऊं?",crop,crop.json
leaf spray,fertilizer,fertilizer.json
setting,general,general.json
gehu,crop,crop.json
yojana list,government,government.json
lbg623,crop,crop.json
ऐप में राजस्थानी भाषा कैसे चुनें,general,general.csv
start chat,general,general.json
mustard mein sclerotinia stem rot ho gayi hai,disease,disease.csv
भाव पूछना,market,market.json
weather in jaipur,weather,weather.json
भाव नीचे आवसी के,market,market.json
"khamma ghani sa, tharo swagat hai mhare ghar.",greeting,greeting.json
बैंगन में सिंचाई का सही तरीका बताओ,irrigation,irrigation.csv
raj kisan yojana,government,government.json
confidence,disease,disease.json
ammonium sulphate fertilizer kab dena chahiye?,fertilizer,fertilizer.csv
जोधपुर मंडी भाव,market,market.json
आज धूप घणी तेज रहसी के,weather,weather.json
mujhe is app ke saare features detail me samjhao.,general,general.json
rog ki dawa batao,disease,disease.json
seed sowing se pehle khet taiyar karne ka tarika,seed,seed.csv
पत्तियों पर जंग जैसे निशान हैं।,disease,disease.json
leaf disease detection,disease,disease.json
fenugrek,crop,crop.json
मिट्टी की जानकारी,soil,soil.json
कम पानी और कम खर्च में कौन सी खेती करूँ?,crop,crop.json
cropexpert,crop,crop.json
light mode,general,general.json
cropintelligence,crop,crop.json
change profile,general,general.json
किसान मानधन,government,government.json
शुभ प्रभात,greeting,greeting.json
gehu ki jagah kya boya jaye,crop,crop.json
farm,crop,crop.json
npk,soil,soil.json
"राम राम सा, म्हाने जमाबंदी देखणी है।",government,government.json
औषधीय फसलें कौन सी हैं जो मुझे ज्यादा मुनाफा दें?,crop,crop.csv
agriculture weather,weather,weather.json
म्हारी फसल ने बचावो सा।,disease,disease.json
"hi dost, wishing you happiness and prosperity.",greeting,greeting.json
गर्मी सूं फसल किण बचावूं,weather,weather.json
दशा,disease,disease.json
ठंड से फसल कैसे बचाएं,weather,weather.json
म्हाने खेती रो लाभ मिल सके एसी योजना बतावो।,government,government.json
बीकानेर में कौन सी खेती सबसे ज्यादा होती है?,crop,crop.json
पाले से गेहूं की फसल को कैसे बचाएं,weather,weather.csv
sarso me white rust aa gaya,disease,disease.json
म्हारी जमीन री पूरी सिफारिश देवो,soil,soil.json
म्हाने आवाज में बात करनी है,general,general.json
kaunsi fasal mein sabse kam paani lagta hai?,crop,crop.csv
अभी भाव,market,market.json
bro meri crop bacha lo,disease,disease.json
looking for crop buyers,market,market.json
म्हाने बीमा रो स्टेटस देखणो है।,government,government.json
makka ugana sahi hai,crop,crop.json
gram sevak,government,government.json
i would like to know how this application can help me improve my farming activities.,general,general.json
best crop for small farmer,crop,crop.json
सरसों,crop,crop.json
aap kaun ho,general,general.json
खेती के लिए मौसम,weather,weather.json
pest outbreak season,pest,pest.json
"pranam ji, aasha karta hu aap bilkul swasth honge.",greeting,greeting.json
ठाकुरजी री कृपा रहे,greeting,greeting.json
ipm2058,crop,crop.json
मूंग रो रेट बतावो,market,market.json
how can i save my farm,disease,disease.json
डैम्पिंग ऑफ,disease,disease.json
जीरे की खेती के लिए मेरी जमीन ठीक है क्या?,crop,crop.json
rgn48,crop,crop.json
थारी जमीन खातर खेती बतावो।,crop,crop.json
माटी खातर सलाह देवो,soil,soil.json
is mahine mein lू chalegi kya,weather,weather.csv
natural treatment for crop disease,disease,disease.json
खाद कब डालनी चाहिए,fertilizer,fertilizer.json
जय हिंद किसान,greeting,greeting.json
paani dene ke baad fasal mein kya change aata hai,irrigation,irrigation.csv
highest mandi price today,market,market.json
म्हाने प्रोफाइल दिखावो,general,general.json
आगे,general,general.json
crop bachane ka tarika batao,disease,disease.json
tell me why i should use this application instead of other farming apps.,general,general.json
leaf has holes,disease,disease.json
jassid attack on cotton,pest,pest.csv
मूंगफली में सिंचाई कब करें,irrigation,irrigation.csv
मेरी मिट्टी के हिसाब से कौन सी फसल सही रहेगी,soil,soil.json
म्हारी फसल में यूरिया का पत्तियों पर छिड़काव कद करूं?,fertilizer,fertilizer.csv
"राम राम सा, म्हाने राज किसान पोर्टल समझावो।",government,government.json
म्हारे खेत में मैग्नीशियम सल्फेट कितनो डालूं?,fertilizer,fertilizer.csv
jiraa,crop,crop.json
main is app ko efficiently kaise use karu taki mujhe maximum fayda mile?,general,general.json
स्प्रेयर मशीन कैसे चलाएं,machinery,machinery.csv
म्हाने ऑनलाइन राज किसान पोर्टल चालावणो सिखावो।,government,government.json
pulses,crop,crop.json
app,general,general.json
tubewell,crop,crop.json
म्हारे खेत री जमाबंदी निकालो।,government,government.json
fertilizer schedule,fertilizer,fertilizer.json
"mujhe technology ki jyada knowledge nahi hai, isliye simple language me guide karo.",general,general.json
हार्दिक स्वागत,greeting,greeting.json
सफेद मक्खी नियंत्रण के तरीके,pest,pest.csv
organic disease treatment,disease,disease.json
done,general,general.json
crop protection from rain,weather,weather.json
मेरी फसल की तस्वीर देखकर बीमारी पहचानो।,disease,disease.json
नकदी,crop,crop.json
how can i get the maximum benefit from using pragati ai every day?,general,general.json
म्हारी मक्का री फसल में यूरिया कद डालणो चाहिए?,fertilizer,fertilizer.csv
ram ram sa bhai khad ke baare mein poochna tha,greeting,greeting.csv
राम राम सा म्हारा किसान भाई,greeting,greeting.json
फसल को दोबारा बीमार होने से कैसे बचाएँ?,disease,disease.json
"hi pragati, good morning.",greeting,greeting.json
आज बाजार,market,market.json
soil health card mein kya kya jankari hoti hai,government,government.csv
greetings sir,greeting,greeting.json
recommend a crop for my agricultural field.,crop,crop.json
account settings,general,general.json
सरसों के बाद कौन सी फसल लगानी चाहिए?,crop,crop.json
meri pm kisan ki kist nahi aayi hai.,government,government.json
आधार से लॉगिन हो सकता है क्या,general,general.csv
vegetablecrop,crop,crop.json
ajwaincrop,crop,crop.json
plant health issue,disease,disease.json
assalamualaikum,greeting,greeting.json
pmfby ka status batao.,government,government.json
cropknowledge,crop,crop.json
pranam sabhi annadataon ko.,greeting,greeting.json
फसल अचानक सूखने लगी है।,disease,disease.json
crop safety in bad weather,weather,weather.json
मक्का में फॉल आर्मीवर्म,pest,pest.csv
farmincome,crop,crop.json
can you guide me through all the features available in this application?,general,general.json
म्हाने नाबार्ड सूं लोन मिल सकै के?,government,government.json
hello bhai jai bajrang bali,greeting,greeting.csv
meri zameen ke liye suitable farming option batao,crop,crop.json
hello friend ji,greeting,greeting.json
इस बार कौन सी खेती करना सबसे अच्छा रहेगा?,crop,crop.json
"मेरे पास सिंचाई की सुविधा नहीं है, कौन सी खेती करूँ?",crop,crop.json
ram ram kcc banwana hai,government,government.json
वर्मी कम्पोस्ट,fertilizer,fertilizer.json
leaf curl virus,disease,disease.json
government se khet ke liye paisa kaise milega,government,government.csv
ग्राम सेवक,government,government.json
latest guar price,market,market.json
need immediate treatment,disease,disease.json
"म्हारे खेत में पिछले साल बाजरा था, अब कांई बोवां?",crop,crop.json
राजस्थान कृषि विभाग की योजनाओं की जानकारी दो,government,government.csv
wholesale,market,market.json
डीएपी कद डालूं,fertilizer,fertilizer.json
चना मंडी भाव,market,market.json
हालत,disease,disease.json
अनार,crop,crop.json
क्या आज ओले पड़ेंगे,weather,weather.csv
help center,general,general.json
मेरे खेत के लिए कौन सा उर्वरक सही रहेगा,fertilizer,fertilizer.json
which crop can survive with less irrigation?,crop,crop.json
kharif,crop,crop.json
millets,crop,crop.json
म्हाने सरसों रो रेट बतावो,market,market.json
which crop is easy to grow for beginners?,crop,crop.json
कम मेहनत और ज्यादा मुनाफा देने वाली खेती कौन सी है?,crop,crop.json
spray kab karna chahiye,disease,disease.json
yeh app kaise kaam karta hai,general,general.csv
retry,general,general.json
jab bhi mujhe confusion ho main tumse puchunga.,general,general.json
tomato,crop,crop.json
guar ki kheti karu,crop,crop.json
